"","X","ID","genus","species","common","group_size","week","grid","treatment","camera","food_item","target","food_present","start","end","hour","duration","duration_mins","light","proximity","investigate","contact","forage","bold","consumed","notes"
"1",1,1,"loxodonta","africana","african_elephant",7,2,"N2","control","N2T1","salt",1,0,"2024-07-31 15:14:20","2024-07-31 15:25:11",15.2388888888889,"0:10:51",10.85,1,1,1,1,1,4,1,"can't see a pile of salt but can see them interacting with the soil"
"2",2,2,"hippopotamus","amphibius","hippopotomas",1,2,"N2","control","N2T1","salt",1,0,"2024-07-31 19:41:50","2024-07-31 19:41:51",19.6972222222222,"0:00:01",0.0166666666666667,0,1,0,0,0,1,0,NA
"3",3,3,"hippopotamus","amphibius","hippopotomas",1,2,"N2","control","N2T1","salt",1,0,"2024-08-01 00:55:36","2024-08-01 00:55:38",0.926666666666667,"0:00:02",0.0333333333333333,0,1,0,0,0,1,0,NA
"4",4,4,"madoqua","guentheri","gunthers_dik_dik",1,2,"N2","control","N2T1","millet",0,1,"2024-08-02 17:16:51","2024-08-02 17:16:52",17.2808333333333,"0:00:01",0.0166666666666667,1,0,0,0,0,0,0,NA
"5",5,5,"madoqua","guentheri","gunthers_dik_dik",1,2,"N2","control","N2T1","millet",0,1,"2024-08-02 17:40:13","2024-08-02 17:46:17",17.6702777777778,"0:06:04",6.06666666666667,1,1,1,0,0,2,0,NA
"6",6,6,"madoqua","guentheri","gunthers_dik_dik",1,2,"N2","control","N2T1","millet",0,1,"2024-08-02 18:31:26","2024-08-02 18:31:27",18.5238888888889,"0:00:01",0.0166666666666667,1,0,0,0,0,0,0,NA
"7",7,7,"madoqua","guentheri","gunthers_dik_dik",2,2,"N2","control","N2T1","millet",0,1,"2024-08-02 19:54:52","2024-08-02 19:54:53",19.9144444444444,"0:00:01",0.0166666666666667,0,0,0,0,0,0,0,NA
"8",8,8,"lepus","lspp","hare",1,2,"N2","control","N2T1","millet",1,1,"2024-08-03 03:08:45","2024-08-03 03:28:59",3.14583333333333,"0:20:14",20.2333333333333,0,1,0,0,0,1,0,NA
"9",9,9,"lepus","lspp","hare",1,2,"N2","control","N2T1","millet",1,1,"2024-08-03 06:02:02","2024-08-03 06:04:17",6.03388888888889,"0:02:15",2.25,0,1,1,0,0,2,0,NA
"10",10,10,"madoqua","guentheri","gunthers_dik_dik",2,2,"N2","control","N2T1","millet",0,1,"2024-08-03 06:41:16","2024-08-03 07:08:33",6.68777777777778,"0:27:17",27.2833333333333,1,1,1,0,0,2,0,NA
"11",11,11,"madoqua","guentheri","gunthers_dik_dik",3,2,"N2","control","N2T1","millet",0,1,"2024-08-03 08:38:54","2024-08-03 08:54:55",8.64833333333333,"0:16:01",16.0166666666667,1,1,0,0,0,1,0,NA
"12",12,12,"madoqua","guentheri","gunthers_dik_dik",1,2,"N2","control","N2T1","millet",0,1,"2024-08-03 23:54:30","2024-08-03 23:54:31",23.9083333333333,"0:00:01",0.0166666666666667,0,0,0,0,0,0,0,NA
"13",13,13,"lepus","lspp","hare",1,2,"N2","control","N2T1","millet",1,1,"2024-08-03 23:54:30","2024-08-03 23:54:31",23.9083333333333,"0:00:01",0.0166666666666667,0,0,0,0,0,0,0,NA
"14",14,14,"crocuta","crocuta","spotted_hyena",2,2,"N2","control","N2T1","millet",0,1,"2024-08-04 01:31:52","2024-08-04 01:46:30",1.53111111111111,"0:14:38",14.6333333333333,0,1,0,0,0,1,0,NA
"15",15,15,"lepus","lspp","hare",2,2,"N2","control","N2T1","millet",1,1,"2024-08-04 04:06:01","2024-08-04 04:19:19",4.10027777777778,"0:13:18",13.3,0,0,0,0,0,0,0,NA
"16",16,16,"lepus","lspp","hare",1,2,"N2","control","N2T1","millet",1,1,"2024-08-04 05:06:00","2024-08-04 05:06:01",5.1,"0:00:01",0.0166666666666667,0,0,0,0,0,0,0,NA
"17",17,17,"madoqua","guentheri","gunthers_dik_dik",3,2,"N2","control","N2T1","millet",0,1,"2024-08-04 06:41:42","2024-08-04 06:46:09",6.695,"0:04:27",4.45,1,1,0,0,0,1,0,NA
"18",18,18,"madoqua","guentheri","gunthers_dik_dik",1,2,"N2","control","N2T1","millet",0,1,"2024-08-04 08:20:47","2024-08-04 08:20:48",8.34638888888889,"0:00:01",0.0166666666666667,1,0,0,0,0,0,0,NA
"19",19,19,"madoqua","guentheri","gunthers_dik_dik",1,2,"N2","control","N2T1","millet",0,1,"2024-08-04 09:18:12","2024-08-04 09:20:03",9.30333333333333,"0:01:51",1.85,1,0,1,0,0,1,0,NA
"20",20,20,"loxodonta","africana","african_elephant",1,2,"N2","control","N2T1","egg",0,1,"2024-08-04 13:49:57","2024-08-04 13:49:58",13.8325,"0:00:01",0.0166666666666667,1,1,1,0,0,2,0,NA
"21",21,21,"loxodonta","africana","african_elephant",1,2,"N2","control","N2T1","egg",0,1,"2024-08-04 14:22:49","2024-08-04 14:22:50",14.3802777777778,"0:00:01",0.0166666666666667,1,1,1,1,1,4,1,NA
"22",22,22,"madoqua","guentheri","gunthers_dik_dik",1,2,"N2","control","N2T1","egg",0,0,"2024-08-04 18:03:06","2024-08-04 18:12:18",18.0516666666667,"0:09:12",9.2,1,0,0,0,0,0,0,NA
"23",23,23,"madoqua","guentheri","gunthers_dik_dik",1,2,"N2","control","N2T1","egg",0,0,"2024-08-04 18:46:54","2024-08-04 18:53:54",18.7816666666667,"0:07:00",7,0,0,0,0,0,0,0,NA
"24",24,24,"lepus","lspp","hare",1,2,"N2","control","N2T1","egg",0,0,"2024-08-04 18:48:26","2024-08-04 18:53:54",18.8072222222222,"0:05:28",5.46666666666667,0,0,0,0,0,0,0,NA
"25",25,25,"crocuta","crocuta","spotted_hyena",1,2,"N2","control","N2T1","egg",1,0,"2024-08-04 19:37:26","2024-08-04 19:37:27",19.6238888888889,"0:00:01",0.0166666666666667,0,1,0,0,0,1,0,NA
"26",26,26,"hippopotamus","amphibius","hippopotomas",1,2,"N2","control","N2T1","egg",0,0,"2024-08-04 20:02:54","2024-08-04 20:02:55",20.0483333333333,"0:00:01",0.0166666666666667,0,1,0,0,0,1,0,NA
"27",27,27,"lepus","lspp","hare",1,2,"N2","control","N2T1","egg",0,0,"2024-08-04 22:28:25","2024-08-04 22:36:44",22.4736111111111,"0:08:19",8.31666666666667,0,0,0,0,0,0,0,NA
"28",28,28,"lepus","lspp","hare",1,2,"N2","control","N2T1","egg",0,0,"2024-08-05 00:49:12","2024-08-05 00:49:13",0.82,"0:00:01",0.0166666666666667,0,0,0,0,0,0,0,NA
"29",29,29,"lepus","lspp","hare",1,2,"N2","control","N2T1","egg",0,0,"2024-08-05 02:38:38","2024-08-05 02:38:39",2.64388888888889,"0:00:01",0.0166666666666667,0,0,0,0,0,0,0,NA
"30",30,30,"lepus","lspp","hare",1,2,"N2","control","N2T1","egg",0,0,"2024-08-05 04:30:56","2024-08-05 04:33:52",4.51555555555556,"0:02:56",2.93333333333333,0,0,0,0,0,0,0,NA
"31",31,31,"hippopotamus","amphibius","hippopotomas",1,2,"N2","control","N2T1","egg",0,1,"2024-08-05 19:56:21","2024-08-05 20:01:37",19.9391666666667,"0:05:16",5.26666666666667,0,1,1,0,0,2,0,NA
"32",32,32,"madoqua","guentheri","gunthers_dik_dik",1,2,"N2","control","N2T1","egg",0,1,"2024-08-06 07:10:28","2024-08-06 07:10:29",7.17444444444445,"0:00:01",0.0166666666666667,1,1,1,0,0,2,0,NA
"33",33,33,"madoqua","guentheri","gunthers_dik_dik",1,2,"N2","control","N2T1","egg",0,1,"2024-08-06 08:40:55","2024-08-06 08:40:55",8.68194444444444,"0:00:01",0.01666667,1,0,0,0,0,0,0,NA
"34",34,34,"madoqua","guentheri","gunthers_dik_dik",3,2,"N2","control","N2T1","egg",0,1,"2024-08-06 15:39:02","2024-08-06 15:46:02",15.6505555555556,"0:07:00",7,1,0,0,0,0,0,0,NA
"35",35,35,"aepyceros","melampus","impala",6,2,"N2","control","N2T2","salt",1,1,"2024-08-01 18:22:28","2024-08-01 18:48:28",18.3744444444444,"0:26:00",26,1,1,1,1,1,4,1,NA
"36",36,36,"aepyceros","melampus","impala",7,2,"N2","control","N2T2","salt",1,1,"2024-08-02 06:05:21","2024-08-02 06:29:22",6.08916666666667,"0:24:01",24.0166666666667,0,1,1,1,1,4,1,NA
"37",37,37,"aepyceros","melampus","impala",3,2,"N2","control","N2T2","salt",1,1,"2024-08-02 08:46:23","2024-08-02 09:08:09",8.77305555555556,"0:21:46",21.7666666666667,1,1,1,1,1,4,1,NA
"38",38,38,"aepyceros","melampus","impala",10,2,"N2","control","N2T2","salt",1,1,"2024-08-02 09:29:48","2024-08-02 09:57:55",9.49666666666667,"0:28:07",28.1166666666667,1,1,1,1,1,4,1,NA
"39",39,39,"aepyceros","melampus","impala",2,2,"N2","control","N2T2","salt",1,1,"2024-08-02 10:42:01","2024-08-02 11:26:51",10.7002777777778,"0:44:50",44.8333333333333,1,1,1,1,1,4,1,NA
"40",40,40,"aepyceros","melampus","impala",2,2,"N2","control","N2T2","salt",1,1,"2024-08-02 11:40:54","2024-08-02 12:07:32",11.6816666666667,"0:26:38",26.6333333333333,1,1,1,1,1,4,1,NA
"41",41,41,"aepyceros","melampus","impala",2,2,"N2","control","N2T2","egg",0,1,"2024-08-02 14:01:20","2024-08-02 14:03:16",14.0222222222222,"0:01:56",1.93333333333333,1,1,1,1,0,4,0,NA
"42",42,42,"madoqua","guentheri","gunthers_dik_dik",2,2,"N2","control","N2T2","egg",0,1,"2024-08-03 18:44:29","2024-08-03 18:57:20",18.7413888888889,"0:12:51",12.85,0,1,1,1,0,3,0,NA
"43",43,43,"loxodonta","africana","african_elephant",4,2,"N2","control","N2T2","egg",0,1,"2024-08-04 13:46:22","2024-08-04 13:57:46",13.7727777777778,"0:11:24",11.4,1,1,1,1,0,4,0,"more interested in leftover salt"
"44",44,44,"tragelaphus","oryx","common_eland",5,2,"N2","control","N2T2","egg",0,1,"2024-08-05 16:06:56","2024-08-05 17:44:02",16.1155555555556,"1:37:06",97.1,1,1,1,1,0,4,0,"more interested in leftover salt"
"45",45,45,"aepyceros","melampus","impala",8,2,"N2","control","N2T2","egg",0,1,"2024-08-05 17:44:33","2024-08-05 18:02:16",17.7425,"0:17:43",17.7166666666667,1,1,1,1,0,4,0,NA
"46",46,46,"aepyceros","melampus","impala",1,2,"N2","control","N2T2","egg",0,1,"2024-08-05 18:47:19","2024-08-05 19:22:11",18.7886111111111,"0:34:52",34.8666666666667,0,1,1,1,0,4,0,NA
"47",47,47,"aepyceros","melampus","impala",1,2,"N2","control","N2T2","egg",0,1,"2024-08-06 09:42:01","2024-08-06 10:10:55",9.70027777777778,"0:28:54",28.9,1,1,1,0,0,2,0,NA
"48",48,48,"madoqua","guentheri","gunthers_dik_dik",3,2,"N2","control","N2T3","salt",1,1,"2024-07-31 14:40:07","2024-07-31 14:50:58",14.6686111111111,"0:10:51",10.85,1,1,1,1,1,4,1,NA
"49",49,49,"madoqua","guentheri","gunthers_dik_dik",1,2,"N2","control","N2T3","salt",1,1,"2024-07-31 16:10:55","2024-07-31 16:21:10",16.1819444444444,"0:10:15",10.25,1,1,1,1,0,4,0,NA
"50",50,50,"madoqua","guentheri","gunthers_dik_dik",1,2,"N2","control","N2T3","salt",1,1,"2024-07-31 16:50:03","2024-07-31 16:50:03",16.8341666666667,"0:00:01",0.01666667,1,0,0,0,0,0,0,NA
"51",51,51,"aepyceros","melampus","impala",1,2,"N2","control","N2T3","salt",1,1,"2024-07-31 16:50:16","2024-07-31 16:50:45",16.8377777777778,"0:00:29",0.483333333333333,1,1,1,0,0,2,0,NA
"52",52,52,"madoqua","guentheri","gunthers_dik_dik",3,2,"N2","control","N2T3","salt",1,1,"2024-07-31 17:15:10","2024-07-31 17:22:16",17.2527777777778,"0:07:06",7.1,1,1,1,1,1,4,1,NA
"53",53,53,"madoqua","guentheri","gunthers_dik_dik",1,2,"N2","control","N2T3","salt",1,1,"2024-07-31 17:40:16","2024-07-31 17:40:19",17.6711111111111,"0:00:03",0.05,1,1,0,0,0,1,0,NA
"54",54,54,"madoqua","guentheri","gunthers_dik_dik",3,2,"N2","control","N2T3","salt",1,1,"2024-07-31 18:05:50","2024-07-31 18:10:08",18.0972222222222,"0:04:18",4.3,1,1,1,1,1,4,1,NA
"55",55,55,"lepus","lspp","hare",1,2,"N2","control","N2T3","salt",0,1,"2024-07-31 19:43:55","2024-07-31 19:55:42",19.7319444444444,"0:11:47",11.7833333333333,0,0,0,0,0,0,0,"no food was present that I could see"
"56",56,56,"crocuta","crocuta","spotted_hyena",1,2,"N2","control","N2T3","salt",0,1,"2024-07-31 21:41:16","2024-07-31 21:41:37",21.6877777777778,"0:00:21",0.35,0,0,0,0,0,0,0,NA
"57",57,57,"lepus","lspp","hare",1,2,"N2","control","N2T3","salt",0,1,"2024-07-31 22:00:22","2024-07-31 22:01:52",22.0061111111111,"0:01:30",1.5,0,1,1,1,0,4,0,NA
"58",58,58,"madoqua","guentheri","gunthers_dik_dik",1,2,"N2","control","N2T3","salt",1,1,"2024-08-01 00:27:40","2024-08-01 00:27:51",0.461111111111111,"0:00:11",0.183333333333333,0,1,1,1,1,4,1,NA
"59",59,59,"lepus","lspp","hare",1,2,"N2","control","N2T3","salt",0,1,"2024-08-01 03:49:03","2024-08-01 03:49:57",3.8175,"0:00:54",0.9,0,1,1,1,1,4,1,NA
"60",60,60,"madoqua","guentheri","gunthers_dik_dik",3,2,"N2","control","N2T3","salt",1,1,"2024-08-01 05:49:03","2024-08-01 05:57:52",5.8175,"0:08:49",8.81666666666667,0,1,1,1,1,4,1,NA
"61",61,61,"madoqua","guentheri","gunthers_dik_dik",1,2,"N2","control","N2T3","salt",1,1,"2024-08-01 10:35:30","2024-08-01 10:47:48",10.5916666666667,"0:12:18",12.3,1,1,1,1,1,4,1,NA
"62",62,62,"aepyceros","melampus","impala",10,2,"N2","control","N2T3","salt",1,1,"2024-08-01 10:47:46","2024-08-01 11:09:53",10.7961111111111,"0:22:07",22.1166666666667,1,1,1,1,1,4,1,NA
"63",63,63,"aepyceros","melampus","impala",12,2,"N2","control","N2T3","salt",1,1,"2024-08-02 07:28:34","2024-08-02 09:32:49",7.47611111111111,"2:04:15",124.25,1,1,1,1,1,4,1,NA
"64",64,64,"madoqua","guentheri","gunthers_dik_dik",3,2,"N2","control","N2T3","salt",1,1,"2024-08-02 10:23:25","2024-08-02 10:30:48",10.3902777777778,"0:07:23",7.38333333333333,1,1,1,1,1,4,1,NA
"65",65,65,"aepyceros","melampus","impala",16,2,"N2","control","N2T3","millet",0,1,"2024-08-02 13:18:07","2024-08-02 13:29:14",13.3019444444444,"0:11:07",11.1166666666667,1,1,1,1,0,3,0,NA
"66",66,66,"aepyceros","melampus","impala",6,2,"N2","control","N2T3","millet",0,1,"2024-08-02 13:47:30","2024-08-02 13:50:57",13.7916666666667,"0:03:27",3.45,1,1,1,0,0,2,0,NA
"67",67,67,"aepyceros","melampus","impala",2,2,"N2","control","N2T3","millet",0,1,"2024-08-02 17:54:50","2024-08-02 18:00:51",17.9138888888889,"0:06:01",6.01666666666667,1,1,1,0,0,2,0,NA
"68",68,68,"lepus","lspp","hare",1,2,"N2","control","N2T3","millet",1,1,"2024-08-03 03:00:53","2024-08-03 03:16:41",3.01472222222222,"0:15:48",15.8,0,0,0,0,0,0,0,NA
"69",69,69,"aepyceros","melampus","impala",4,2,"N2","control","N2T3","millet",0,1,"2024-08-03 07:16:17","2024-08-03 07:16:23",7.27138888888889,"0:00:06",0.1,1,0,0,0,0,0,0,NA
"70",70,70,"aepyceros","melampus","impala",2,2,"N2","control","N2T3","millet",0,1,"2024-08-03 07:39:39","2024-08-03 07:39:45",7.66083333333333,"0:00:06",0.1,1,0,0,0,0,0,0,NA
"71",71,71,"aepyceros","melampus","impala",1,2,"N2","control","N2T3","millet",0,1,"2024-08-03 13:48:44","2024-08-03 14:23:10",13.8122222222222,"0:34:26",34.4333333333333,1,0,0,0,0,0,0,NA
"72",72,72,"aepyceros","melampus","impala",2,2,"N2","control","N2T3","millet",0,1,"2024-08-03 13:48:44","2024-08-03 14:23:10",13.8122222222222,"0:34:26",34.4333333333333,1,0,0,0,0,0,0,NA
"73",73,73,"tragelaphus","oryx","common_eland",6,2,"N2","control","N2T3","millet",0,1,"2024-08-03 14:28:09","2024-08-03 16:29:30",14.4691666666667,"2:01:21",121.35,1,1,1,1,0,4,0,NA
"74",74,74,"madoqua","guentheri","gunthers_dik_dik",2,2,"N2","control","N2T3","egg",0,1,"2024-08-04 16:46:59","2024-08-04 16:47:10",16.7830555555556,"0:00:11",0.183333333333333,1,1,1,1,0,3,0,NA
"75",75,75,"aepyceros","melampus","impala",3,2,"N2","control","N2T3","egg",0,1,"2024-08-05 15:41:03","2024-08-05 15:42:50",15.6841666666667,"0:01:47",1.78333333333333,1,1,1,1,0,3,0,NA
"76",76,76,"tragelaphus","oryx","common_eland",8,2,"N2","control","N2T3","egg",0,1,"2024-08-05 17:45:40","2024-08-05 17:46:51",17.7611111111111,"0:01:11",1.18333333333333,1,1,1,1,0,4,0,NA
"77",77,77,"ichneumia","albicauda","white_tailed_mongoose",1,2,"N2","control","N2T3","egg",1,1,"2024-08-06 05:10:04","2024-08-06 05:10:04",5.16777777777778,"0:00:01",0.01666667,0,1,1,1,1,0,1,"wasn't seen eating egg but took it"
"78",78,78,"ichneumia","albicauda","white_tailed_mongoose",1,2,"N2","control","N2T3","egg",1,1,"2024-08-06 05:13:26","2024-08-06 05:13:31",5.22388888888889,"0:00:05",0.0833333333333333,0,1,1,0,0,2,0,NA
"79",79,79,"madoqua","guentheri","gunthers_dik_dik",1,2,"N2","control","N2T3","egg",0,0,"2024-08-06 15:12:58","2024-08-06 15:18:13",15.2161111111111,"0:05:15",5.25,1,1,1,0,0,2,0,NA
"80",80,80,"aepyceros","melampus","impala",1,2,"N2","control","N2T3","egg",0,1,"2024-09-18 10:21:19","2024-09-18 10:27:50",10.3552777777778,"0:06:31",6.51666666666667,1,1,1,0,0,2,0,NA
"81",81,81,"herpestes","sanguineus","slender_mongoose",1,2,"N2","control","N2T3","egg",1,1,"2024-09-18 10:23:41","2024-09-18 10:23:46",10.3947222222222,"0:00:05",0.0833333333333333,1,1,1,1,0,3,0,"Impala coming back caused mongoose not to forage"
"82",82,82,"hippopotamus","amphibius","hippopotomas",1,2,"N2","control","N2T4","salt",1,1,"2024-07-31 19:03:46","2024-07-31 19:04:26",19.0627777777778,"0:00:40",0.666666666666667,0,1,1,1,0,4,0,NA
"83",83,83,"loxodonta","africana","african_elephant",6,2,"N2","control","N2T4","salt",1,1,"2024-08-01 12:03:38","2024-08-01 12:08:32",12.0605555555556,"0:04:54",4.9,1,1,1,1,0,4,0,NA
"84",84,84,"hippopotamus","amphibius","hippopotomas",1,2,"N2","control","N2T4","salt",1,1,"2024-08-01 20:56:05","2024-08-01 20:57:12",20.9347222222222,"0:01:07",1.11666666666667,1,1,1,1,0,4,0,NA
"85",85,85,"aepyceros","melampus","impala",1,2,"N2","control","N2T4","millet",0,1,"2024-08-02 11:55:08","2024-08-02 11:55:15",11.9188888888889,"0:00:07",0.116666666666667,1,1,1,1,0,3,0,NA
"86",86,86,"hippopotamus","amphibius","hippopotomas",1,2,"N2","control","N2T4","millet",0,1,"2024-08-03 22:56:17","2024-08-04 02:45:02",22.9380555555556,"3:48:45",228.75,1,1,1,1,0,4,0,NA
"87",87,87,"loxodonta","africana","african_elephant",1,2,"N2","control","N2T4","egg",0,1,"2024-08-04 12:55:14","2024-08-04 12:56:22",12.9205555555556,"0:01:08",1.13333333333333,1,1,1,1,0,4,0,NA
"88",88,88,"ichneumia","albicauda","white_tailed_mongoose",1,2,"N2","control","N2T4","egg",1,1,"2024-08-04 21:33:49","2024-08-04 21:35:23",21.5636111111111,"0:01:34",1.56666666666667,0,1,1,1,1,4,1,NA
"89",89,89,"genetta","gspp","genets",1,2,"N2","control","N2T4","egg",1,1,"2024-08-05 02:07:28","2024-08-05 02:07:43",2.12444444444444,"0:00:15",0.25,0,1,1,1,0,4,0,NA
"90",90,90,"loxodonta","africana","african_elephant",6,2,"N2","control","N2T4","egg",0,1,"2024-08-05 16:59:31","2024-08-05 17:21:02",16.9919444444444,"0:21:31",21.5166666666667,1,1,1,1,0,4,0,"put egg in mouth, spit it out, then stepped on it :/"
"91",91,91,"madoqua","guentheri","gunthers_dik_dik",1,2,"N2","control","N2T4","egg",0,1,"2024-08-05 18:59:45","2024-08-05 19:00:08",18.9958333333333,"0:00:23",0.383333333333333,0,1,1,1,0,3,0,NA
"92",92,92,"hippopotamus","amphibius","hippopotomas",1,2,"N2","control","N2T4","egg",0,1,"2024-08-05 19:17:56","2024-08-05 19:32:08",19.2988888888889,"0:14:12",14.2,0,1,1,1,0,4,0,NA
"93",93,93,"madoqua","guentheri","gunthers_dik_dik",1,2,"N2","control","N2T5","salt",1,1,"2024-07-31 10:21:56","2024-07-31 20:22:11",10.3655555555556,"10:00:15",600.25,0,1,1,1,0,3,0,NA
"94",94,94,"aepyceros","melampus","impala",4,2,"N2","control","N2T5","salt",1,1,"2024-07-31 18:25:26","2024-07-31 18:36:54",18.4238888888889,"0:11:28",11.4666666666667,1,1,1,1,1,4,1,NA
"95",95,95,"aepyceros","melampus","impala",6,2,"N2","control","N2T5","salt",1,1,"2024-07-31 19:08:50","2024-07-31 19:10:17",19.1472222222222,"0:01:27",1.45,1,1,1,1,1,4,1,NA
"96",96,96,"lepus","lspp","hare",1,2,"N2","control","N2T5","salt",0,1,"2024-08-01 05:41:12","2024-08-01 05:41:30",5.68666666666667,"0:00:18",0.3,0,1,1,1,0,4,0,NA
"97",97,97,"madoqua","guentheri","gunthers_dik_dik",1,2,"N2","control","N2T5","salt",1,1,"2024-08-01 07:05:07","2024-08-01 07:08:23",7.08527777777778,"0:03:16",3.26666666666667,0,1,1,1,0,4,0,NA
"98",98,98,"madoqua","guentheri","gunthers_dik_dik",1,2,"N2","control","N2T5","salt",1,1,"2024-08-01 09:09:16","2024-08-01 09:19:10",9.15444444444445,"0:09:54",9.9,1,1,1,1,1,4,1,NA
"99",99,99,"madoqua","guentheri","gunthers_dik_dik",1,2,"N2","control","N2T5","salt",1,1,"2024-08-01 11:08:13","2024-08-01 11:15:30",11.1369444444444,"0:07:17",7.28333333333333,1,1,1,1,1,4,1,NA
"100",100,100,"loxodonta","africana","african_elephant",7,2,"N2","control","N2T5","salt",1,1,"2024-08-01 11:31:15","2024-08-01 11:59:46",11.5208333333333,"0:28:31",28.5166666666667,1,1,1,1,1,4,1,NA
"101",101,101,"madoqua","guentheri","gunthers_dik_dik",3,2,"N2","control","N2T5","millet",0,1,"2024-08-02 15:15:19","2024-08-02 15:30:03",15.2552777777778,"0:14:44",14.7333333333333,1,1,1,0,0,2,0,NA
"102",102,102,"loxodonta","africana","african_elephant",3,2,"N2","control","N2T5","millet",0,1,"2024-08-02 15:59:25","2024-08-02 16:11:16",15.9902777777778,"0:11:51",11.85,1,1,1,1,0,4,0,NA
"103",103,103,"madoqua","guentheri","gunthers_dik_dik",3,2,"N2","control","N2T5","millet",0,1,"2024-08-02 16:14:46","2024-08-02 16:32:27",16.2461111111111,"0:17:41",17.6833333333333,1,1,1,1,0,3,0,"came for salt, checked out milet"
"104",104,104,"loxodonta","africana","african_elephant",2,2,"N2","control","N2T5","millet",0,1,"2024-08-02 16:37:49","2024-08-02 16:40:39",16.6302777777778,"0:02:50",2.83333333333333,1,1,1,1,0,4,0,NA
"105",105,105,"madoqua","guentheri","gunthers_dik_dik",1,2,"N2","control","N2T5","millet",0,1,"2024-08-02 17:00:33","2024-08-02 17:00:38",17.0091666666667,"0:00:05",0.0833333333333333,1,1,1,1,0,3,0,NA
"106",106,106,"aepyceros","melampus","impala",1,2,"N2","control","N2T5","millet",0,1,"2024-08-02 18:19:50","2024-08-02 18:20:13",18.3305555555556,"0:00:23",0.383333333333333,1,1,1,1,0,3,0,NA
"107",107,107,"madoqua","guentheri","gunthers_dik_dik",1,2,"N2","control","N2T5","millet",0,1,"2024-08-02 19:23:44","2024-08-02 19:23:53",19.3955555555556,"0:00:09",0.15,1,0,1,1,0,2,0,NA
"108",108,108,"madoqua","guentheri","gunthers_dik_dik",1,2,"N2","control","N2T5","millet",0,1,"2024-08-03 10:09:49","2024-08-03 10:10:15",10.1636111111111,"0:00:26",0.433333333333333,1,0,1,1,0,2,0,NA
"109",109,109,"madoqua","guentheri","gunthers_dik_dik",1,2,"N2","control","N2T5","millet",0,1,"2024-08-04 03:42:13","2024-08-04 03:42:25",3.70361111111111,"0:00:12",0.2,0,1,1,1,0,3,0,NA
"110",110,110,"aepyceros","melampus","impala",1,2,"N2","control","N2T5","egg",0,1,"2024-08-04 18:38:46","2024-08-04 18:39:18",18.6461111111111,"0:00:32",0.533333333333333,1,1,1,1,0,3,0,NA
"111",111,111,"lepus","lspp","hare",1,2,"N2","control","N2T5","egg",0,1,"2024-08-04 21:51:38","2024-08-04 21:51:51",21.8605555555556,"0:00:13",0.216666666666667,0,0,1,1,0,2,0,NA
"112",112,112,"madoqua","guentheri","gunthers_dik_dik",1,2,"N2","control","N2T5","egg",0,1,"2024-08-05 04:33:20","2024-08-05 04:35:42",4.55555555555556,"0:02:22",2.36666666666667,0,0,1,1,0,2,0,NA
"113",113,113,"loxodonta","africana","african_elephant",2,2,"N2","control","N2T5","egg",0,1,"2024-08-05 14:58:19","2024-08-05 14:58:56",14.9719444444444,"0:00:37",0.616666666666667,1,1,1,1,0,4,0,NA
"114",114,114,"aepyceros","melampus","impala",8,2,"N2","control","N2T5","egg",0,1,"2024-08-05 18:43:20","2024-08-05 19:00:30",18.7222222222222,"0:17:10",17.1666666666667,1,1,1,1,0,4,0,NA
"115",115,115,"aepyceros","melampus","impala",1,2,"N2","control","N2T6","salt",1,1,"2024-07-31 16:01:24","2024-07-31 16:01:33",16.0233333333333,"0:00:09",0.15,1,1,1,1,0,3,0,NA
"116",116,116,"madoqua","guentheri","gunthers_dik_dik",1,2,"N2","control","N2T6","salt",1,1,"2024-08-01 10:25:04","2024-08-01 10:26:09",10.4177777777778,"0:01:05",1.08333333333333,1,1,1,1,0,4,0,NA
"117",117,117,"madoqua","guentheri","gunthers_dik_dik",1,2,"N2","control","N2T6","salt",1,1,"2024-08-01 10:28:45","2024-08-01 10:29:04",10.4791666666667,"0:00:19",0.316666666666667,1,1,1,1,0,4,0,NA
"118",118,118,"loxodonta","africana","african_elephant",4,2,"N2","control","N2T6","salt",1,1,"2024-08-01 11:50:47","2024-08-01 12:05:38",11.8463888888889,"0:14:51",14.85,1,1,1,1,1,4,1,NA
"119",119,119,"madoqua","guentheri","gunthers_dik_dik",3,2,"N2","control","N2T6","salt",1,1,"2024-08-01 15:40:26","2024-08-01 16:47:47",15.6738888888889,"1:07:21",67.35,1,1,1,1,1,4,1,NA
"120",120,120,"loxodonta","africana","african_elephant",4,2,"N2","control","N2T6","salt",1,1,"2024-08-03 13:48:31","2024-08-03 13:52:22",13.8086111111111,"0:03:51",3.85,1,1,1,1,1,4,1,"millet day but animal obviously only getting leftover salt"
"121",121,121,"crocuta","crocuta","spotted_hyena",1,2,"N2","control","N2T6","egg",1,1,"2024-08-05 03:49:21","2024-08-05 03:50:36",3.8225,"0:01:15",1.25,0,1,1,1,0,3,0,NA
"122",122,122,"acinonyx","jubatus","cheetah",1,2,"N2","control","N2T7","salt",1,1,"2024-07-31 18:50:58","2024-07-31 18:51:02",18.8494444444444,"0:00:04",0.0666666666666667,0,1,1,0,0,2,0,NA
"123",123,123,"xerus","erythropus","ground_squirrels",1,2,"N2","control","N2T7","salt",0,1,"2024-08-01 12:53:41","2024-08-01 12:53:46",12.8947222222222,"0:00:05",0.0833333333333333,1,1,1,1,0,4,0,NA
"124",124,124,"madoqua","guentheri","gunthers_dik_dik",1,2,"N2","control","N2T7","salt",1,1,"2024-08-01 17:07:25","2024-08-01 17:07:48",17.1236111111111,"0:00:23",0.383333333333333,1,1,1,0,0,2,0,NA
"125",125,125,"madoqua","guentheri","gunthers_dik_dik",1,2,"N2","control","N2T7","salt",1,1,"2024-08-02 05:46:18","2024-08-01 05:46:31",5.77166666666667,"0:00:13",0.216666666666667,0,1,1,0,0,2,0,NA
"126",126,126,"madoqua","guentheri","gunthers_dik_dik",1,2,"N2","control","N2T7","salt",1,1,"2024-08-02 07:39:31","2024-08-02 07:40:01",7.65861111111111,"0:00:30",0.5,1,1,1,0,0,2,0,NA
"127",127,127,"madoqua","guentheri","gunthers_dik_dik",1,2,"N2","control","N2T7","salt",1,1,"2024-08-02 07:44:30","2024-08-02 07:44:36",7.74166666666667,"0:00:06",0.1,1,1,1,0,0,2,0,NA
"128",128,128,"phacochoerus","africanus","common_warthog",1,2,"N2","control","N2T7","salt",1,1,"2024-08-02 08:08:25","2024-08-02 08:08:40",8.14027777777778,"0:00:15",0.25,1,1,1,0,0,2,0,NA
"129",129,129,"madoqua","guentheri","gunthers_dik_dik",1,2,"N2","control","N2T7","millet",0,1,"2024-08-03 00:11:27","2024-08-03 00:11:36",0.190833333333333,"0:00:09",0.15,0,1,1,0,0,2,0,NA
"130",130,130,"crocuta","crocuta","spotted_hyena",1,2,"N2","control","N2T7","millet",0,1,"2024-08-03 02:15:56","2024-08-03 02:16:04",2.26555555555556,"0:00:08",0.133333333333333,0,1,1,1,0,3,0,NA
"131",131,131,"lepus","lspp","hare",1,2,"N2","control","N2T7","millet",1,1,"2024-08-03 03:02:15","2024-08-03 03:02:21",3.0375,"0:00:06",0.1,0,1,1,1,0,3,0,NA
"132",132,132,"crocuta","crocuta","spotted_hyena",1,2,"N2","control","N2T7","millet",0,1,"2024-08-04 01:17:50","2024-08-04 01:18:05",1.29722222222222,"0:00:15",0.25,0,1,1,1,0,3,0,NA
"133",133,133,"madoqua","guentheri","gunthers_dik_dik",1,2,"N2","control","N2T7","millet",0,1,"2024-08-04 10:17:41","2024-08-04 10:18:03",10.2947222222222,"0:00:22",0.366666666666667,1,1,1,1,0,3,0,NA
"134",134,134,"loxodonta","africana","african_elephant",1,2,"N2","control","N2T7","millet",0,1,"2024-08-04 11:50:05","2024-08-04 11:50:14",11.8347222222222,"0:00:09",0.15,1,1,1,1,0,4,0,NA
"135",135,135,"genetta","gspp","genets",1,2,"N2","control","N2T7","egg",1,1,"2024-08-04 22:13:03","2024-08-04 22:13:08",22.2175,"0:00:05",0.0833333333333333,0,1,1,1,0,4,0,NA
"136",136,136,"loxodonta","africana","african_elephant",2,2,"N2","control","N2T7","egg",0,1,"2024-08-05 16:39:12","2024-08-05 16:43:49",16.6533333333333,"0:04:37",4.61666666666667,1,1,1,1,0,4,0,NA
"137",137,137,"herpestes","sanguineus","slender_mongoose",1,2,"N2","control","N2T7","egg",1,1,"2024-08-05 18:43:50","2024-08-05 18:43:55",18.7305555555556,"0:00:05",0.0833333333333333,1,1,1,1,0,4,0,NA
"138",138,138,"herpestes","sanguineus","slender_mongoose",1,2,"N2","control","N2T7","egg",1,1,"2024-08-06 08:46:20","2024-08-06 08:46:25",8.77222222222222,"0:00:05",0.0833333333333333,1,1,1,1,0,3,0,NA
"139",139,139,"aepyceros","melampus","impala",1,2,"N2","control","N2T8","salt",1,1,"2024-07-31 15:15:20","2024-07-31 15:16:07",15.2555555555556,"0:00:47",0.783333333333333,1,1,1,1,0,4,0,NA
"140",140,140,"aepyceros","melampus","impala",9,2,"N2","control","N2T8","salt",1,1,"2024-08-01 07:02:13","2024-08-01 07:15:20",7.03694444444444,"0:13:07",13.1166666666667,1,1,1,1,1,4,1,NA
"141",141,141,"aepyceros","melampus","impala",8,2,"N2","control","N2T8","salt",1,1,"2024-08-01 10:41:43","2024-08-01 11:27:44",10.6952777777778,"0:46:01",46.0166666666667,1,1,1,1,1,4,1,NA
"142",142,142,"aepyceros","melampus","impala",5,2,"N2","control","N2T8","salt",1,1,"2024-08-01 12:24:12","2024-08-01 12:36:51",12.4033333333333,"0:12:39",12.65,1,1,1,1,1,4,1,NA
"143",143,143,"phacochoerus","africanus","common_warthog",1,2,"N2","control","N2T8","salt",1,1,"2024-08-01 12:41:08","2024-08-01 12:42:00",12.6855555555556,"0:00:52",0.866666666666667,1,1,1,1,0,4,0,NA
"144",144,144,"aepyceros","melampus","impala",6,2,"N2","control","N2T8","salt",1,1,"2024-08-01 21:04:06","2024-08-01 21:51:05",21.0683333333333,"0:46:59",46.9833333333333,0,1,1,1,1,4,1,NA
"145",145,145,"aepyceros","melampus","impala",2,2,"N2","control","N2T8","salt",1,1,"2024-08-01 22:39:33","2024-08-01 22:48:49",22.6591666666667,"0:09:16",9.26666666666667,0,1,1,1,1,4,1,NA
"146",146,146,"aepyceros","melampus","impala",3,2,"N2","control","N2T8","salt",1,1,"2024-08-01 23:26:52","2024-08-01 23:43:34",23.4477777777778,"0:16:42",16.7,0,1,1,1,1,4,1,NA
"147",147,147,"aepyceros","melampus","impala",9,2,"N2","control","N2T8","salt",1,1,"2024-08-02 00:03:02","2024-08-02 02:28:12",0.0505555555555556,"2:25:10",145.166666666667,0,1,1,1,1,4,1,NA
"148",148,148,"aepyceros","melampus","impala",5,2,"N2","control","N2T8","salt",1,1,"2024-08-02 02:44:24","2024-08-02 04:15:51",2.74,"1:31:27",91.45,0,1,1,1,1,4,1,NA
"149",149,149,"aepyceros","melampus","impala",5,2,"N2","control","N2T8","salt",1,1,"2024-08-02 05:31:57","2024-08-02 05:57:52",5.5325,"0:25:55",25.9166666666667,0,1,1,1,1,4,1,NA
"150",150,150,"aepyceros","melampus","impala",10,2,"N2","control","N2T8","salt",1,1,"2024-08-02 10:19:20","2024-08-02 12:26:53",10.3222222222222,"2:07:33",127.55,1,1,1,1,1,4,1,NA
"151",151,151,"aepyceros","melampus","impala",7,2,"N2","control","N2T8","millet",0,1,"2024-08-03 13:16:33","2024-08-03 14:05:03",13.2758333333333,"0:48:30",48.5,1,1,1,1,0,4,0,NA
"152",152,152,"aepyceros","melampus","impala",2,2,"N2","control","N2T8","millet",0,1,"2024-08-03 15:53:30","2024-08-03 16:05:03",15.8916666666667,"0:11:33",11.55,1,1,1,1,0,4,0,NA
"153",153,153,"aepyceros","melampus","impala",1,2,"N2","control","N2T8","egg",0,1,"2024-08-04 06:40:13","2024-08-04 06:40:20",6.67027777777778,"0:00:07",0.116666666666667,1,1,1,1,0,3,0,NA
"154",154,154,"aepyceros","melampus","impala",4,2,"N2","control","N2T8","egg",0,1,"2024-08-04 18:09:57","2024-08-04 18:12:15",18.1658333333333,"0:02:18",2.3,1,1,1,1,0,3,0,NA
"155",155,155,"aepyceros","melampus","impala",10,2,"N2","control","N2T9","salt",1,1,"2024-08-01 18:05:02","2024-08-01 18:51:50",18.0838888888889,"0:46:48",46.8,1,1,1,1,1,4,1,NA
"156",156,156,"lepus","lspp","hare",1,2,"N2","control","N2T9","salt",0,1,"2024-08-01 22:04:26","2024-08-01 22:04:32",22.0738888888889,"0:00:06",0.1,0,1,1,1,1,4,1,NA
"157",157,157,"loxodonta","africana","african_elephant",5,2,"N2","control","N2T9","millet",0,1,"2024-08-02 11:57:59","2024-08-02 12:04:23",11.9663888888889,"0:06:24",6.4,1,1,1,1,1,4,1,NA
"158",158,158,"aepyceros","melampus","impala",10,2,"N2","control","N2T9","millet",0,1,"2024-08-03 08:38:44","2024-08-03 09:47:45",8.64555555555556,"1:09:01",69.0166666666667,1,1,1,1,0,4,0,"more interested in leftover salt"
"159",159,159,"aepyceros","melampus","impala",6,2,"N2","control","N2T9","millet",0,1,"2024-08-03 10:34:48","2024-08-03 11:39:40",10.58,"1:04:52",64.8666666666667,1,1,1,1,0,4,0,"more interested in leftover salt"
"160",160,160,"aepyceros","melampus","impala",8,2,"N2","control","N2T9","millet",0,1,"2024-08-03 11:57:46","2024-08-03 13:00:11",11.9627777777778,"1:02:25",62.4166666666667,1,1,1,1,0,4,0,"more interested in leftover salt"
"161",161,161,"madoqua","guentheri","gunthers_dik_dik",1,2,"N2","control","N2T9","millet",0,1,"2024-08-03 19:50:13","2024-08-03 19:50:23",19.8369444444444,"0:00:10",0.166666666666667,0,1,1,1,0,3,0,NA
"162",162,162,"lepus","lspp","hare",3,2,"N2","control","N2T9","millet",1,1,"2024-08-03 18:57:18","2024-08-03 19:53:18",18.955,"0:08:00",8,0,1,1,1,0,3,0,NA
"163",163,163,"aepyceros","melampus","impala",7,2,"N2","control","N2T9","millet",0,1,"2024-08-04 08:30:14","2024-08-04 09:13:11",8.50388888888889,"0:42:57",42.95,1,1,1,1,0,4,0,"more interested in leftover salt"
"164",164,164,"aepyceros","melampus","impala",7,2,"N2","control","N2T9","millet",0,1,"2024-08-04 10:24:08","2024-08-04 11:38:20",10.4022222222222,"1:14:12",74.2,1,1,1,1,1,4,1,"more interested in leftover salt"
"165",165,165,"lepus","lspp","hare",2,2,"N2","control","N2T9","egg",0,1,"2024-08-04 19:57:51","2024-08-04 19:57:56",19.9641666666667,"0:00:05",0.0833333333333333,0,1,1,1,0,3,0,NA
"166",166,166,"lepus","lspp","hare",1,2,"N2","control","N2T9","egg",0,1,"2024-08-05 03:18:18","2024-08-05 03:19:34",3.305,"0:01:16",1.26666666666667,0,1,1,1,0,4,0,NA
"167",167,167,"aepyceros","melampus","impala",2,2,"N2","control","N2T9","egg",0,1,"2024-08-05 08:59:59","2024-08-05 09:44:25",8.99972222222222,"0:44:26",44.4333333333333,1,1,1,1,0,4,0,"more interested in leftover salt"
"168",168,168,"aepyceros","melampus","impala",4,2,"N2","control","N2T9","egg",0,1,"2024-08-05 10:47:06","2024-08-05 11:38:15",10.785,"0:51:09",51.15,1,1,1,1,0,4,0,NA
"169",169,169,"ichneumia","albicauda","white_tailed_mongoose",1,2,"N2","control","N2T10","salt",0,1,"2024-08-02 06:00:51","2024-08-02 06:00:58",6.01416666666667,"0:00:07",0.116666666666667,0,1,1,1,0,4,0,NA
"170",170,170,"madoqua","guentheri","gunthers_dik_dik",2,2,"N2","control","N2T10","salt",1,1,"2024-08-02 07:11:14","2024-08-02 07:24:03",7.18722222222222,"0:12:49",12.8166666666667,0,1,1,1,1,4,1,NA
"171",171,171,"aepyceros","melampus","impala",3,2,"N2","control","N2T10","millet",0,1,"2024-08-03 13:24:08","2024-08-03 13:28:41",13.4022222222222,"0:04:33",4.55,1,1,1,1,0,3,0,NA
"172",172,172,"crocuta","crocuta","spotted_hyena",2,2,"N2","control","N2T10","millet",0,1,"2024-08-04 02:12:32","2024-08-04 02:12:53",2.20888888888889,"0:00:21",0.35,0,1,1,1,0,4,0,NA
"173",173,173,"lepus","lspp","hare",1,2,"N2","control","N2T10","egg",0,1,"2024-08-05 04:08:42","2024-08-05 04:11:30",4.145,"0:02:48",2.8,0,1,1,1,0,4,0,NA
"174",174,174,"canis","mesomelas","black_backed_jackal",2,2,"N2","control","N2T11","salt",0,1,"2024-07-31 08:24:16","2024-07-31 08:24:32",8.40444444444445,"0:00:16",0.266666666666667,1,1,1,1,0,4,0,NA
"175",175,175,"madoqua","guentheri","gunthers_dik_dik",1,2,"N2","control","N2T11","salt",1,1,"2024-07-31 15:22:45","2024-07-31 15:23:20",15.3791666666667,"0:00:35",0.583333333333333,1,1,1,1,0,4,0,NA
"176",176,176,"aepyceros","melampus","impala",1,2,"N2","control","N2T11","salt",1,1,"2024-07-31 16:23:37","2024-07-31 16:23:52",16.3936111111111,"0:00:15",0.25,1,1,1,1,0,4,0,NA
"177",177,177,"crocuta","crocuta","spotted_hyena",1,2,"N2","control","N2T11","salt",0,1,"2024-07-31 21:49:12","2024-07-31 21:49:21",21.82,"0:00:09",0.15,0,1,1,1,0,3,0,NA
"178",178,178,"madoqua","guentheri","gunthers_dik_dik",3,2,"N2","control","N2T11","salt",1,1,"2024-08-01 18:29:23","2024-08-01 18:30:29",18.4897222222222,"0:01:06",1.1,1,1,1,1,1,4,1,NA
"179",179,179,"crocuta","crocuta","spotted_hyena",1,2,"N2","control","N2T11","egg",1,1,"2024-08-04 23:43:12","2024-08-04 23:43:19",23.72,"0:00:07",0.116666666666667,0,1,1,1,0,3,0,NA
"180",180,180,"crocuta","crocuta","spotted_hyena",3,2,"N2","control","N2T11","egg",1,1,"2024-08-05 03:42:55","2024-08-05 03:44:26",3.71527777777778,"0:01:31",1.51666666666667,0,1,1,1,0,4,0,NA
"181",181,181,"lepus","lspp","hare",1,2,"N2","control","N2T11","egg",0,1,"2024-08-05 04:41:02","2024-08-05 04:48:43",4.68388888888889,"0:07:41",7.68333333333333,0,1,1,1,0,4,0,NA
"182",182,182,"lepus","lspp","hare",1,2,"N2","control","N2T11","egg",0,1,"2024-08-05 05:43:13","2024-08-05 05:47:10",5.72027777777778,"0:03:57",3.95,0,1,1,1,0,4,0,NA
"183",183,183,"lepus","lspp","hare",1,2,"N2","control","N2T11","egg",0,1,"2024-08-05 19:32:16","2024-08-05 19:38:37",19.5377777777778,"0:06:21",6.35,0,1,1,1,0,3,0,NA
"184",184,184,"madoqua","guentheri","gunthers_dik_dik",1,2,"N2","control","N2T12","salt",1,1,"2024-07-31 17:36:22","2024-07-31 17:36:28",17.6061111111111,"0:00:06",0.1,1,1,1,1,0,4,0,NA
"185",185,185,"madoqua","guentheri","gunthers_dik_dik",1,2,"N2","control","N2T12","salt",1,1,"2024-08-01 09:21:05","2024-08-01 09:21:13",9.35138888888889,"0:00:08",0.133333333333333,1,1,1,1,0,3,0,NA
"186",186,186,"lepus","lspp","hare",1,2,"N2","control","N2T12","salt",0,1,"2024-08-01 21:29:50","2024-08-01 21:32:40",21.4972222222222,"0:02:50",2.83333333333333,0,1,1,1,0,4,0,NA
"187",187,187,"lepus","lspp","hare",1,2,"N2","control","N2T12","salt",0,1,"2024-08-02 05:53:52","2024-08-02 05:53:57",5.89777777777778,"0:00:05",0.0833333333333333,0,1,1,1,0,4,0,NA
"188",188,188,"aepyceros","melampus","impala",1,2,"N2","control","N2T12","salt",1,1,"2024-08-02 08:24:41","2024-08-02 08:24:44",8.41138888888889,"0:00:03",0.05,1,1,1,1,0,3,0,NA
"189",189,189,"loxodonta","africana","african_elephant",2,2,"N2","control","N2T12","millet",0,1,"2024-08-02 10:48:37","2024-08-02 10:50:09",10.8102777777778,"0:01:32",1.53333333333333,1,1,1,1,0,3,0,NA
"190",190,190,"madoqua","guentheri","gunthers_dik_dik",1,2,"N2","control","N2T12","millet",0,1,"2024-08-02 19:21:55","2024-08-02 19:22:19",19.3652777777778,"0:00:24",0.4,0,1,1,1,0,3,0,NA
"191",191,191,"loxodonta","africana","african_elephant",1,2,"N2","control","N2T12","millet",0,1,"2024-08-03 16:10:18","2024-08-03 16:14:32",16.1716666666667,"0:04:14",4.23333333333333,1,1,1,1,0,4,0,NA
"192",192,192,"crocuta","crocuta","spotted_hyena",1,2,"N2","control","N2T12","millet",0,1,"2024-08-04 01:12:33","2024-08-04 01:13:31",1.20916666666667,"0:00:58",0.966666666666667,0,1,1,1,0,3,0,NA
"193",193,193,"aepyceros","melampus","impala",8,2,"N2","control","N2T12","millet",0,1,"2024-08-04 09:32:46","2024-08-04 12:05:43",9.54611111111111,"2:32:57",152.95,1,1,1,1,1,4,1,NA
"194",194,194,"crocuta","crocuta","spotted_hyena",1,2,"N2","control","N2T12","egg",1,1,"2024-08-05 04:06:35","2024-08-05 04:06:46",4.10972222222222,"0:00:11",0.183333333333333,0,1,1,1,0,4,0,NA
"195",195,195,"herpestes","sanguineus","slender_mongoose",1,2,"S2","human","S2T1","salt",0,1,"2024-07-31 16:56:52","2024-07-31 16:56:54",16.9477777777778,"0:00:02",0.0333333333333333,1,1,1,1,0,4,0,NA
"196",196,196,"madoqua","guentheri","gunthers_dik_dik",1,2,"S2","human","S2T1","salt",1,1,"2024-07-31 17:37:53","2024-07-31 17:38:05",17.6313888888889,"0:00:12",0.2,1,1,1,1,0,3,0,NA
"197",197,197,"aepyceros","melampus","impala",2,2,"S2","human","S2T1","salt",1,1,"2024-07-31 18:26:48","2024-07-31 18:27:00",18.4466666666667,"0:00:12",0.2,1,1,1,1,0,3,0,NA
"198",198,198,"madoqua","guentheri","gunthers_dik_dik",1,2,"S2","human","S2T1","salt",1,1,"2024-08-01 06:20:45","2024-08-01 06:20:55",6.34583333333333,"0:00:10",0.166666666666667,0,1,1,1,0,3,0,NA
"199",199,199,"aepyceros","melampus","impala",6,2,"S2","human","S2T1","salt",1,1,"2024-08-01 15:45:16","2024-08-01 15:46:22",15.7544444444444,"0:01:06",1.1,1,1,1,1,0,3,0,NA
"200",200,200,"madoqua","guentheri","gunthers_dik_dik",1,2,"S2","human","S2T1","salt",1,1,"2024-08-01 16:33:47","2024-08-01 16:33:59",16.5630555555556,"0:00:12",0.2,1,1,1,1,0,4,0,NA
"201",201,201,"herpestes","sanguineus","slender_mongoose",1,2,"S2","human","S2T1","salt",0,1,"2024-08-01 16:50:05","2024-08-01 16:50:10",16.8347222222222,"0:00:05",0.0833333333333333,1,1,1,1,0,3,0,NA
"202",202,202,"lepus","lspp","hare",1,2,"S2","human","S2T1","salt",0,1,"2024-08-01 22:11:12","2024-08-01 22:14:33",22.1866666666667,"0:03:21",3.35,0,1,1,1,0,4,0,NA
"203",203,203,"lepus","lspp","hare",1,2,"S2","human","S2T1","salt",0,1,"2024-08-01 23:54:08","2024-08-02 00:01:13",23.9022222222222,"0:07:05",7.08333333333333,0,1,1,1,1,4,1,NA
"204",204,204,"aepyceros","melampus","impala",4,2,"S2","human","S2T1","salt",1,1,"2024-08-02 12:05:04","2024-08-02 12:16:18",12.0844444444444,"0:11:14",11.2333333333333,1,1,1,1,1,4,1,NA
"205",205,205,"madoqua","guentheri","gunthers_dik_dik",1,2,"S2","human","S2T1","salt",1,1,"2024-08-02 14:45:53","2024-08-02 15:24:32",14.7647222222222,"0:38:39",38.65,1,1,1,1,1,4,1,NA
"206",206,206,"aepyceros","melampus","impala",5,2,"S2","human","S2T1","salt",1,1,"2024-08-02 17:57:55","2024-08-02 18:04:14",17.9652777777778,"0:06:19",6.31666666666667,1,1,1,1,0,4,0,NA
"207",207,207,"lepus","lspp","hare",2,2,"S2","human","S2T1","millet",1,1,"2024-08-02 23:44:09","2024-08-02 23:44:14",23.7358333333333,"0:00:05",0.0833333333333333,0,1,1,1,0,4,0,NA
"208",208,208,"aepyceros","melampus","impala",11,2,"S2","human","S2T1","millet",0,1,"2024-08-03 15:37:13","2024-08-03 16:26:51",15.6202777777778,"0:49:38",49.6333333333333,1,1,1,1,0,4,0,NA
"209",209,209,"aepyceros","melampus","impala",7,2,"S2","human","S2T1","millet",0,1,"2024-08-03 16:45:17","2024-08-03 16:55:07",16.7547222222222,"0:09:50",9.83333333333333,1,1,1,1,0,4,0,NA
"210",210,210,"madoqua","guentheri","gunthers_dik_dik",1,2,"S2","human","S2T1","millet",0,1,"2024-08-04 01:55:28","2024-08-04 01:55:42",1.92444444444444,"0:00:14",0.233333333333333,0,1,1,1,0,4,0,NA
"211",211,211,"equus","grevyi","grevys_zebra",1,2,"S2","human","S2T1","egg",0,1,"2024-08-04 08:36:59","2024-08-04 08:37:19",8.61638888888889,"0:00:20",0.333333333333333,1,1,1,1,0,3,0,"more interested in leftover salt"
"212",212,212,"aepyceros","melampus","impala",2,2,"S2","human","S2T1","egg",0,1,"2024-08-04 11:01:15","2024-08-04 11:01:28",11.0208333333333,"0:00:13",0.216666666666667,1,1,1,1,0,3,0,"more interested in leftover salt"
"213",213,213,"aepyceros","melampus","impala",8,2,"S2","human","S2T1","egg",0,1,"2024-08-04 12:47:45","2024-08-04 13:36:11",12.7958333333333,"0:48:26",48.4333333333333,1,1,1,1,0,4,0,"more interested in leftover salt"
"214",214,214,"aepyceros","melampus","impala",12,2,"S2","human","S2T1","egg",0,1,"2024-08-04 16:09:35","2024-08-04 16:35:10",16.1597222222222,"0:25:35",25.5833333333333,1,1,1,1,0,4,0,"more interested in leftover salt"
"215",215,215,"equus","grevyi","grevys_zebra",1,2,"S2","human","S2T1","egg",0,1,"2024-08-04 16:27:31","2024-08-04 16:49:57",16.4586111111111,"0:22:26",22.4333333333333,1,1,1,1,0,3,0,"more interested in leftover salt"
"216",216,216,"madoqua","guentheri","gunthers_dik_dik",1,2,"S2","human","S2T1","egg",0,1,"2024-08-05 09:25:14","2024-08-05 09:25:36",9.42055555555556,"0:00:22",0.366666666666667,1,1,1,1,0,3,0,NA
"217",217,217,"aepyceros","melampus","impala",1,2,"S2","human","S2T1","egg",0,1,"2024-08-05 16:22:23","2024-08-05 16:24:17",16.3730555555556,"0:01:54",1.9,1,1,1,1,0,3,0,NA
"218",218,218,"aepyceros","melampus","impala",1,2,"S2","human","S2T1","egg",0,1,"2024-08-05 16:56:28","2024-08-05 16:56:32",16.9411111111111,"0:00:04",0.0666666666666667,1,1,1,1,0,3,0,NA
"219",219,219,"madoqua","guentheri","gunthers_dik_dik",1,2,"S2","human","S2T1","egg",0,1,"2024-08-05 18:38:33","2024-08-05 18:49:38",18.6425,"0:11:05",11.0833333333333,1,1,1,1,0,4,0,NA
"220",220,220,"equus","grevyi","grevys_zebra",2,2,"S2","human","S2T1","egg",0,1,"2024-08-05 21:42:59","2024-08-05 21:43:59",21.7163888888889,"0:01:00",1,0,1,1,0,0,2,0,NA
"221",221,221,"madoqua","guentheri","gunthers_dik_dik",1,2,"S2","human","S2T1","egg",0,1,"2024-08-06 10:04:26","2024-08-06 10:04:33",10.0738888888889,"0:00:07",0.116666666666667,1,1,1,1,0,3,0,NA
"222",222,222,"herpestes","sanguineus","slender_mongoose",1,2,"S2","human","S2T1","egg",1,1,"2024-08-06 10:08:44","2024-08-06 10:08:54",10.1455555555556,"0:00:10",0.166666666666667,1,1,1,1,0,4,0,NA
"223",223,223,"aepyceros","melampus","impala",2,2,"S2","human","S2T1","egg",0,1,"2024-08-06 13:02:38","2024-08-06 13:03:21",13.0438888888889,"0:00:43",0.716666666666667,1,1,1,1,0,4,0,NA
"224",224,224,"madoqua","guentheri","gunthers_dik_dik",1,2,"S2","human","S2T2","salt",1,1,"2024-07-31 19:20:38","2024-07-31 19:25:14",19.3438888888889,"0:04:36",4.6,1,1,1,1,0,3,0,NA
"225",225,225,"madoqua","guentheri","gunthers_dik_dik",2,2,"S2","human","S2T2","salt",1,1,"2024-08-01 10:35:30","2024-08-01 10:44:05",10.5916666666667,"0:08:35",8.58333333333333,1,1,1,1,1,4,1,NA
"226",226,226,"madoqua","guentheri","gunthers_dik_dik",2,2,"S2","human","S2T2","salt",1,1,"2024-08-01 11:03:25","2024-08-01 11:19:45",11.0569444444444,"0:16:20",16.3333333333333,1,1,1,1,1,4,1,NA
"227",227,227,"madoqua","guentheri","gunthers_dik_dik",1,2,"S2","human","S2T2","salt",1,1,"2024-08-01 11:45:35","2024-08-01 11:45:36",11.7597222222222,"0:00:01",0.0166666666666667,1,1,1,1,0,3,0,NA
"228",228,228,"madoqua","guentheri","gunthers_dik_dik",2,2,"S2","human","S2T2","salt",1,1,"2024-08-01 13:10:24","2024-08-01 13:45:37",13.1733333333333,"0:35:13",35.2166666666667,1,1,1,1,1,4,1,NA
"229",229,229,"madoqua","guentheri","gunthers_dik_dik",1,2,"S2","human","S2T2","salt",1,1,"2024-08-01 14:10:37","2024-08-01 14:19:46",14.1769444444444,"0:09:09",9.15,1,1,1,1,0,3,0,NA
"230",230,230,"madoqua","guentheri","gunthers_dik_dik",1,2,"S2","human","S2T2","salt",1,1,"2024-08-01 16:49:00","2024-08-01 16:58:00",16.8166666666667,"0:09:00",9,1,1,1,1,1,4,1,NA
"231",231,231,"madoqua","guentheri","gunthers_dik_dik",2,2,"S2","human","S2T2","salt",1,1,"2024-08-01 20:09:06","2024-08-01 20:17:35",20.1516666666667,"0:08:29",8.48333333333333,0,1,1,1,1,4,1,NA
"232",232,232,"madoqua","guentheri","gunthers_dik_dik",1,2,"S2","human","S2T2","salt",1,1,"2024-08-02 00:13:48","2024-08-02 00:22:31",0.23,"0:08:43",8.71666666666667,0,1,1,1,1,4,1,NA
"233",233,233,"madoqua","guentheri","gunthers_dik_dik",1,2,"S2","human","S2T2","salt",1,1,"2024-08-02 01:43:56","2024-08-02 02:03:27",1.73222222222222,"0:19:31",19.5166666666667,0,1,1,1,1,4,1,NA
"234",234,234,"madoqua","guentheri","gunthers_dik_dik",1,2,"S2","human","S2T2","salt",1,1,"2024-08-02 05:14:01","2024-08-02 05:17:19",5.23361111111111,"0:03:18",3.3,0,1,1,1,1,4,1,NA
"235",235,235,"madoqua","guentheri","gunthers_dik_dik",2,2,"S2","human","S2T2","salt",1,1,"2024-08-02 05:55:16","2024-08-02 06:01:38",5.92111111111111,"0:06:22",6.36666666666667,0,1,1,1,1,4,1,NA
"236",236,236,"madoqua","guentheri","gunthers_dik_dik",1,2,"S2","human","S2T2","salt",1,1,"2024-08-02 09:03:38","2024-08-02 09:17:45",9.06055555555556,"0:14:07",14.1166666666667,1,1,1,1,1,4,1,NA
"237",237,237,"madoqua","guentheri","gunthers_dik_dik",1,2,"S2","human","S2T2","salt",1,1,"2024-08-02 10:08:59","2024-08-02 10:16:47",10.1497222222222,"0:07:48",7.8,1,1,1,1,1,4,1,NA
"238",238,238,"madoqua","guentheri","gunthers_dik_dik",2,2,"S2","human","S2T2","salt",1,1,"2024-08-02 10:59:02","2024-08-02 11:21:16",10.9838888888889,"0:22:14",22.2333333333333,1,1,1,1,1,4,1,NA
"239",239,239,"madoqua","guentheri","gunthers_dik_dik",2,2,"S2","human","S2T2","salt",1,1,"2024-08-02 12:13:11","2024-08-02 12:30:02",12.2197222222222,"0:16:51",16.85,1,1,1,1,1,4,1,NA
"240",240,240,"madoqua","guentheri","gunthers_dik_dik",1,2,"S2","human","S2T2","salt",1,1,"2024-08-02 14:27:03","2024-08-02 14:41:45",14.4508333333333,"0:14:42",14.7,1,1,1,1,0,4,0,NA
"241",241,241,"madoqua","guentheri","gunthers_dik_dik",1,2,"S2","human","S2T2","salt",1,1,"2024-08-02 15:19:29","2024-08-02 15:32:44",15.3247222222222,"0:13:15",13.25,1,1,1,1,0,4,0,NA
"242",242,242,"madoqua","guentheri","gunthers_dik_dik",2,2,"S2","human","S2T2","salt",1,1,"2024-08-02 16:21:27","2024-08-02 16:50:39",16.3575,"0:29:12",29.2,1,1,1,1,1,4,1,NA
"243",243,243,"madoqua","guentheri","gunthers_dik_dik",1,2,"S2","human","S2T2","millet",0,1,"2024-08-02 20:17:50","2024-08-02 20:27:58",20.2972222222222,"0:10:08",10.1333333333333,0,1,1,1,0,3,0,NA
"244",244,244,"madoqua","guentheri","gunthers_dik_dik",1,2,"S2","human","S2T2","millet",0,1,"2024-08-02 23:50:20","2024-08-03 00:02:28",23.8388888888889,"0:12:08",12.1333333333333,0,1,1,1,0,4,0,NA
"245",245,245,"madoqua","guentheri","gunthers_dik_dik",1,2,"S2","human","S2T2","millet",0,1,"2024-08-03 01:07:39","2024-08-03 01:27:22",1.1275,"0:19:43",19.7166666666667,0,1,1,1,0,3,0,NA
"246",246,246,"madoqua","guentheri","gunthers_dik_dik",1,2,"S2","human","S2T2","millet",0,1,"2024-08-03 14:36:09","2024-08-03 14:37:15",14.6025,"0:01:06",1.1,1,1,1,1,0,3,0,NA
"247",247,247,"madoqua","guentheri","gunthers_dik_dik",1,2,"S2","human","S2T2","millet",0,1,"2024-08-03 16:30:43","2024-08-03 16:31:50",16.5119444444444,"0:01:07",1.11666666666667,1,1,1,1,0,3,0,NA
"248",248,248,"madoqua","guentheri","gunthers_dik_dik",1,2,"S2","human","S2T2","millet",0,1,"2024-08-03 16:54:30","2024-08-03 16:58:02",16.9083333333333,"0:03:32",3.53333333333333,1,1,1,1,0,4,0,NA
"249",249,249,"aepyceros","melampus","impala",8,2,"S2","human","S2T2","egg",0,1,"2024-08-04 12:27:40","2024-08-04 12:57:22",12.4611111111111,"0:29:42",29.7,1,1,1,1,0,4,0,NA
"250",250,250,"madoqua","guentheri","gunthers_dik_dik",1,2,"S2","human","S2T2","egg",0,1,"2024-08-04 14:50:45","2024-08-04 15:04:23",14.8458333333333,"0:13:38",13.6333333333333,1,1,1,1,0,3,0,NA
"251",251,251,"madoqua","guentheri","gunthers_dik_dik",1,2,"S2","human","S2T2","egg",0,1,"2024-08-04 20:25:41","2024-08-04 20:26:47",20.4280555555556,"0:01:06",1.1,0,1,1,1,0,3,0,NA
"252",252,252,"crocuta","crocuta","spotted_hyena",1,2,"S2","human","S2T2","egg",1,1,"2024-08-05 06:44:37","2024-08-05 06:44:39",6.74361111111111,"0:00:02",0.0333333333333333,0,1,1,1,0,4,0,NA
"253",253,253,"equus","grevyi","grevys_zebra",2,2,"S2","human","S2T2","egg",0,1,"2024-08-05 07:59:19","2024-08-05 08:37:45",7.98861111111111,"0:38:26",38.4333333333333,1,1,1,1,0,4,0,NA
"254",254,254,"madoqua","guentheri","gunthers_dik_dik",1,2,"S2","human","S2T2","egg",0,1,"2024-08-05 18:48:32","2024-08-05 18:50:43",18.8088888888889,"0:02:11",2.18333333333333,1,1,1,1,0,3,0,NA
"255",255,255,"madoqua","guentheri","gunthers_dik_dik",1,2,"S2","human","S2T2","egg",0,1,"2024-08-05 20:08:37","2024-08-05 20:08:38",20.1436111111111,"0:00:01",0.0166666666666667,0,1,1,1,0,3,0,NA
"256",256,256,"madoqua","guentheri","gunthers_dik_dik",1,2,"S2","human","S2T2","egg",0,1,"2024-08-06 09:23:07","2024-08-06 09:23:09",9.38527777777778,"0:00:02",0.0333333333333333,1,1,1,1,0,3,0,NA
"257",257,257,"madoqua","guentheri","gunthers_dik_dik",2,2,"S2","human","S2T3","salt",1,1,"2024-07-31 17:46:25","2024-08-02 17:47:27",17.7736111111111,"0:01:02",1.03333333333333,1,1,1,1,0,3,0,NA
"258",258,258,"genetta","gspp","genets",1,2,"S2","human","S2T3","salt",0,1,"2024-07-31 20:43:58","2024-07-31 20:44:00",20.7327777777778,"0:00:02",0.0333333333333333,0,1,0,0,0,1,0,NA
"259",259,259,"genetta","gspp","genets",1,2,"S2","human","S2T3","salt",0,1,"2024-07-31 22:23:53","2024-07-31 22:23:55",22.3980555555556,"0:00:02",0.0333333333333333,0,1,0,0,0,1,0,NA
"260",260,260,"lepus","lspp","hare",1,2,"S2","human","S2T3","salt",0,1,"2024-08-01 00:58:32","2024-08-01 01:01:25",0.975555555555556,"0:02:53",2.88333333333333,0,1,1,1,0,4,0,NA
"261",261,261,"aepyceros","melampus","impala",1,2,"S2","human","S2T3","salt",1,1,"2024-08-01 04:22:43","2024-08-01 04:22:44",4.37861111111111,"0:00:01",0.0166666666666667,0,1,0,0,0,1,0,NA
"262",262,262,"lepus","lspp","hare",1,2,"S2","human","S2T3","salt",0,1,"2024-08-01 05:46:05","2024-08-01 05:46:06",5.76805555555556,"0:00:01",0.0166666666666667,0,1,0,0,0,1,0,NA
"263",263,263,"madoqua","guentheri","gunthers_dik_dik",3,2,"S2","human","S2T3","salt",1,1,"2024-08-01 08:44:04","2024-08-01 08:50:43",8.73444444444444,"0:06:39",6.65,1,1,0,0,0,1,0,NA
"264",264,264,"madoqua","guentheri","gunthers_dik_dik",2,2,"S2","human","S2T3","salt",1,1,"2024-08-01 17:39:53","2024-08-01 17:58:03",17.6647222222222,"0:18:10",18.1666666666667,1,1,0,0,0,1,0,NA
"265",265,265,"genetta","gspp","genets",1,2,"S2","human","S2T3","salt",0,1,"2024-08-01 22:40:18","2024-08-01 22:40:23",22.6716666666667,"0:00:05",0.0833333333333333,0,1,0,0,0,1,0,NA
"266",266,266,"ichneumia","albicauda","white_tailed_mongoose",1,2,"S2","human","S2T3","salt",0,1,"2024-08-02 01:41:14","2024-08-02 01:41:25",1.68722222222222,"0:00:11",0.183333333333333,0,1,0,0,0,1,0,NA
"267",267,267,"crocuta","crocuta","spotted_hyena",1,2,"S2","human","S2T3","salt",0,1,"2024-08-02 01:52:11","2024-08-02 01:52:23",1.86972222222222,"0:00:12",0.2,0,1,1,0,0,2,0,NA
"268",268,268,"madoqua","guentheri","gunthers_dik_dik",1,2,"S2","human","S2T3","salt",1,1,"2024-08-02 06:09:12","2024-08-02 06:09:27",6.15333333333333,"0:00:15",0.25,0,1,1,1,0,3,0,NA
"269",269,269,"madoqua","guentheri","gunthers_dik_dik",1,2,"S2","human","S2T3","salt",1,1,"2024-08-02 08:34:30","2024-08-02 08:49:40",8.575,"0:15:10",15.1666666666667,1,1,0,0,0,1,0,NA
"270",270,270,"madoqua","guentheri","gunthers_dik_dik",3,2,"S2","human","S2T3","salt",1,1,"2024-08-02 09:05:46","2024-08-02 09:30:39",9.09611111111111,"0:24:53",24.8833333333333,1,1,1,1,1,4,1,NA
"271",271,271,"madoqua","guentheri","gunthers_dik_dik",3,2,"S2","human","S2T3","salt",1,1,"2024-08-02 10:49:18","2024-08-02 11:17:03",10.8216666666667,"0:27:45",27.75,1,1,1,1,1,4,1,NA
"272",272,272,"madoqua","guentheri","gunthers_dik_dik",2,2,"S2","human","S2T3","salt",1,1,"2024-08-02 12:32:08","2024-08-02 12:35:17",12.5355555555556,"0:03:09",3.15,1,1,1,1,1,4,1,NA
"273",273,273,"madoqua","guentheri","gunthers_dik_dik",2,2,"S2","human","S2T3","salt",1,1,"2024-08-02 12:50:06","2024-08-02 12:51:20",12.835,"0:01:14",1.23333333333333,1,1,1,1,1,4,1,NA
"274",274,274,"aepyceros","melampus","impala",11,2,"S2","human","S2T3","salt",1,1,"2024-08-02 12:58:24","2024-08-02 13:06:47",12.9733333333333,"0:08:23",8.38333333333333,1,1,1,1,1,4,1,NA
"275",275,275,"madoqua","guentheri","gunthers_dik_dik",3,2,"S2","human","S2T3","salt",1,1,"2024-08-02 14:30:43","2024-08-02 15:30:33",14.5119444444444,"0:59:50",59.8333333333333,1,1,1,1,1,4,1,NA
"276",276,276,"madoqua","guentheri","gunthers_dik_dik",3,2,"S2","human","S2T3","salt",1,1,"2024-08-02 14:30:43","2024-08-02 15:30:33",14.5119444444444,"0:59:50",59.8333333333333,1,1,1,1,1,4,1,NA
"277",277,277,"madoqua","guentheri","gunthers_dik_dik",3,2,"S2","human","S2T3","millet",0,1,"2024-08-02 17:43:52","2024-08-02 18:49:18",17.7311111111111,"1:05:26",65.4333333333333,1,1,1,0,0,2,0,"interested in leftover salt"
"278",278,278,"mus","mspp","nocturnal_rodent",1,2,"S2","human","S2T3","millet",1,1,"2024-08-02 19:35:47","2024-08-02 19:35:52",19.5963888888889,"0:00:05",0.0833333333333333,0,0,0,0,0,0,0,"hedgehog"
"279",279,279,"mus","mspp","nocturnal_rodent",1,2,"S2","human","S2T3","millet",1,1,"2024-08-02 22:54:45","2024-08-02 22:55:45",22.9125,"0:01:00",1,0,0,0,0,0,0,0,"hedgehog"
"280",280,280,"mus","mspp","nocturnal_rodent",1,2,"S2","human","S2T3","millet",1,1,"2024-08-02 23:17:24","2024-08-02 23:17:29",23.29,"0:00:05",0.0833333333333333,0,0,0,0,0,0,0,NA
"281",281,281,"lepus","lspp","hare",1,2,"S2","human","S2T3","millet",1,1,"2024-08-03 00:13:15","2024-08-03 00:14:43",0.220833333333333,"0:01:28",1.46666666666667,0,0,0,0,0,0,0,NA
"282",282,282,"madoqua","guentheri","gunthers_dik_dik",3,2,"S2","human","S2T3","millet",0,1,"2024-08-03 00:52:38","2024-08-03 01:27:43",0.877222222222222,"0:35:05",35.0833333333333,0,1,0,0,0,1,0,NA
"283",283,283,"proteles","cristata","aardwolf",1,2,"S2","human","S2T3","millet",0,1,"2024-08-03 01:35:59","2024-08-03 01:40:08",1.59972222222222,"0:04:09",4.15,0,1,1,0,0,2,0,NA
"284",284,284,"crocuta","crocuta","spotted_hyena",1,2,"S2","human","S2T3","millet",0,1,"2024-08-03 03:58:01","2024-08-03 03:58:05",3.96694444444444,"0:00:04",0.0666666666666667,0,1,0,0,0,1,0,NA
"285",285,285,"madoqua","guentheri","gunthers_dik_dik",2,2,"S2","human","S2T3","millet",0,1,"2024-08-03 07:59:52","2024-08-03 08:30:12",7.99777777777778,"0:30:20",30.3333333333333,1,1,0,0,0,1,0,NA
"286",286,286,"madoqua","guentheri","gunthers_dik_dik",2,2,"S2","human","S2T3","millet",0,1,"2024-08-03 09:56:13","2024-08-03 10:48:10",9.93694444444444,"0:51:57",51.95,1,1,0,0,0,1,0,NA
"287",287,287,"madoqua","guentheri","gunthers_dik_dik",2,2,"S2","human","S2T3","millet",0,1,"2024-08-03 11:33:06","2024-08-03 11:46:01",11.5516666666667,"0:12:55",12.9166666666667,1,1,1,1,1,4,1,"also interested in the old salt"
"288",288,288,"madoqua","guentheri","gunthers_dik_dik",3,2,"S2","human","S2T3","millet",0,1,"2024-08-03 17:58:22","2024-08-03 18:46:16",17.9727777777778,"0:47:54",47.9,1,1,1,1,0,4,0,"more interested in the old salt"
"289",289,289,"crocuta","crocuta","spotted_hyena",1,2,"S2","human","S2T3","millet",0,1,"2024-08-03 18:46:32","2024-08-03 18:46:38",18.7755555555556,"0:00:06",0.1,0,1,0,0,0,1,0,NA
"290",290,290,"madoqua","guentheri","gunthers_dik_dik",2,2,"S2","human","S2T3","millet",0,1,"2024-08-03 19:10:53","2024-08-03 19:15:19",19.1813888888889,"0:04:26",4.43333333333333,0,1,1,0,0,2,0,NA
"291",291,291,"mus","mspp","nocturnal_rodent",1,2,"S2","human","S2T3","millet",1,1,"2024-08-03 22:27:02","2024-08-03 22:27:03",22.4505555555556,"0:00:01",0.0166666666666667,0,0,0,0,0,0,0,"hedgehog"
"292",292,292,"lepus","lspp","hare",1,2,"S2","human","S2T3","millet",1,1,"2024-08-04 00:54:20","2024-08-04 00:57:05",0.905555555555556,"0:02:45",2.75,0,1,1,1,1,4,1,NA
"293",293,293,"madoqua","guentheri","gunthers_dik_dik",2,2,"S2","human","S2T3","millet",0,1,"2024-08-04 01:59:24","2024-08-04 02:31:12",1.99,"0:31:48",31.8,0,1,1,0,0,2,0,NA
"294",294,294,"mus","mspp","nocturnal_rodent",1,2,"S2","human","S2T3","millet",1,1,"2024-08-04 05:16:51","2024-08-04 05:17:07",5.28083333333333,"0:00:16",0.266666666666667,0,1,0,0,0,1,0,NA
"295",295,295,"madoqua","guentheri","gunthers_dik_dik",3,2,"S2","human","S2T3","millet",0,1,"2024-08-04 08:05:40","2024-08-04 08:13:13",8.09444444444444,"0:07:33",7.55,1,1,0,0,0,1,0,NA
"296",296,296,"herpestes","sanguineus","slender_mongoose",1,2,"S2","human","S2T3","millet",0,1,"2024-08-04 08:13:22","2024-08-04 08:13:25",8.22277777777778,"0:00:03",0.05,1,1,1,1,0,3,0,NA
"297",297,297,"madoqua","guentheri","gunthers_dik_dik",3,2,"S2","human","S2T3","millet",0,1,"2024-08-04 08:20:36","2024-08-04 08:23:53",8.34333333333333,"0:03:17",3.28333333333333,1,1,0,0,0,1,0,NA
"298",298,298,"chlorocebus","pygerythrus","vervet_monkey",1,2,"S2","human","S2T4","egg",0,1,"2024-08-05 15:51:48","2024-08-05 15:55:28",15.8633333333333,"0:03:40",3.66666666666667,1,1,1,1,0,4,0,NA
"299",299,299,"madoqua","guentheri","gunthers_dik_dik",1,2,"S2","human","S2T5","salt",1,1,"2024-07-31 18:23:40","2024-07-31 18:23:46",18.3944444444444,"0:00:06",0.1,1,1,1,1,0,3,0,NA
"300",300,300,"madoqua","guentheri","gunthers_dik_dik",1,2,"S2","human","S2T5","salt",1,1,"2024-07-31 19:20:02","2024-07-31 19:20:39",19.3338888888889,"0:00:37",0.616666666666667,0,1,1,1,1,4,1,NA
"301",301,301,"aepyceros","melampus","impala",1,2,"S2","human","S2T5","salt",1,1,"2024-08-01 15:49:56","2024-08-01 15:55:32",15.8322222222222,"0:05:36",5.6,1,1,1,1,1,4,1,NA
"302",302,302,"aepyceros","melampus","impala",10,2,"S2","human","S2T5","salt",1,1,"2024-08-01 20:25:04","2024-08-01 21:01:14",20.4177777777778,"0:36:10",36.1666666666667,0,1,1,1,1,4,1,NA
"303",303,303,"crocuta","crocuta","spotted_hyena",1,2,"S2","human","S2T5","salt",0,1,"2024-08-02 01:56:11","2024-08-02 01:56:25",1.93638888888889,"0:00:14",0.233333333333333,0,1,1,1,0,4,0,NA
"304",304,304,"aepyceros","melampus","impala",7,2,"S2","human","S2T5","salt",1,1,"2024-08-02 05:34:48","2024-08-02 05:58:06",5.58,"0:23:18",23.3,0,1,1,1,1,4,1,NA
"305",305,305,"aepyceros","melampus","impala",15,2,"S2","human","S2T5","salt",1,1,"2024-08-02 06:24:55","2024-08-02 06:50:09",6.41527777777778,"0:25:14",25.2333333333333,1,1,1,1,1,4,1,NA
"306",306,306,"aepyceros","melampus","impala",15,2,"S2","human","S2T5","salt",1,1,"2024-08-02 08:06:21","2024-08-02 08:22:48",8.10583333333333,"0:16:27",16.45,1,1,1,1,1,4,1,NA
"307",307,307,"madoqua","guentheri","gunthers_dik_dik",1,2,"S2","human","S2T5","salt",1,1,"2024-08-02 10:45:36","2024-08-02 10:46:22",10.76,"0:00:46",0.766666666666667,1,1,1,1,0,4,0,NA
"308",308,308,"aepyceros","melampus","impala",1,2,"S2","human","S2T5","salt",1,1,"2024-08-02 12:41:33","2024-08-02 13:31:10",12.6925,"0:49:37",49.6166666666667,1,1,1,1,1,4,1,NA
"309",309,309,"aepyceros","melampus","impala",4,2,"S2","human","S2T5","salt",1,1,"2024-08-02 13:49:14","2024-08-02 13:53:18",13.8205555555556,"0:04:04",4.06666666666667,1,1,1,1,1,4,1,NA
"310",310,310,"aepyceros","melampus","impala",1,2,"S2","human","S2T5","millet",0,1,"2024-08-02 17:35:03","2024-08-02 17:37:34",17.5841666666667,"0:02:31",2.51666666666667,1,1,1,1,0,3,0,NA
"311",311,311,"aepyceros","melampus","impala",8,2,"S2","human","S2T5","millet",0,1,"2024-08-03 06:17:42","2024-08-03 07:28:35",6.295,"1:10:53",70.8833333333333,1,1,1,1,0,4,0,NA
"312",312,312,"aepyceros","melampus","impala",1,2,"S2","human","S2T5","millet",0,1,"2024-08-03 07:50:49","2024-08-03 08:06:58",7.84694444444444,"0:16:09",16.15,1,1,1,1,0,4,0,NA
"313",313,313,"aepyceros","melampus","impala",12,2,"S2","human","S2T5","millet",0,1,"2024-08-03 08:25:29","2024-08-03 08:43:00",8.42472222222222,"0:17:31",17.5166666666667,1,1,1,1,0,4,0,NA
"314",314,314,"aepyceros","melampus","impala",1,2,"S2","human","S2T5","millet",0,1,"2024-08-03 11:39:16","2024-08-03 11:41:32",11.6544444444444,"0:02:16",2.26666666666667,1,1,1,1,0,4,0,NA
"315",315,315,"aepyceros","melampus","impala",12,2,"S2","human","S2T5","millet",0,1,"2024-08-03 14:01:30","2024-08-03 14:24:34",14.025,"0:23:04",23.0666666666667,1,1,1,1,0,4,0,NA
"316",316,316,"aepyceros","melampus","impala",6,2,"S2","human","S2T5","millet",0,1,"2024-08-03 17:45:25","2024-08-03 17:53:06",17.7569444444444,"0:07:41",7.68333333333333,1,1,1,1,0,4,0,NA
"317",317,317,"lepus","lspp","hare",1,2,"S2","human","S2T5","millet",1,1,"2024-08-04 01:40:14","2024-08-04 01:40:54",1.67055555555556,"0:00:40",0.666666666666667,0,1,1,1,0,3,0,NA
"318",318,318,"lepus","lspp","hare",1,2,"S2","human","S2T5","millet",1,1,"2024-08-04 05:43:50","2024-08-04 05:48:17",5.73055555555556,"0:04:27",4.45,0,1,1,1,0,4,0,NA
"319",319,319,"aepyceros","melampus","impala",1,2,"S2","human","S2T5","millet",0,1,"2024-08-04 06:29:55","2024-08-04 06:30:09",6.49861111111111,"0:00:14",0.233333333333333,1,1,1,1,0,3,0,NA
"320",320,320,"aepyceros","melampus","impala",13,2,"S2","human","S2T5","millet",0,1,"2024-08-04 07:43:33","2024-08-04 08:39:31",7.72583333333333,"0:55:58",55.9666666666667,1,1,1,1,0,4,0,NA
"321",321,321,"aepyceros","melampus","impala",1,2,"S2","human","S2T5","egg",0,1,"2024-08-04 10:28:43","2024-08-04 10:28:57",10.4786111111111,"0:00:14",0.233333333333333,1,1,1,0,0,2,0,NA
"322",322,322,"aepyceros","melampus","impala",9,2,"S2","human","S2T5","egg",0,1,"2024-08-04 16:56:11","2024-08-04 16:58:34",16.9363888888889,"0:02:23",2.38333333333333,1,1,1,1,0,4,0,NA
"323",323,323,"canis","mesomelas","black_backed_jackal",1,2,"S2","human","S2T5","egg",1,1,"2024-08-05 00:39:29","2024-08-05 00:40:48",0.658055555555556,"0:01:19",1.31666666666667,0,1,1,1,0,4,0,NA
"324",324,324,"aepyceros","melampus","impala",13,2,"S2","human","S2T5","egg",0,1,"2024-08-05 06:10:56","2024-08-05 06:41:44",6.18222222222222,"0:30:48",30.8,1,1,1,1,0,4,0,NA
"325",325,325,"aepyceros","melampus","impala",8,2,"S2","human","S2T5","egg",0,1,"2024-08-05 09:53:55","2024-08-05 10:11:15",9.89861111111111,"0:17:20",17.3333333333333,1,1,1,1,0,4,0,NA
"326",326,326,"aepyceros","melampus","impala",15,2,"S2","human","S2T5","egg",0,1,"2024-08-05 15:21:02","2024-08-05 15:21:49",15.3505555555556,"0:00:47",0.783333333333333,1,1,1,1,0,4,0,NA
"327",327,327,"canis","mesomelas","black_backed_jackal",1,2,"S2","human","S2T5","egg",1,1,"2024-08-06 08:10:10","2024-08-06 08:10:37",8.16944444444444,"0:00:27",0.45,1,1,1,1,0,4,0,NA
"328",328,328,"aepyceros","melampus","impala",8,2,"S2","human","S2T6","salt",1,1,"2024-07-31 17:11:40","2024-07-31 17:21:20",17.1944444444444,"0:09:40",9.66666666666667,1,1,1,1,1,4,1,NA
"329",329,329,"crocuta","crocuta","spotted_hyena",1,2,"S2","human","S2T6","salt",0,1,"2024-07-31 19:23:20","2024-07-31 19:23:46",19.3888888888889,"0:00:26",0.433333333333333,0,1,1,1,0,4,0,NA
"330",330,330,"aepyceros","melampus","impala",1,2,"S2","human","S2T6","salt",1,1,"2024-08-02 08:32:04","2024-08-02 08:33:13",8.53444444444444,"0:01:09",1.15,1,1,1,1,1,4,1,NA
"331",331,331,"aepyceros","melampus","impala",1,2,"S2","human","S2T6","millet",0,1,"2024-08-02 17:51:16","2024-08-02 18:10:53",17.8544444444444,"0:19:37",19.6166666666667,1,1,1,1,0,4,0,NA
"332",332,332,"loxodonta","africana","african_elephant",3,2,"S2","human","S2T6","millet",0,1,"2024-08-02 22:26:07","2024-08-02 22:28:28",22.4352777777778,"0:02:21",2.35,0,1,1,1,0,4,0,NA
"333",333,333,"canis","mesomelas","black_backed_jackal",1,2,"S2","human","S2T6","millet",0,1,"2024-08-03 06:22:01","2024-08-03 06:22:05",6.36694444444444,"0:00:04",0.0666666666666667,0,1,1,1,0,4,0,NA
"334",334,334,"lepus","lspp","hare",1,2,"S2","human","S2T6","millet",1,1,"2024-08-04 00:45:48","2024-08-04 00:57:07",0.763333333333333,"0:11:19",11.3166666666667,0,1,1,1,0,4,0,NA
"335",335,335,"crocuta","crocuta","spotted_hyena",1,2,"S2","human","S2T6","egg",1,1,"2024-08-05 04:50:40","2024-08-05 04:51:25",4.84444444444444,"0:00:45",0.75,0,1,1,1,0,3,0,NA
"336",336,336,"crocuta","crocuta","spotted_hyena",1,2,"S2","human","S2T6","egg",1,1,"2024-08-05 19:46:14","2024-08-05 19:46:25",19.7705555555556,"0:00:11",0.183333333333333,0,1,1,1,0,4,0,NA
"337",337,337,"aepyceros","melampus","impala",2,2,"S2","human","S2T7","salt",1,1,"2024-08-01 17:32:33","2024-08-01 17:33:22",17.5425,"0:00:49",0.816666666666667,1,1,1,1,1,4,1,NA
"338",338,338,"madoqua","guentheri","gunthers_dik_dik",1,2,"S2","human","S2T7","millet",0,1,"2024-08-03 13:32:58","2024-08-03 13:33:20",13.5494444444444,"0:00:22",0.366666666666667,1,1,1,0,0,2,0,NA
"339",339,339,"hyaena","hyaena","striped_hyena",1,2,"S2","human","S2T7","millet",0,1,"2024-08-03 17:23:21","2024-08-03 17:23:40",17.3891666666667,"0:00:19",0.316666666666667,1,1,0,0,0,1,0,NA
"340",340,340,"mus","mspp","nocturnal_rodent",1,2,"S2","human","S2T7","millet",1,1,"2024-08-04 01:36:43","2024-08-04 01:36:55",1.61194444444444,"0:00:12",0.2,0,1,0,0,0,1,0,NA
"341",341,341,"lepus","lspp","hare",1,2,"S2","human","S2T7","millet",1,1,"2024-08-04 03:30:19","2024-08-04 03:30:21",3.50527777777778,"0:00:02",0.0333333333333333,0,1,0,0,0,1,0,NA
"342",342,342,"lepus","lspp","hare",1,2,"S2","human","S2T7","millet",1,1,"2024-08-04 04:35:44","2024-08-04 04:35:47",4.59555555555556,"0:00:03",0.05,0,0,0,0,0,0,0,NA
"343",343,343,"madoqua","guentheri","gunthers_dik_dik",3,2,"S2","human","S2T7","egg",0,0,"2024-08-04 08:11:07","2024-08-04 08:14:55",8.18527777777778,"0:03:48",3.8,1,1,1,0,0,2,0,NA
"344",344,344,"madoqua","guentheri","gunthers_dik_dik",1,2,"S2","human","S2T7","egg",0,1,"2024-08-04 13:37:36","2024-08-04 13:37:48",13.6266666666667,"0:00:12",0.2,1,1,1,0,0,2,0,NA
"345",345,345,"madoqua","guentheri","gunthers_dik_dik",1,2,"S2","human","S2T7","egg",0,1,"2024-08-05 18:24:22","2024-08-05 18:24:28",18.4061111111111,"0:00:06",0.1,1,1,1,0,0,2,0,NA
"346",346,346,"madoqua","guentheri","gunthers_dik_dik",2,2,"S2","human","S2T8","salt",1,1,"2024-07-31 17:18:10","2024-07-31 17:27:48",17.3027777777778,"0:09:38",9.63333333333333,1,1,1,1,0,4,0,NA
"347",347,347,"madoqua","guentheri","gunthers_dik_dik",2,2,"S2","human","S2T8","salt",1,1,"2024-07-31 18:23:03","2024-07-31 18:32:38",18.3841666666667,"0:09:35",9.58333333333333,1,1,1,1,0,4,0,NA
"348",348,348,"crocuta","crocuta","spotted_hyena",1,2,"S2","human","S2T8","salt",0,1,"2024-07-31 19:29:34","2024-07-31 19:39:37",19.4927777777778,"0:10:03",10.05,0,1,1,1,0,4,0,NA
"349",349,349,"madoqua","guentheri","gunthers_dik_dik",1,2,"S2","human","S2T8","salt",1,1,"2024-08-01 00:20:03","2024-08-01 00:29:55",0.334166666666667,"0:09:52",9.86666666666667,0,1,1,1,0,4,0,NA
"350",350,350,"madoqua","guentheri","gunthers_dik_dik",3,2,"S2","human","S2T8","salt",1,1,"2024-08-01 10:50:56","2024-08-01 11:15:57",10.8488888888889,"0:25:01",25.0166666666667,1,1,1,1,1,4,1,NA
"351",351,351,"madoqua","guentheri","gunthers_dik_dik",2,2,"S2","human","S2T8","salt",1,1,"2024-08-01 15:08:19","2024-08-01 15:20:34",15.1386111111111,"0:12:15",12.25,1,1,1,1,0,3,0,NA
"352",352,352,"madoqua","guentheri","gunthers_dik_dik",2,2,"S2","human","S2T8","millet",0,1,"2024-08-02 09:45:26","2024-08-02 10:10:12",9.75722222222222,"0:24:46",24.7666666666667,1,1,1,1,1,4,1,NA
"353",353,353,"madoqua","guentheri","gunthers_dik_dik",1,2,"S2","human","S2T8","millet",0,1,"2024-08-02 12:26:46","2024-08-02 12:28:12",12.4461111111111,"0:01:26",1.43333333333333,1,1,1,1,1,4,1,NA
"354",354,354,"madoqua","guentheri","gunthers_dik_dik",1,2,"S2","human","S2T8","millet",0,1,"2024-08-02 13:08:34","2024-08-02 13:23:31",13.1427777777778,"0:14:57",14.95,1,1,1,1,1,4,1,NA
"355",355,355,"madoqua","guentheri","gunthers_dik_dik",1,2,"S2","human","S2T8","millet",0,1,"2024-08-04 01:39:32","2024-08-04 01:44:36",1.65888888888889,"0:05:04",5.06666666666667,0,1,1,1,0,4,0,NA
"356",356,356,"madoqua","guentheri","gunthers_dik_dik",1,2,"S2","human","S2T8","millet",0,1,"2024-08-04 03:48:59","2024-08-04 03:49:18",3.81638888888889,"0:00:19",0.316666666666667,0,1,1,1,0,4,0,NA
"357",357,357,"madoqua","guentheri","gunthers_dik_dik",1,2,"S2","human","S2T8","millet",0,1,"2024-08-04 09:29:51","2024-08-04 09:30:16",9.4975,"0:00:25",0.416666666666667,1,1,1,1,0,4,0,NA
"358",358,358,"madoqua","guentheri","gunthers_dik_dik",2,2,"S2","human","S2T8","egg",0,1,"2024-08-04 16:28:35","2024-08-04 16:40:23",16.4763888888889,"0:11:48",11.8,1,1,1,1,0,4,0,NA
"359",359,359,"madoqua","guentheri","gunthers_dik_dik",1,2,"S2","human","S2T8","egg",0,1,"2024-08-04 17:06:06","2024-08-04 17:10:59",17.1016666666667,"0:04:53",4.88333333333333,1,1,1,1,0,4,0,NA
"360",360,360,"madoqua","guentheri","gunthers_dik_dik",2,2,"S2","human","S2T8","egg",0,1,"2024-08-04 17:50:41","2024-08-04 18:19:04",17.8447222222222,"0:28:23",28.3833333333333,1,1,1,1,0,4,0,NA
"361",361,361,"hyaena","hyaena","striped_hyena",1,2,"S2","human","S2T8","egg",1,1,"2024-08-04 19:14:44","2024-08-04 19:15:33",19.2455555555556,"0:00:49",0.816666666666667,0,1,1,1,0,4,0,NA
"362",362,362,"aepyceros","melampus","impala",6,2,"S2","human","S2T8","egg",0,1,"2024-08-05 08:19:43","2024-08-05 08:21:01",8.32861111111111,"0:01:18",1.3,1,1,1,1,0,3,0,NA
"363",363,363,"madoqua","guentheri","gunthers_dik_dik",2,2,"S2","human","S2T8","egg",0,1,"2024-08-05 09:54:05","2024-08-05 10:01:26",9.90138888888889,"0:07:21",7.35,1,1,1,1,0,4,0,NA
"364",364,364,"madoqua","guentheri","gunthers_dik_dik",2,2,"S2","human","S2T8","egg",0,1,"2024-08-05 19:12:42","2024-08-05 19:22:15",19.2116666666667,"0:09:33",9.55,0,1,1,1,0,4,0,NA
"365",365,365,"aepyceros","melampus","impala",3,2,"S2","human","S2T9","salt",1,1,"2024-08-01 00:41:14","2024-08-01 00:44:46",0.687222222222222,"0:03:32",3.53333333333333,0,1,1,1,1,4,1,NA
"366",366,366,"madoqua","guentheri","gunthers_dik_dik",2,2,"S2","human","S2T9","salt",1,1,"2024-08-01 07:01:57","2024-08-01 07:02:02",7.0325,"0:00:05",0.0833333333333333,0,1,1,1,0,3,0,NA
"367",367,367,"aepyceros","melampus","impala",12,2,"S2","human","S2T9","salt",1,1,"2024-08-01 19:10:17","2024-08-01 19:55:50",19.1713888888889,"0:45:33",45.55,1,1,1,1,1,4,1,NA
"368",368,368,"madoqua","guentheri","gunthers_dik_dik",2,2,"S2","human","S2T9","salt",1,1,"2024-08-02 04:48:58","2024-08-02 04:51:01",4.81611111111111,"0:02:03",2.05,0,1,1,1,1,4,1,NA
"369",369,369,"aepyceros","melampus","impala",25,2,"S2","human","S2T9","salt",1,1,"2024-08-02 08:23:06","2024-08-02 09:59:21",8.385,"1:36:15",96.25,1,1,1,1,1,4,1,NA
"370",370,370,"aepyceros","melampus","impala",1,2,"S2","human","S2T9","salt",1,1,"2024-08-02 11:27:49","2024-08-02 11:48:51",11.4636111111111,"0:21:02",21.0333333333333,1,1,1,1,1,4,1,NA
"371",371,371,"xerus","rutilus","ground_squirrels",1,2,"S2","human","S2T9","salt",0,1,"2024-08-02 12:42:04","2024-08-02 12:42:09",12.7011111111111,"0:00:05",0.0833333333333333,1,1,1,1,0,4,0,NA
"372",372,372,"aepyceros","melampus","impala",16,2,"S2","human","S2T9","salt",1,1,"2024-08-02 12:49:57","2024-08-02 13:22:04",12.8325,"0:32:07",32.1166666666667,1,1,1,1,1,4,1,NA
"373",373,373,"madoqua","guentheri","gunthers_dik_dik",2,2,"S2","human","S2T9","salt",1,1,"2024-08-02 13:30:47","2024-08-02 13:30:53",13.5130555555556,"0:00:06",0.1,1,1,1,1,0,4,0,NA
"374",374,374,"aepyceros","melampus","impala",7,2,"S2","human","S2T9","salt",1,1,"2024-08-02 14:26:22","2024-08-02 14:31:37",14.4394444444444,"0:05:15",5.25,1,1,1,1,1,4,1,NA
"375",375,375,"equus","grevyi","grevys_zebra",1,2,"S2","human","S2T9","millet",0,1,"2024-08-02 19:08:09","2024-08-02 19:35:49",19.1358333333333,"0:27:40",27.6666666666667,1,1,1,1,0,3,0,"more interested in leftover salt"
"376",376,376,"madoqua","guentheri","gunthers_dik_dik",2,2,"S2","human","S2T9","millet",0,1,"2024-08-02 19:53:03","2024-08-02 19:59:13",19.8841666666667,"0:06:10",6.16666666666667,0,1,1,1,0,3,0,NA
"377",377,377,"lepus","lspp","hare",1,2,"S2","human","S2T9","millet",1,1,"2024-08-03 05:42:34","2024-08-03 05:42:37",5.70944444444444,"0:00:03",0.05,0,1,1,1,0,3,0,NA
"378",378,378,"aepyceros","melampus","impala",25,2,"S2","human","S2T9","millet",0,1,"2024-08-03 07:19:31","2024-08-03 07:35:06",7.32527777777778,"0:15:35",15.5833333333333,0,1,1,1,0,3,0,NA
"379",379,379,"madoqua","guentheri","gunthers_dik_dik",1,2,"S2","human","S2T9","millet",0,1,"2024-08-03 08:14:20","2024-08-03 08:15:10",8.23888888888889,"0:00:50",0.833333333333333,1,1,1,1,0,4,0,NA
"380",380,380,"equus","grevyi","grevys_zebra",1,2,"S2","human","S2T9","millet",0,1,"2024-08-03 08:48:15","2024-08-03 09:03:00",8.80416666666667,"0:14:45",14.75,1,1,1,1,0,4,0,"more interested in leftover salt"
"381",381,381,"aepyceros","melampus","impala",13,2,"S2","human","S2T9","millet",0,1,"2024-08-03 10:17:16","2024-08-03 10:19:08",10.2877777777778,"0:01:52",1.86666666666667,1,1,1,1,0,3,0,"more interested in leftover salt"
"382",382,382,"equus","grevyi","grevys_zebra",1,2,"S2","human","S2T9","millet",0,1,"2024-08-03 10:18:50","2024-08-03 10:39:01",10.3138888888889,"0:20:11",20.1833333333333,1,1,1,1,0,3,0,"more interested in leftover salt"
"383",383,383,"aepyceros","melampus","impala",27,2,"S2","human","S2T9","millet",0,1,"2024-08-03 11:42:38","2024-08-03 13:01:55",11.7105555555556,"1:19:17",79.2833333333333,1,1,1,1,0,4,0,"more interested in leftover salt"
"384",384,384,"equus","grevyi","grevys_zebra",1,2,"S2","human","S2T9","millet",0,1,"2024-08-03 13:34:37","2024-08-03 13:36:31",13.5769444444444,"0:01:54",1.9,1,1,1,1,0,4,0,"more interested in leftover salt"
"385",385,385,"aepyceros","melampus","impala",1,2,"S2","human","S2T9","millet",0,1,"2024-08-03 16:15:54","2024-08-03 16:17:31",16.265,"0:01:37",1.61666666666667,1,1,1,1,0,4,0,"more interested in leftover salt"
"386",386,386,"madoqua","guentheri","gunthers_dik_dik",2,2,"S2","human","S2T9","millet",0,1,"2024-08-04 07:27:42","2024-08-04 07:28:17",7.46166666666667,"0:00:35",0.583333333333333,1,1,1,1,0,4,0,"more interested in leftover salt"
"387",387,387,"aepyceros","melampus","impala",8,2,"S2","human","S2T9","millet",0,1,"2024-08-04 08:37:19","2024-08-04 09:13:25",8.62194444444444,"0:36:06",36.1,1,1,1,1,0,4,0,"more interested in leftover salt"
"388",388,388,"equus","grevyi","grevys_zebra",1,2,"S2","human","S2T9","millet",0,1,"2024-08-04 13:05:30","2024-08-04 13:13:24",13.0916666666667,"0:07:54",7.9,1,1,1,1,0,4,0,"more interested in leftover salt"
"389",389,389,"equus","grevyi","grevys_zebra",1,2,"S2","human","S2T9","egg",0,1,"2024-08-04 19:18:36","2024-08-04 19:20:41",19.31,"0:02:05",2.08333333333333,1,1,1,1,0,3,0,NA
"390",390,390,"madoqua","guentheri","gunthers_dik_dik",1,2,"S2","human","S2T9","egg",0,1,"2024-08-04 19:59:57","2024-08-04 20:00:15",19.9991666666667,"0:00:18",0.3,0,1,1,1,0,3,0,NA
"391",391,391,"lepus","lspp","hare",1,2,"S2","human","S2T9","egg",0,1,"2024-08-04 22:54:04","2024-08-04 22:54:09",22.9011111111111,"0:00:05",0.0833333333333333,0,1,1,1,0,3,0,NA
"392",392,392,"canis","mesomelas","black_backed_jackal",2,2,"S2","human","S2T9","egg",1,1,"2024-08-05 06:58:15","2024-08-05 06:58:21",6.97083333333333,"0:00:06",0.1,0,1,0,0,0,1,0,NA
"393",393,393,"aepyceros","melampus","impala",1,2,"S2","human","S2T9","egg",0,1,"2024-08-05 10:41:04","2024-08-05 10:43:08",10.6844444444444,"0:02:04",2.06666666666667,1,1,1,1,0,3,0,NA
"394",394,394,"equus","grevyi","grevys_zebra",1,2,"S2","human","S2T9","egg",0,1,"2024-08-05 13:17:37","2024-08-05 13:48:21",13.2936111111111,"0:30:44",30.7333333333333,1,1,1,1,0,3,0,NA
"395",395,395,"equus","grevyi","grevys_zebra",1,2,"S2","human","S2T9","egg",0,1,"2024-08-05 20:01:55","2024-08-05 20:02:18",20.0319444444444,"0:00:23",0.383333333333333,0,1,1,1,0,3,0,NA
"396",396,396,"equus","grevyi","grevys_zebra",1,2,"S2","human","S2T9","egg",0,1,"2024-08-06 11:32:22","2024-08-06 11:32:40",11.5394444444444,"0:00:18",0.3,1,1,1,1,0,3,0,NA
"397",397,397,"madoqua","guentheri","gunthers_dik_dik",2,2,"S2","human","S2T10","salt",1,1,"2024-07-31 17:48:56","2024-07-31 17:49:49",17.8155555555556,"0:00:53",0.883333333333333,1,1,1,1,1,4,1,NA
"398",398,398,"xerus","erythropus","ground_squirrels",1,2,"S2","human","S2T10","salt",0,1,"2024-08-01 12:12:22","2024-08-01 12:12:24",12.2061111111111,"0:00:02",0.0333333333333333,1,1,0,0,0,1,0,NA
"399",399,399,"madoqua","guentheri","gunthers_dik_dik",2,2,"S2","human","S2T10","salt",1,1,"2024-08-01 12:18:22","2024-08-01 12:29:08",12.3061111111111,"0:10:46",10.7666666666667,1,1,1,1,1,4,1,NA
"400",400,400,"madoqua","guentheri","gunthers_dik_dik",1,2,"S2","human","S2T10","salt",1,1,"2024-08-01 13:12:18","2024-08-01 13:12:20",13.205,"0:00:02",0.0333333333333333,1,0,0,0,0,0,0,NA
"401",401,401,"madoqua","guentheri","gunthers_dik_dik",2,2,"S2","human","S2T10","salt",1,1,"2024-08-01 18:02:45","2024-08-01 18:22:44",18.0458333333333,"0:19:59",19.9833333333333,1,1,1,1,1,4,1,NA
"402",402,402,"madoqua","guentheri","gunthers_dik_dik",2,2,"S2","human","S2T10","salt",1,1,"2024-08-02 09:26:23","2024-08-02 09:35:46",9.43972222222222,"0:09:23",9.38333333333333,1,1,1,1,1,4,1,"the metadata states that the food item should be millet for this day, but salt is still here from previous day and millet has not been set up"
"403",403,403,"madoqua","guentheri","gunthers_dik_dik",2,2,"S2","human","S2T10","millet",0,1,"2024-08-02 16:39:40","2024-08-02 16:51:01",16.6611111111111,"0:11:21",11.35,1,1,1,0,0,2,0,NA
"404",404,404,"madoqua","guentheri","gunthers_dik_dik",1,2,"S2","human","S2T10","millet",0,1,"2024-08-02 17:29:43","2024-08-02 17:33:37",17.4952777777778,"0:03:54",3.9,1,1,1,0,0,2,0,NA
"405",405,405,"madoqua","guentheri","gunthers_dik_dik",1,2,"S2","human","S2T10","millet",0,1,"2024-08-02 17:53:56","2024-08-02 18:00:19",17.8988888888889,"0:06:23",6.38333333333333,1,1,1,0,0,2,0,NA
"406",406,406,"madoqua","guentheri","gunthers_dik_dik",2,2,"S2","human","S2T10","millet",0,1,"2024-08-02 18:16:08","2024-08-02 18:23:50",18.2688888888889,"0:07:42",7.7,1,1,1,0,0,2,0,NA
"407",407,407,"madoqua","guentheri","gunthers_dik_dik",1,2,"S2","human","S2T10","millet",0,1,"2024-08-03 10:15:35","2024-08-03 10:16:19",10.2597222222222,"0:00:44",0.733333333333333,1,1,1,0,0,2,0,"within 30 seconds of the last frame of the dik dik, a human is seen walking over and checking the millet"
"408",408,408,"xerus","erythropus","ground_squirrels",1,2,"S2","human","S2T10","millet",1,1,"2024-08-03 12:25:46","2024-08-03 12:25:52",12.4294444444444,"0:00:06",0.1,1,0,0,0,0,0,0,NA
"409",409,409,"xerus","erythropus","ground_squirrels",1,2,"S2","human","S2T10","millet",1,1,"2024-08-03 13:43:16","2024-08-03 13:50:31",13.7211111111111,"0:07:15",7.25,1,1,1,1,1,4,1,NA
"410",410,410,"madoqua","guentheri","gunthers_dik_dik",1,2,"S2","human","S2T10","millet",0,1,"2024-08-03 13:46:50","2024-08-03 13:47:43",13.7805555555556,"0:00:53",0.883333333333333,1,1,1,1,1,4,1,NA
"411",411,411,"madoqua","guentheri","gunthers_dik_dik",1,2,"S2","human","S2T10","millet",0,1,"2024-08-03 14:03:03","2024-08-03 14:07:33",14.0508333333333,"0:04:30",4.5,1,1,1,0,0,2,0,NA
"412",412,412,"xerus","erythropus","ground_squirrels",1,2,"S2","human","S2T10","millet",1,1,"2024-08-03 14:13:35","2024-08-03 14:18:32",14.2263888888889,"0:04:57",4.95,1,1,1,1,1,4,1,NA
"413",413,413,"xerus","erythropus","ground_squirrels",1,2,"S2","human","S2T10","millet",1,1,"2024-08-03 14:45:43","2024-08-03 14:49:40",14.7619444444444,"0:03:57",3.95,1,1,1,1,1,4,1,NA
"414",414,414,"xerus","erythropus","ground_squirrels",1,2,"S2","human","S2T10","millet",1,1,"2024-08-03 15:44:13","2024-08-03 15:48:49",15.7369444444444,"0:04:36",4.6,1,1,1,1,1,4,1,NA
"415",415,415,"madoqua","guentheri","gunthers_dik_dik",2,2,"S2","human","S2T10","millet",0,1,"2024-08-04 08:22:15","2024-08-04 08:28:22",8.37083333333333,"0:06:07",6.11666666666667,1,1,1,0,0,2,0,"still has millet from previous day even though on metasheet it says the day should have egg"
"416",416,416,"xerus","erythropus","ground_squirrels",1,2,"S2","human","S2T10","egg",0,1,"2024-08-04 13:25:04","2024-08-04 13:28:39",13.4177777777778,"0:03:35",3.58333333333333,1,1,1,0,0,2,0,NA
"417",417,417,"xerus","erythropus","ground_squirrels",1,2,"S2","human","S2T10","egg",0,1,"2024-08-05 14:38:57","2024-08-05 14:39:41",14.6491666666667,"0:00:44",0.733333333333333,1,1,1,1,0,3,0,NA
"418",418,418,"madoqua","guentheri","gunthers_dik_dik",3,2,"S2","human","S2T11","salt",1,1,"2024-07-31 17:11:11","2024-07-31 17:47:29",17.1863888888889,"0:36:18",36.3,1,1,1,1,1,4,1,NA
"419",419,419,"madoqua","guentheri","gunthers_dik_dik",2,2,"S2","human","S2T11","salt",1,1,"2024-07-31 18:22:28","2024-07-31 18:31:08",18.3744444444444,"0:08:40",8.66666666666667,1,1,1,1,1,4,1,NA
"420",420,420,"crocuta","crocuta","spotted_hyena",1,2,"S2","human","S2T11","salt",0,1,"2024-07-31 21:37:47","2024-07-31 21:37:51",21.6297222222222,"0:00:04",0.0666666666666667,0,1,0,0,0,1,0,NA
"421",421,421,"equus","grevyi","grevys_zebra",2,2,"S2","human","S2T11","salt",1,1,"2024-07-31 23:31:27","2024-07-31 23:31:42",23.5241666666667,"0:00:15",0.25,0,1,0,0,0,1,0,NA
"422",422,422,"madoqua","guentheri","gunthers_dik_dik",1,2,"S2","human","S2T11","salt",1,1,"2024-08-01 12:43:03","2024-08-01 12:53:22",12.7175,"0:10:19",10.3166666666667,1,1,1,1,0,4,0,NA
"423",423,423,"madoqua","guentheri","gunthers_dik_dik",1,2,"S2","human","S2T11","salt",1,1,"2024-08-01 13:27:19","2024-08-01 13:36:43",13.4552777777778,"0:09:24",9.4,1,1,1,1,1,4,1,NA
"424",424,424,"madoqua","guentheri","gunthers_dik_dik",2,2,"S2","human","S2T11","salt",1,1,"2024-08-01 14:14:30","2024-08-01 14:14:36",14.2416666666667,"0:00:06",0.1,1,1,1,1,1,4,1,NA
"425",425,425,"aepyceros","melampus","impala",1,2,"S2","human","S2T11","salt",1,1,"2024-08-01 17:54:13","2024-08-01 17:54:20",17.9036111111111,"0:00:07",0.116666666666667,1,1,1,1,0,4,0,NA
"426",426,426,"madoqua","guentheri","gunthers_dik_dik",3,2,"S2","human","S2T11","salt",1,1,"2024-08-01 18:36:06","2024-08-01 18:37:18",18.6016666666667,"0:01:12",1.2,1,1,1,1,0,3,0,NA
"427",427,427,"aepyceros","melampus","impala",2,2,"S2","human","S2T11","salt",1,1,"2024-08-02 07:25:30","2024-08-02 07:25:41",7.425,"0:00:11",0.183333333333333,1,1,1,1,0,3,0,NA
"428",428,428,"madoqua","guentheri","gunthers_dik_dik",2,2,"S2","human","S2T11","salt",1,1,"2024-08-02 07:57:35","2024-08-02 08:01:04",7.95972222222222,"0:03:29",3.48333333333333,1,1,1,1,0,4,0,NA
"429",429,429,"madoqua","guentheri","gunthers_dik_dik",3,2,"S2","human","S2T11","salt",1,1,"2024-08-02 13:01:40","2024-08-02 13:14:49",13.0277777777778,"0:13:09",13.15,1,1,1,1,1,4,1,NA
"430",430,430,"madoqua","guentheri","gunthers_dik_dik",2,2,"S2","human","S2T11","millet",0,1,"2024-08-02 13:56:10","2024-08-02 13:56:30",13.9361111111111,"0:00:20",0.333333333333333,1,1,1,1,0,3,0,NA
"431",431,431,"aepyceros","melampus","impala",3,2,"S2","human","S2T11","millet",0,1,"2024-08-02 16:16:27","2024-08-02 16:23:12",16.2741666666667,"0:06:45",6.75,1,1,1,1,0,3,0,NA
"432",432,432,"madoqua","guentheri","gunthers_dik_dik",1,2,"S2","human","S2T11","millet",0,1,"2024-08-02 16:39:19","2024-08-02 16:47:04",16.6552777777778,"0:07:45",7.75,1,1,1,1,0,3,0,NA
"433",433,433,"aepyceros","melampus","impala",1,2,"S2","human","S2T11","millet",0,1,"2024-08-02 17:04:37","2024-08-02 17:05:04",17.0769444444444,"0:00:27",0.45,1,1,1,1,0,4,0,NA
"434",434,434,"madoqua","guentheri","gunthers_dik_dik",1,2,"S2","human","S2T11","millet",0,1,"2024-08-02 23:11:00","2024-08-02 23:11:10",23.1833333333333,"0:00:10",0.166666666666667,0,1,0,0,0,1,0,NA
"435",435,435,"madoqua","guentheri","gunthers_dik_dik",2,2,"S2","human","S2T11","millet",0,1,"2024-08-02 23:27:54","2024-08-03 00:20:25",23.465,"0:52:31",52.5166666666667,0,1,1,1,0,3,0,NA
"436",436,436,"ictonyx","striatus","zorilla",1,2,"S2","human","S2T11","millet",0,1,"2024-08-03 03:00:24","2024-08-03 03:01:01",3.00666666666667,"0:00:37",0.616666666666667,0,1,1,1,0,3,0,NA
"437",437,437,"madoqua","guentheri","gunthers_dik_dik",1,2,"S2","human","S2T11","millet",0,1,"2024-08-03 05:42:57","2024-08-03 05:43:46",5.71583333333333,"0:00:49",0.816666666666667,0,1,1,1,0,3,0,NA
"438",438,438,"aepyceros","melampus","impala",1,2,"S2","human","S2T11","millet",0,1,"2024-08-03 05:56:36","2024-08-03 05:56:47",5.94333333333333,"0:00:11",0.183333333333333,0,1,0,0,0,1,0,NA
"439",439,439,"madoqua","guentheri","gunthers_dik_dik",1,2,"S2","human","S2T11","millet",0,1,"2024-08-03 06:04:43","2024-08-03 06:23:57",6.07861111111111,"0:19:14",19.2333333333333,0,1,1,1,0,3,0,NA
"440",440,440,"aepyceros","melampus","impala",1,2,"S2","human","S2T11","millet",0,1,"2024-08-03 06:38:36","2024-08-03 06:39:28",6.64333333333333,"0:00:52",0.866666666666667,1,1,1,1,0,3,0,NA
"441",441,441,"madoqua","guentheri","gunthers_dik_dik",1,2,"S2","human","S2T11","millet",0,1,"2024-08-03 07:08:44","2024-08-03 07:33:16",7.14555555555556,"0:24:32",24.5333333333333,1,1,1,1,0,4,0,NA
"442",442,442,"madoqua","guentheri","gunthers_dik_dik",1,2,"S2","human","S2T11","millet",0,1,"2024-08-03 07:50:03","2024-08-03 07:50:18",7.83416666666667,"0:00:15",0.25,1,1,1,1,0,4,0,NA
"443",443,443,"madoqua","guentheri","gunthers_dik_dik",2,2,"S2","human","S2T11","millet",0,1,"2024-08-03 12:18:40","2024-08-03 12:25:46",12.3111111111111,"0:07:06",7.1,1,1,1,1,0,4,0,NA
"444",444,444,"madoqua","guentheri","gunthers_dik_dik",4,2,"S2","human","S2T11","millet",0,1,"2024-08-03 16:39:01","2024-08-03 16:54:26",16.6502777777778,"0:15:25",15.4166666666667,1,1,1,1,0,4,0,NA
"445",445,445,"madoqua","guentheri","gunthers_dik_dik",2,2,"S2","human","S2T11","millet",0,1,"2024-08-03 18:40:39","2024-08-03 18:45:28",18.6775,"0:04:49",4.81666666666667,0,1,1,1,0,4,0,NA
"446",446,446,"civettictis","civetta","genets",1,2,"S2","human","S2T11","millet",0,1,"2024-08-03 22:23:57","2024-08-03 22:24:01",22.3991666666667,"0:00:04",0.0666666666666667,0,1,0,0,0,1,0,NA
"447",447,447,"giraffa","camelopardalis","reticulated_giraffe",1,2,"S2","human","S2T11","millet",0,1,"2024-08-04 00:34:37","2024-08-04 00:34:40",0.576944444444444,"0:00:03",0.05,0,1,0,0,0,1,0,NA
"448",448,448,"madoqua","guentheri","gunthers_dik_dik",1,2,"S2","human","S2T11","millet",0,1,"2024-08-04 03:13:24","2024-08-04 03:14:27",3.22333333333333,"0:01:03",1.05,0,1,1,1,0,3,0,NA
"449",449,449,"madoqua","guentheri","gunthers_dik_dik",1,2,"S2","human","S2T11","millet",0,1,"2024-08-04 06:19:07","2024-08-04 06:20:17",6.31861111111111,"0:01:10",1.16666666666667,1,1,1,1,0,3,0,NA
"450",450,450,"madoqua","guentheri","gunthers_dik_dik",1,2,"S2","human","S2T11","egg",0,1,"2024-08-04 14:10:36","2024-08-04 14:10:40",14.1766666666667,"0:00:04",0.0666666666666667,1,1,0,0,0,1,0,NA
"451",451,451,"madoqua","guentheri","gunthers_dik_dik",3,2,"S2","human","S2T11","egg",0,1,"2024-08-04 16:38:25","2024-08-04 16:56:02",16.6402777777778,"0:17:37",17.6166666666667,1,1,0,0,0,1,0,NA
"452",452,452,"madoqua","guentheri","gunthers_dik_dik",2,2,"S2","human","S2T11","egg",0,1,"2024-08-04 17:11:33","2024-08-04 17:14:47",17.1925,"0:03:14",3.23333333333333,1,1,1,1,0,3,0,NA
"453",453,453,"aepyceros","melampus","impala",6,2,"S2","human","S2T11","egg",0,1,"2024-08-04 17:18:51","2024-08-04 17:20:02",17.3141666666667,"0:01:11",1.18333333333333,1,1,1,1,0,3,0,NA
"454",454,454,"madoqua","guentheri","gunthers_dik_dik",4,2,"S2","human","S2T11","egg",0,1,"2024-08-04 18:26:22","2024-08-04 18:28:17",18.4394444444444,"0:01:55",1.91666666666667,1,1,1,0,0,2,0,NA
"455",455,455,"giraffa","camelopardalis","reticulated_giraffe",1,2,"S2","human","S2T11","egg",0,1,"2024-08-04 18:48:15","2024-08-04 18:48:20",18.8041666666667,"0:00:05",0.0833333333333333,0,1,0,0,0,1,0,NA
"456",456,456,"ichneumia","albicauda","white_tailed_mongoose",1,2,"S2","human","S2T11","egg",1,1,"2024-08-04 19:26:18","2024-08-04 19:26:38",19.4383333333333,"0:00:20",0.333333333333333,0,1,1,1,0,4,0,NA
"457",457,457,"madoqua","guentheri","gunthers_dik_dik",2,2,"S2","human","S2T11","egg",0,1,"2024-08-05 00:45:34","2024-08-05 00:54:52",0.759444444444444,"0:09:18",9.3,0,1,1,0,0,2,0,NA
"458",458,458,"ichneumia","albicauda","white_tailed_mongoose",1,2,"S2","human","S2T11","egg",1,1,"2024-08-05 01:37:27","2024-08-05 01:38:07",1.62416666666667,"0:00:40",0.666666666666667,0,1,1,1,0,4,0,NA
"459",459,459,"civettictis","civetta","genets",1,2,"S2","human","S2T11","egg",1,1,"2024-08-05 02:04:32","2024-08-05 02:05:08",2.07555555555556,"0:00:36",0.6,0,1,1,1,0,4,0,NA
"460",460,460,"lepus","lspp","hare",1,2,"S2","human","S2T11","egg",0,1,"2024-08-05 06:12:49","2024-08-05 06:13:07",6.21361111111111,"0:00:18",0.3,0,1,1,1,0,3,0,NA
"461",461,461,"madoqua","guentheri","gunthers_dik_dik",1,2,"S2","human","S2T11","egg",0,1,"2024-08-05 10:09:46","2024-08-05 10:09:54",10.1627777777778,"0:00:08",0.133333333333333,1,1,0,0,0,1,0,NA
"462",462,462,"madoqua","guentheri","gunthers_dik_dik",1,2,"S2","human","S2T11","egg",0,1,"2024-08-05 15:16:23","2024-08-05 15:16:30",15.2730555555556,"0:00:07",0.116666666666667,1,1,1,0,0,2,0,NA
"463",463,463,"madoqua","guentheri","gunthers_dik_dik",1,2,"S2","human","S2T11","egg",0,1,"2024-08-05 16:38:16","2024-08-05 16:45:57",16.6377777777778,"0:07:41",7.68333333333333,1,1,1,0,0,2,0,NA
"464",464,464,"civettictis","civetta","genets",1,2,"S2","human","S2T11","egg",1,1,"2024-08-06 02:46:54","2024-08-06 02:46:57",2.78166666666667,"0:00:03",0.05,0,1,1,0,0,2,0,NA
"465",465,465,"madoqua","guentheri","gunthers_dik_dik",1,2,"S2","human","S2T11","egg",0,1,"2024-08-06 04:52:47","2024-08-06 04:52:51",4.87972222222222,"0:00:04",0.0666666666666667,0,1,0,0,0,1,0,NA
"466",466,466,"madoqua","guentheri","gunthers_dik_dik",1,2,"S2","human","S2T11","egg",0,1,"2024-08-06 06:06:41","2024-08-06 06:12:04",6.11138888888889,"0:05:23",5.38333333333333,0,1,1,0,0,2,0,NA
"467",467,467,"madoqua","guentheri","gunthers_dik_dik",1,2,"S2","human","S2T11","egg",0,1,"2024-08-06 09:06:49","2024-08-06 09:06:52",9.11361111111111,"0:00:03",0.05,1,1,0,0,0,1,0,NA
"468",468,468,"madoqua","guentheri","gunthers_dik_dik",1,2,"S2","human","S2T11","egg",0,1,"2024-08-06 10:00:09","2024-08-06 10:01:30",10.0025,"0:01:21",1.35,1,1,0,0,0,1,0,NA
"469",469,469,"madoqua","guentheri","gunthers_dik_dik",1,2,"S2","human","S2T11","egg",0,1,"2024-08-06 11:11:53","2024-08-06 11:12:06",11.1980555555556,"0:00:13",0.216666666666667,1,1,1,0,0,2,0,NA
"470",470,470,"madoqua","guentheri","gunthers_dik_dik",1,2,"S2","human","S2T12","salt",1,1,"2024-07-31 15:49:35","2024-07-31 15:49:46",15.8263888888889,"0:00:11",0.183333333333333,1,1,0,0,0,1,0,NA
"471",471,471,"madoqua","guentheri","gunthers_dik_dik",1,2,"S2","human","S2T12","salt",1,1,"2024-07-31 16:23:08","2024-07-31 16:25:38",16.3855555555556,"0:02:30",2.5,1,1,1,1,1,4,1,NA
"472",472,472,"madoqua","guentheri","gunthers_dik_dik",3,2,"S2","human","S2T12","salt",1,1,"2024-07-31 17:15:52","2024-07-31 17:19:00",17.2644444444444,"0:03:08",3.13333333333333,1,1,1,1,1,4,1,NA
"473",473,473,"madoqua","guentheri","gunthers_dik_dik",3,2,"S2","human","S2T12","salt",1,1,"2024-07-31 17:40:36","2024-07-31 17:42:02",17.6766666666667,"0:01:26",1.43333333333333,1,1,1,1,1,4,1,NA
"474",474,474,"madoqua","guentheri","gunthers_dik_dik",1,2,"S2","human","S2T12","salt",1,1,"2024-07-31 18:23:08","2024-07-31 18:24:50",18.3855555555556,"0:01:42",1.7,1,1,1,1,1,4,1,NA
"475",475,475,"aepyceros","melampus","impala",3,2,"S2","human","S2T12","salt",1,1,"2024-07-31 18:43:26","2024-07-31 19:10:49",18.7238888888889,"0:27:23",27.3833333333333,1,1,1,1,1,4,1,NA
"476",476,476,"madoqua","guentheri","gunthers_dik_dik",2,2,"S2","human","S2T12","salt",1,1,"2024-07-31 19:37:48","2024-07-31 19:46:52",19.63,"0:09:04",9.06666666666667,1,1,1,1,1,4,1,NA
"477",477,477,"madoqua","guentheri","gunthers_dik_dik",2,2,"S2","human","S2T12","salt",1,1,"2024-08-01 02:14:33","2024-08-01 02:31:45",2.2425,"0:17:12",17.2,0,1,1,1,1,4,1,NA
"478",478,478,"madoqua","guentheri","gunthers_dik_dik",2,2,"S2","human","S2T12","salt",1,1,"2024-08-01 05:05:51","2024-08-01 05:16:44",5.0975,"0:10:53",10.8833333333333,0,1,1,1,1,4,1,NA
"479",479,479,"equus","grevyi","grevys_zebra",1,2,"S2","human","S2T12","salt",1,1,"2024-08-01 06:26:32","2024-08-01 06:26:59",6.44222222222222,"0:00:27",0.45,0,1,1,1,0,3,0,NA
"480",480,480,"equus","grevyi","grevys_zebra",1,2,"S2","human","S2T12","salt",1,1,"2024-08-01 06:58:55","2024-08-01 06:59:07",6.98194444444444,"0:00:12",0.2,0,1,1,1,0,3,0,NA
"481",481,481,"aepyceros","melampus","impala",1,2,"S2","human","S2T12","salt",1,1,"2024-08-01 07:43:01","2024-08-01 08:44:26",7.71694444444444,"1:01:25",61.4166666666667,1,1,1,1,1,4,1,NA
"482",482,482,"madoqua","guentheri","gunthers_dik_dik",2,2,"S2","human","S2T12","salt",1,1,"2024-08-01 09:03:21","2024-08-01 09:08:33",9.05583333333333,"0:05:12",5.2,1,1,1,1,1,4,1,NA
"483",483,483,"madoqua","guentheri","gunthers_dik_dik",1,2,"S2","human","S2T12","salt",1,1,"2024-08-01 09:40:30","2024-08-01 09:47:31",9.675,"0:07:01",7.01666666666667,1,1,1,1,1,4,1,NA
"484",484,484,"aepyceros","melampus","impala",1,2,"S2","human","S2T12","salt",1,1,"2024-08-01 10:03:46","2024-08-01 10:03:52",10.0627777777778,"0:00:06",0.1,1,1,0,0,0,1,0,NA
"485",485,485,"madoqua","guentheri","gunthers_dik_dik",1,2,"S2","human","S2T12","salt",1,1,"2024-08-01 10:19:13","2024-08-01 10:22:04",10.3202777777778,"0:02:51",2.85,1,1,1,1,1,4,1,NA
"486",486,486,"aepyceros","melampus","impala",22,2,"S2","human","S2T12","salt",1,1,"2024-08-01 11:12:44","2024-08-01 12:53:43",11.2122222222222,"1:40:59",100.983333333333,1,1,1,1,1,4,1,NA
"487",487,487,"aepyceros","melampus","impala",10,2,"S2","human","S2T12","salt",1,1,"2024-08-01 14:05:33","2024-08-01 15:06:31",14.0925,"1:00:58",60.9666666666667,1,1,1,1,1,4,1,NA
"488",488,488,"madoqua","guentheri","gunthers_dik_dik",2,2,"S2","human","S2T12","salt",1,1,"2024-08-01 15:36:21","2024-08-01 15:43:09",15.6058333333333,"0:06:48",6.8,1,1,1,1,0,4,0,NA
"489",489,489,"xerus","rutilus","ground_squirrels",1,2,"S2","human","S2T12","salt",0,1,"2024-08-01 15:42:40","2024-08-01 15:42:45",15.7111111111111,"0:00:05",0.0833333333333333,1,1,1,1,0,3,0,NA
"490",490,490,"madoqua","guentheri","gunthers_dik_dik",2,2,"S2","human","S2T12","salt",1,1,"2024-08-01 17:48:45","2024-08-01 17:56:48",17.8125,"0:08:03",8.05,1,1,1,1,0,3,0,NA
"491",491,491,"aepyceros","melampus","impala",2,2,"S2","human","S2T12","salt",1,1,"2024-08-01 18:06:17","2024-08-01 18:54:32",18.1047222222222,"0:48:15",48.25,1,1,1,1,1,4,1,NA
"492",492,492,"equus","grevyi","grevys_zebra",1,2,"S2","human","S2T12","salt",1,1,"2024-08-01 18:54:33","2024-08-01 18:56:37",18.9091666666667,"0:02:04",2.06666666666667,1,1,1,1,1,4,1,NA
"493",493,493,"madoqua","guentheri","gunthers_dik_dik",2,2,"S2","human","S2T12","salt",1,1,"2024-08-01 19:42:53","2024-08-01 19:43:22",19.7147222222222,"0:00:29",0.483333333333333,1,1,1,1,0,4,0,NA
"494",494,494,"madoqua","guentheri","gunthers_dik_dik",1,2,"S2","human","S2T12","salt",1,1,"2024-08-02 00:57:55","2024-08-02 00:58:39",0.965277777777778,"0:00:44",0.733333333333333,0,1,1,1,0,4,0,NA
"495",495,495,"canis","mesomelas","black_backed_jackal",1,2,"S2","human","S2T12","salt",0,1,"2024-08-02 07:22:15","2024-08-02 07:23:27",7.37083333333333,"0:01:12",1.2,0,1,0,0,0,1,0,NA
"496",496,496,"madoqua","guentheri","gunthers_dik_dik",1,2,"S2","human","S2T12","salt",1,1,"2024-08-02 08:05:31","2024-08-02 08:05:40",8.09194444444445,"0:00:09",0.15,1,1,0,0,0,1,0,NA
"497",497,497,"madoqua","guentheri","gunthers_dik_dik",1,2,"S2","human","S2T12","salt",1,1,"2024-08-02 09:14:37","2024-08-02 09:14:53",9.24361111111111,"0:00:16",0.266666666666667,1,1,0,0,0,1,0,NA
"498",498,498,"madoqua","guentheri","gunthers_dik_dik",2,2,"S2","human","S2T12","salt",1,1,"2024-08-02 14:05:04","2024-08-02 14:07:36",14.0844444444444,"0:02:32",2.53333333333333,1,1,0,0,0,1,0,NA
"499",499,499,"madoqua","guentheri","gunthers_dik_dik",2,2,"S2","human","S2T12","millet",0,1,"2024-08-02 17:13:46","2024-08-02 17:24:15",17.2294444444444,"0:10:29",10.4833333333333,1,1,1,1,0,3,0,NA
"500",500,500,"madoqua","guentheri","gunthers_dik_dik",1,2,"S2","human","S2T12","millet",0,1,"2024-08-02 18:39:31","2024-08-02 18:41:35",18.6586111111111,"0:02:04",2.06666666666667,1,1,1,1,0,3,0,NA
"501",501,501,"aepyceros","melampus","impala",7,2,"S2","human","S2T12","millet",0,1,"2024-08-02 19:30:32","2024-08-02 19:32:09",19.5088888888889,"0:01:37",1.61666666666667,1,1,1,1,0,3,0,NA
"502",502,502,"madoqua","guentheri","gunthers_dik_dik",2,2,"S2","human","S2T12","millet",0,1,"2024-08-02 19:58:56","2024-08-02 20:20:59",19.9822222222222,"0:22:03",22.05,0,1,1,1,0,3,0,NA
"503",503,503,"madoqua","guentheri","gunthers_dik_dik",2,2,"S2","human","S2T12","millet",0,1,"2024-08-03 07:10:26","2024-08-03 07:10:31",7.17388888888889,"0:00:05",0.0833333333333333,0,1,1,1,0,3,0,NA
"504",504,504,"madoqua","guentheri","gunthers_dik_dik",2,2,"S2","human","S2T12","millet",0,1,"2024-08-03 08:34:32","2024-08-03 08:35:39",8.57555555555555,"0:01:07",1.11666666666667,1,1,1,1,0,3,0,NA
"505",505,505,"aepyceros","melampus","impala",4,2,"S2","human","S2T12","millet",0,1,"2024-08-03 09:03:48","2024-08-03 09:11:18",9.06333333333333,"0:07:30",7.5,1,1,1,1,0,3,0,NA
"506",506,506,"xerus","rutilus","ground_squirrels",1,2,"S2","human","S2T12","millet",1,1,"2024-08-03 09:57:10","2024-08-03 09:58:03",9.95277777777778,"0:00:53",0.883333333333333,1,1,1,1,0,3,0,NA
"507",507,507,"aepyceros","melampus","impala",1,2,"S2","human","S2T12","millet",0,1,"2024-08-03 10:51:05","2024-08-03 10:51:48",10.8513888888889,"0:00:43",0.716666666666667,1,1,1,1,0,4,0,NA
"508",508,508,"aepyceros","melampus","impala",11,2,"S2","human","S2T12","millet",0,1,"2024-08-03 11:11:22","2024-08-03 11:26:54",11.1894444444444,"0:15:32",15.5333333333333,1,1,1,1,0,4,0,NA
"509",509,509,"madoqua","guentheri","gunthers_dik_dik",1,2,"S2","human","S2T12","millet",0,1,"2024-08-03 15:39:34","2024-08-03 15:39:52",15.6594444444444,"0:00:18",0.3,1,1,1,0,0,2,0,NA
"510",510,510,"equus","grevyi","grevys_zebra",1,2,"S2","human","S2T12","millet",0,1,"2024-08-03 16:54:03","2024-08-03 16:54:22",16.9008333333333,"0:00:19",0.316666666666667,1,1,1,1,0,4,0,NA
"511",511,511,"aepyceros","melampus","impala",8,2,"S2","human","S2T12","millet",0,1,"2024-08-03 16:56:43","2024-08-03 16:57:30",16.9452777777778,"0:00:47",0.783333333333333,1,1,1,1,0,4,0,NA
"512",512,512,"aepyceros","melampus","impala",1,2,"S2","human","S2T12","millet",0,1,"2024-08-03 17:47:39","2024-08-03 17:48:14",17.7941666666667,"0:00:35",0.583333333333333,1,1,1,1,0,4,0,NA
"513",513,513,"xerus","erythropus","ground_squirrels",1,2,"S2","human","S2T12","egg",0,1,"2024-08-04 17:34:40","2024-08-04 17:34:45",17.5777777777778,"0:00:05",0.0833333333333333,1,1,1,1,0,4,0,NA
"514",514,514,"ichneumia","albicauda","white_tailed_mongoose",1,2,"S2","human","S2T12","egg",1,1,"2024-08-05 00:20:48","2024-08-05 00:35:01",0.346666666666667,"0:14:13",14.2166666666667,0,1,1,1,1,4,1,NA
"515",515,515,"xerus","erythropus","ground_squirrels",1,2,"S2","human","S2T12","egg",0,1,"2024-08-05 09:58:10","2024-08-05 09:58:16",9.96944444444444,"0:00:06",0.1,1,1,1,1,0,3,0,NA
"516",516,516,"xerus","erythropus","ground_squirrels",1,2,"S2","human","S2T12","egg",0,1,"2024-08-05 11:07:29","2024-08-05 11:07:45",11.1247222222222,"0:00:16",0.266666666666667,1,1,1,1,0,3,0,NA
"517",517,517,"xerus","rutilus","ground_squirrels",1,2,"S2","human","S2T12","egg",0,1,"2024-08-05 15:53:06","2024-08-05 15:53:12",15.885,"0:00:06",0.1,1,1,1,1,0,3,0,NA
"518",518,518,"madoqua","guentheri","gunthers_dik_dik",2,2,"S2","human","S2T12","egg",0,1,"2024-08-05 19:14:30","2024-08-05 19:14:44",19.2416666666667,"0:00:14",0.233333333333333,1,1,1,1,0,3,0,NA
"519",519,519,"madoqua","guentheri","gunthers_dik_dik",1,2,"S2","human","S2T12","egg",0,1,"2024-08-05 19:37:18","2024-08-05 19:37:24",19.6216666666667,"0:00:06",0.1,1,1,1,1,0,3,0,NA
"520",520,520,"madoqua","guentheri","gunthers_dik_dik",2,4,"N2","control","N2T1","millet",0,1,"2024-08-14 22:37:02","2024-08-14 22:51:37",22.6172222222222,"0:14:35",14.5833333333333,0,1,1,1,0,3,0,NA
"521",521,521,"madoqua","guentheri","gunthers_dik_dik",2,4,"N2","control","N2T1","millet",0,1,"2024-08-14 23:36:10","2024-08-14 23:50:56",23.6027777777778,"0:14:46",14.7666666666667,0,1,1,1,0,3,0,NA
"522",522,522,"madoqua","guentheri","gunthers_dik_dik",1,4,"N2","control","N2T1","millet",0,1,"2024-08-15 00:55:28","2024-08-15 00:55:33",0.924444444444444,"0:00:05",0.0833333333333333,0,1,1,1,0,4,0,NA
"523",523,523,"lepus","lspp","hare",1,4,"N2","control","N2T1","millet",1,1,"2024-08-15 03:10:54","2024-08-15 03:27:04",3.18166666666667,"0:16:10",16.1666666666667,0,1,1,1,0,3,0,NA
"524",524,524,"hippopotamus","amphibius","hippopotomas",1,4,"N2","control","N2T1","millet",0,1,"2024-08-15 03:56:37","2024-08-15 03:56:54",3.94361111111111,"0:00:17",0.283333333333333,0,1,0,0,0,1,0,NA
"525",525,525,"loxodonta","africana","african_elephant",1,4,"N2","control","N2T1","millet",0,1,"2024-08-15 15:10:30","2024-08-15 15:11:01",15.175,"0:00:31",0.516666666666667,1,1,0,0,0,1,0,NA
"526",526,526,"loxodonta","africana","african_elephant",1,4,"N2","control","N2T1","millet",0,1,"2024-08-16 01:27:09","2024-08-16 01:27:14",1.4525,"0:00:05",0.0833333333333333,0,1,0,0,0,1,0,NA
"527",527,527,"loxodonta","africana","african_elephant",2,4,"N2","control","N2T1","egg",0,1,"2024-08-16 19:03:51","2024-08-16 19:04:02",19.0641666666667,"0:00:11",0.183333333333333,0,1,0,0,0,1,0,NA
"528",528,528,"hippopotamus","amphibius","hippopotomas",1,4,"N2","control","N2T1","egg",0,1,"2024-08-18 03:28:35","2024-08-18 03:32:31",3.47638888888889,"0:03:56",3.93333333333333,0,1,1,1,1,4,1,NA
"529",529,529,"ichneumia","albicauda","white_tailed_mongoose",1,4,"N2","control","N2T1","egg",1,1,"2024-08-18 05:58:36","2024-08-18 05:58:53",5.97666666666667,"0:00:17",0.283333333333333,0,1,1,1,0,4,0,NA
"530",530,530,"madoqua","guentheri","gunthers_dik_dik",1,4,"N2","control","N2T1","egg",0,1,"2024-08-18 06:49:29","2024-08-18 06:50:19",6.82472222222222,"0:00:50",0.833333333333333,1,1,1,1,0,3,0,NA
"531",531,531,"herpestes","sanguineus","slender_mongoose",1,4,"N2","control","N2T1","salt",0,1,"2024-08-18 09:30:23","2024-08-18 09:30:24",9.50638888888889,"0:00:01",0.0166666666666667,1,1,1,1,0,3,0,NA
"532",532,532,"ichneumia","albicauda","white_tailed_mongoose",1,4,"N2","control","N2T1","salt",0,1,"2024-08-18 19:44:43","2024-08-18 19:44:44",19.7452777777778,"0:00:01",0.0166666666666667,0,1,1,1,0,3,0,NA
"533",533,533,"loxodonta","africana","african_elephant",3,4,"N2","control","N2T1","salt",1,1,"2024-08-18 19:53:18","2024-08-18 19:55:22",19.8883333333333,"0:02:04",2.06666666666667,0,1,1,1,1,4,1,NA
"534",534,534,"aepyceros","melampus","impala",2,4,"N2","control","N2T2","millet",0,1,"2024-08-14 16:20:54","2024-08-14 16:22:12",16.3483333333333,"0:01:18",1.3,1,1,1,0,0,2,0,NA
"535",535,535,"madoqua","guentheri","gunthers_dik_dik",3,4,"N2","control","N2T2","millet",0,1,"2024-08-14 23:27:59","2024-08-14 23:28:44",23.4663888888889,"0:00:45",0.75,0,1,1,0,0,2,0,NA
"536",536,536,"crocuta","crocuta","spotted_hyena",1,4,"N2","control","N2T2","millet",0,1,"2024-08-15 00:47:11","2024-08-15 00:48:26",0.786388888888889,"0:01:15",1.25,0,1,1,0,0,2,0,NA
"537",537,537,"lepus","lspp","hare",1,4,"N2","control","N2T2","millet",1,1,"2024-08-15 05:32:18","2024-08-15 05:32:20",5.53833333333333,"0:00:02",0.0333333333333333,0,0,0,0,0,0,0,NA
"538",538,538,"madoqua","guentheri","gunthers_dik_dik",2,4,"N2","control","N2T2","millet",0,1,"2024-08-15 06:45:23","2024-08-15 06:45:50",6.75638888888889,"0:00:27",0.45,1,1,1,0,0,2,0,NA
"539",539,539,"madoqua","guentheri","gunthers_dik_dik",2,4,"N2","control","N2T2","millet",0,1,"2024-08-15 13:36:55","2024-08-15 13:38:08",13.6152777777778,"0:01:13",1.21666666666667,1,1,1,1,0,3,0,NA
"540",540,540,"crocuta","crocuta","spotted_hyena",1,4,"N2","control","N2T2","millet",0,1,"2024-08-15 17:48:54","2024-08-15 17:48:56",17.815,"0:00:02",0.0333333333333333,1,1,1,0,0,2,0,NA
"541",541,541,"equus","grevyi","grevys_zebra",2,4,"N2","control","N2T2","egg",0,1,"2024-08-16 12:04:41","2024-08-16 12:05:45",12.0780555555556,"0:01:04",1.06666666666667,1,1,0,0,0,1,0,NA
"542",542,542,"aepyceros","melampus","impala",1,4,"N2","control","N2T2","egg",0,1,"2024-08-16 12:57:54","2024-08-16 12:58:04",12.965,"0:00:10",0.166666666666667,1,1,0,0,0,1,0,NA
"543",543,543,"madoqua","guentheri","gunthers_dik_dik",1,4,"N2","control","N2T2","egg",0,1,"2024-08-16 13:37:53","2024-08-16 13:46:25",13.6313888888889,"0:08:32",8.53333333333333,1,1,1,0,0,2,0,NA
"544",544,544,"genetta","gspp","genets",1,4,"N2","control","N2T2","egg",1,1,"2024-08-17 03:43:33","2024-08-17 03:43:38",3.72583333333333,"0:00:05",0.0833333333333333,0,0,0,0,0,0,0,NA
"545",545,545,"madoqua","guentheri","gunthers_dik_dik",1,4,"N2","control","N2T2","egg",0,1,"2024-08-17 07:53:32","2024-08-17 08:22:11",7.89222222222222,"0:28:39",28.65,1,1,1,0,0,2,0,NA
"546",546,546,"hyaena","hyaena","striped_hyena",1,4,"N2","control","N2T2","egg",1,1,"2024-08-17 20:06:51","2024-08-17 20:12:23",20.1141666666667,"0:05:32",5.53333333333333,0,1,1,1,1,4,1,NA
"547",547,547,"ichneumia","albicauda","white_tailed_mongoose",1,4,"N2","control","N2T2","egg",1,1,"2024-08-17 20:50:58","2024-08-17 20:51:49",20.8494444444444,"0:00:51",0.85,0,1,1,0,0,2,0,NA
"548",548,548,"ichneumia","albicauda","white_tailed_mongoose",1,4,"N2","control","N2T2","egg",1,1,"2024-08-18 00:33:51","2024-08-18 00:34:25",0.564166666666667,"0:00:34",0.566666666666667,0,1,1,1,0,3,0,NA
"549",549,549,"genetta","gspp","genets",1,4,"N2","control","N2T2","egg",1,1,"2024-08-18 02:49:28","2024-08-18 02:50:13",2.82444444444444,"0:00:45",0.75,0,0,1,0,0,1,0,NA
"550",550,550,"ichneumia","albicauda","white_tailed_mongoose",1,4,"N2","control","N2T2","egg",1,1,"2024-08-18 04:48:26","2024-08-18 04:49:49",4.80722222222222,"0:01:23",1.38333333333333,0,1,1,1,0,3,0,NA
"551",551,551,"ichneumia","albicauda","white_tailed_mongoose",1,4,"N2","control","N2T2","egg",1,1,"2024-08-18 05:12:31","2024-08-18 05:12:44",5.20861111111111,"0:00:13",0.216666666666667,0,1,1,1,0,3,0,NA
"552",552,552,"madoqua","guentheri","gunthers_dik_dik",1,4,"N2","control","N2T2","salt",1,1,"2024-08-18 12:10:11","2024-08-18 12:10:12",12.1697222222222,"0:00:01",0.0166666666666667,1,0,0,0,0,0,0,NA
"553",553,553,"madoqua","guentheri","gunthers_dik_dik",1,4,"N2","control","N2T2","salt",1,1,"2024-08-18 14:23:44","2024-08-18 14:28:11",14.3955555555556,"0:04:27",4.45,1,0,0,0,0,0,0,NA
"554",554,554,"madoqua","guentheri","gunthers_dik_dik",1,4,"N2","control","N2T2","salt",1,1,"2024-08-18 16:18:21","2024-08-18 16:19:23",16.3058333333333,"0:01:02",1.03333333333333,1,0,0,0,0,0,0,NA
"555",555,555,"madoqua","guentheri","gunthers_dik_dik",1,4,"N2","control","N2T2","salt",1,1,"2024-08-19 00:45:29","2024-08-19 00:45:30",0.758055555555556,"0:00:01",0.0166666666666667,0,0,0,0,0,0,0,NA
"556",556,556,"madoqua","guentheri","gunthers_dik_dik",2,4,"N2","control","N2T2","salt",1,1,"2024-08-19 09:43:50","2024-08-19 09:43:51",9.73055555555556,"0:00:01",0.0166666666666667,1,0,0,0,0,0,0,NA
"557",557,557,"aepyceros","melampus","impala",1,4,"N2","control","N2T2","salt",1,1,"2024-08-19 10:31:20","2024-08-19 10:39:03",10.5222222222222,"0:07:43",7.71666666666667,1,1,1,1,1,4,1,NA
"558",558,558,"loxodonta","africana","african_elephant",2,4,"N2","control","N2T2","salt",1,1,"2024-08-19 11:12:28","2024-08-19 11:16:34",11.2077777777778,"0:04:06",4.1,1,1,1,1,1,4,1,NA
"559",559,559,"aepyceros","melampus","impala",1,4,"N2","control","N2T2","salt",1,1,"2024-08-19 12:21:20","2024-08-19 12:55:40",12.3555555555556,"0:34:20",34.3333333333333,1,1,1,1,1,4,1,NA
"560",560,560,"aepyceros","melampus","impala",1,4,"N2","control","N2T2","salt",1,1,"2024-08-19 13:46:34","2024-08-19 14:37:31",13.7761111111111,"0:50:57",50.95,1,1,1,1,1,4,1,NA
"561",561,561,"madoqua","guentheri","gunthers_dik_dik",2,4,"N2","control","N2T2","salt",1,1,"2024-08-19 15:49:30","2024-08-19 15:49:32",15.825,"0:00:02",0.0333333333333333,1,0,0,0,0,0,0,NA
"562",562,562,"aepyceros","melampus","impala",1,4,"N2","control","N2T2","salt",1,1,"2024-08-20 03:05:30","2024-08-20 03:21:27",3.09166666666667,"0:15:57",15.95,0,1,1,1,1,4,1,NA
"563",563,563,"aepyceros","melampus","impala",1,4,"N2","control","N2T2","salt",1,0,"2024-08-20 08:16:29","2024-08-20 08:27:56",8.27472222222222,"0:11:27",11.45,1,1,1,0,0,2,0,NA
"564",564,564,"madoqua","guentheri","gunthers_dik_dik",1,4,"N2","control","N2T2","salt",1,0,"2024-08-20 12:23:42","2024-08-20 12:24:48",12.395,"0:01:06",1.1,1,1,0,0,0,1,0,NA
"565",565,565,"aepyceros","melampus","impala",5,4,"N2","control","N2T2","salt",1,0,"2024-08-20 12:25:48","2024-08-20 16:37:53",12.43,"4:12:05",252.083333333333,1,1,1,0,0,2,0,NA
"566",566,566,"aepyceros","melampus","impala",2,4,"N2","control","N2T2","salt",1,0,"2024-08-20 17:59:05","2024-08-20 18:00:09",17.9847222222222,"0:01:04",1.06666666666667,1,1,0,0,0,1,0,NA
"567",567,567,"madoqua","guentheri","gunthers_dik_dik",1,4,"N2","control","N2T2","salt",1,0,"2024-08-20 21:48:44","2024-08-20 21:48:45",21.8122222222222,"0:00:01",0.0166666666666667,0,0,0,0,0,0,0,NA
"568",568,568,"lepus","lspp","hare",1,4,"N2","control","N2T3","millet",1,1,"2024-08-15 23:30:10","2024-08-15 23:30:50",23.5027777777778,"0:00:40",0.666666666666667,0,1,1,0,0,2,0,NA
"569",569,569,"lepus","lspp","hare",1,4,"N2","control","N2T3","millet",1,1,"2024-08-16 01:55:50","2024-08-16 02:01:44",1.93055555555556,"0:05:54",5.9,0,1,0,0,0,1,0,NA
"570",570,570,"hyaena","hyaena","striped_hyena",1,4,"N2","control","N2T3","egg",1,1,"2024-08-17 20:15:25","2024-08-17 20:15:29",20.2569444444444,"0:00:04",0.0666666666666667,0,0,0,0,0,0,0,NA
"571",571,571,"ichneumia","albicauda","white_tailed_mongoose",1,4,"N2","control","N2T3","egg",1,1,"2024-08-18 00:37:28","2024-08-17 00:43:37",0.624444444444444,"0:06:09",6.15,0,1,1,1,1,4,1,"consumed 1 egg"
"572",572,572,"ichneumia","albicauda","white_tailed_mongoose",1,4,"N2","control","N2T3","egg",1,1,"2024-08-18 04:43:24","2024-08-18 04:44:47",4.72333333333333,"0:01:23",1.38333333333333,0,1,1,0,0,2,0,NA
"573",573,573,"genetta","gspp","genets",1,4,"N2","control","N2T3","egg",1,1,"2024-08-18 04:51:24","2024-08-18 04:51:24",4.85666666666667,"0:00:01",0.01666667,0,0,0,0,0,0,0,"only visible for 1 single photo"
"574",574,574,"madoqua","guentheri","gunthers_dik_dik",4,4,"N2","control","N2T3","salt",1,1,"2024-08-18 15:13:05","2024-08-18 15:13:06",15.2180555555556,"0:00:01",0.0166666666666667,1,1,0,0,0,1,0,NA
"575",575,575,"equus","grevyi","grevys_zebra",1,4,"N2","control","N2T3","salt",1,1,"2024-08-18 16:07:14","2024-08-18 16:08:16",16.1205555555556,"0:01:02",1.03333333333333,1,0,0,0,0,0,0,NA
"576",576,576,"madoqua","guentheri","gunthers_dik_dik",1,4,"N2","control","N2T3","salt",1,1,"2024-08-18 17:05:42","2024-08-18 17:07:53",17.095,"0:02:11",2.18333333333333,1,1,1,1,1,4,1,NA
"577",577,577,"equus","grevyi","grevys_zebra",1,4,"N2","control","N2T3","salt",1,1,"2024-08-18 19:30:48","2024-08-18 19:30:49",19.5133333333333,"0:00:01",0.0166666666666667,0,0,0,0,0,0,0,NA
"578",578,578,"madoqua","guentheri","gunthers_dik_dik",3,4,"N2","control","N2T3","salt",1,1,"2024-08-18 21:48:18","2024-08-18 22:47:59",21.805,"0:59:41",59.6833333333333,0,0,0,0,0,0,0,NA
"579",579,579,"equus","grevyi","grevys_zebra",1,4,"N2","control","N2T3","salt",1,1,"2024-08-18 21:57:10","2024-08-18 21:57:10",21.9527777777778,"0:00:01",0.01666667,0,0,0,0,0,0,0,NA
"580",580,580,"madoqua","guentheri","gunthers_dik_dik",2,4,"N2","control","N2T3","salt",1,1,"2024-08-19 02:09:14","2024-08-19 02:16:42",2.15388888888889,"0:07:28",7.46666666666667,0,0,0,0,0,0,0,NA
"581",581,581,"madoqua","guentheri","gunthers_dik_dik",2,4,"N2","control","N2T3","salt",1,1,"2024-08-19 04:15:50","2024-08-19 04:34:41",4.26388888888889,"0:18:51",18.85,0,0,0,0,0,0,0,NA
"582",582,582,"madoqua","guentheri","gunthers_dik_dik",1,4,"N2","control","N2T3","salt",1,1,"2024-08-19 11:27:06","2024-08-19 11:27:07",11.4516666666667,"0:00:01",0.0166666666666667,1,0,0,0,0,0,0,NA
"583",583,583,"aepyceros","melampus","impala",1,4,"N2","control","N2T3","salt",1,1,"2024-08-19 13:02:07","2024-08-19 13:03:12",13.0352777777778,"0:01:05",1.08333333333333,1,0,0,0,0,0,0,NA
"584",584,584,"madoqua","guentheri","gunthers_dik_dik",1,4,"N2","control","N2T3","salt",1,1,"2024-08-19 13:58:29","2024-08-19 13:58:31",13.9747222222222,"0:00:02",0.0333333333333333,1,1,1,1,0,4,0,NA
"585",585,585,"madoqua","guentheri","gunthers_dik_dik",2,4,"N2","control","N2T3","salt",1,1,"2024-08-19 20:26:02","2024-08-19 20:26:04",20.4338888888889,"0:00:02",0.0333333333333333,0,0,0,0,0,0,0,NA
"586",586,586,"madoqua","guentheri","gunthers_dik_dik",1,4,"N2","control","N2T3","salt",1,1,"2024-08-19 22:01:27","2024-08-19 22:02:56",22.0241666666667,"0:01:29",1.48333333333333,0,1,0,0,0,1,0,NA
"587",587,587,"madoqua","guentheri","gunthers_dik_dik",1,4,"N2","control","N2T3","salt",1,1,"2024-08-19 23:32:56","2024-08-19 23:32:57",23.5488888888889,"0:00:01",0.0166666666666667,0,0,0,0,0,0,0,NA
"588",588,588,"madoqua","guentheri","gunthers_dik_dik",2,4,"N2","control","N2T3","salt",1,1,"2024-08-20 02:28:27","2024-08-20 02:28:28",2.47416666666667,"0:00:01",0.0166666666666667,0,0,0,0,0,0,0,NA
"589",589,589,"loxodonta","africana","african_elephant",1,4,"N2","control","N2T4","millet",0,1,"2024-08-15 17:37:09","2024-08-15 17:37:17",17.6191666666667,"0:00:08",0.133333333333333,1,1,0,0,0,1,0,NA
"590",590,590,"loxodonta","africana","african_elephant",1,4,"N2","control","N2T4","millet",0,1,"2024-08-15 18:29:49","2024-08-15 18:30:09",18.4969444444444,"0:00:20",0.333333333333333,1,1,1,0,0,2,0,NA
"591",591,591,"loxodonta","africana","african_elephant",1,4,"N2","control","N2T4","millet",0,1,"2024-08-15 20:39:09","2024-08-15 20:39:20",20.6525,"0:00:11",0.183333333333333,0,1,1,1,0,3,0,NA
"592",592,592,"loxodonta","africana","african_elephant",5,4,"N2","control","N2T4","egg",0,1,"2024-08-16 16:34:49","2024-08-16 16:39:44",16.5802777777778,"0:04:55",4.91666666666667,1,1,1,0,0,2,0,"a herd of over 10 elephants was passing the eggs. Many investigated, some moved out of their way to avoid the eggs"
"593",593,593,"loxodonta","africana","african_elephant",1,4,"N2","control","N2T4","egg",0,1,"2024-08-16 18:45:44","2024-08-16 18:54:09",18.7622222222222,"0:08:25",8.41666666666667,0,1,1,1,0,3,0,NA
"594",594,594,"hippopotamus","amphibius","hippopotomas",1,4,"N2","control","N2T4","egg",0,1,"2024-08-16 19:14:29","2024-08-16 19:15:08",19.2413888888889,"0:00:39",0.65,0,0,1,0,0,1,0,NA
"595",595,595,"lepus","lspp","hare",1,4,"N2","control","N2T4","egg",0,1,"2024-08-17 00:04:14","2024-08-17 00:11:28",0.0705555555555556,"0:07:14",7.23333333333333,0,1,0,0,0,1,0,NA
"596",596,596,"ichneumia","albicauda","white_tailed_mongoose",1,4,"N2","control","N2T4","egg",1,1,"2024-08-17 00:40:52","2024-08-17 00:45:57",0.681111111111111,"0:05:05",5.08333333333333,0,1,1,1,1,4,1,NA
"597",597,597,"lepus","lspp","hare",1,4,"N2","control","N2T4","egg",0,1,"2024-08-17 01:42:40","2024-08-17 01:43:24",1.71111111111111,"0:00:44",0.733333333333333,0,1,0,0,0,1,0,NA
"598",598,598,"ichneumia","albicauda","white_tailed_mongoose",1,4,"N2","control","N2T4","egg",1,1,"2024-08-17 06:10:54","2024-08-17 06:15:47",6.18166666666667,"0:04:53",4.88333333333333,0,1,1,1,1,4,1,"ate remnants of the egg that the previous mongoose had moved, tried to get another egg from the cage but didn’t seem to be able to"
"599",599,599,"ichneumia","albicauda","white_tailed_mongoose",1,4,"N2","control","N2T4","egg",1,1,"2024-08-17 19:16:48","2024-08-17 19:24:06",19.28,"0:07:18",7.3,0,1,1,1,1,4,1,"carried one of the eggs away from view, so it is assumed that they ate the egg after moving it"
"600",600,600,"ichneumia","albicauda","white_tailed_mongoose",1,4,"N2","control","N2T4","egg",1,1,"2024-08-18 01:03:30","2024-08-18 01:03:35",1.05833333333333,"0:00:05",0.0833333333333333,0,1,1,1,0,3,0,NA
"601",601,601,"genetta","gspp","genets",1,4,"N2","control","N2T4","egg",1,1,"2024-08-18 05:17:36","2024-08-18 05:17:42",5.29333333333333,"0:00:06",0.1,0,1,1,0,0,2,0,NA
"602",602,602,"ichneumia","albicauda","white_tailed_mongoose",1,4,"N2","control","N2T4","egg",1,1,"2024-08-18 05:42:04","2024-08-18 05:43:05",5.70111111111111,"0:01:01",1.01666666666667,0,1,1,1,0,3,0,NA
"603",603,603,"ichneumia","albicauda","white_tailed_mongoose",1,4,"N2","control","N2T4","egg",1,1,"2024-08-18 06:04:06","2024-08-18 06:14:34",6.06833333333333,"0:10:28",10.4666666666667,0,1,1,1,0,3,0,NA
"604",604,604,"madoqua","guentheri","gunthers_dik_dik",2,4,"N2","control","N2T4","salt",1,1,"2024-08-18 19:01:49","2024-08-18 19:11:00",19.0302777777778,"0:09:11",9.18333333333333,0,1,0,0,0,1,0,"running quickly past salt"
"605",605,605,"hippopotamus","amphibius","hippopotomas",1,4,"N2","control","N2T4","salt",1,1,"2024-08-18 19:37:01","2024-08-18 20:41:57",19.6169444444444,"1:04:56",64.9333333333333,0,1,1,1,1,4,1,NA
"606",606,606,"madoqua","guentheri","gunthers_dik_dik",1,4,"N2","control","N2T4","salt",1,1,"2024-08-19 00:31:29","2024-08-19 00:31:31",0.524722222222222,"0:00:02",0.0333333333333333,0,0,0,0,0,0,0,"the footage is cut off, so it is likely that the dik dik did investigate and forage because it was heading in the direction of the salt, but it isn’t captured on camera"
"607",607,607,"ichneumia","albicauda","white_tailed_mongoose",1,4,"N2","control","N2T4","salt",0,1,"2024-08-19 02:40:12","2024-08-19 02:40:13",2.67,"0:00:01",0.0166666666666667,0,0,0,0,0,0,0,"footage cut off after a few frames"
"608",608,608,"madoqua","guentheri","gunthers_dik_dik",2,4,"N2","control","N2T4","salt",1,1,"2024-08-19 21:48:33","2024-08-19 21:50:56",21.8091666666667,"0:02:23",2.38333333333333,1,1,1,0,0,2,0,NA
"609",609,609,"giraffa","camelopardalis","reticulated_giraffe",1,4,"N2","control","N2T4","salt",1,1,"2024-08-19 23:45:10","2024-08-19 23:46:46",23.7527777777778,"0:01:36",1.6,0,1,0,0,0,1,0,NA
"610",610,610,"hippopotamus","amphibius","hippopotomas",1,4,"N2","control","N2T4","salt",1,1,"2024-08-20 03:51:41","2024-08-20 04:20:47",3.86138888888889,"0:29:06",29.1,0,1,1,1,1,4,1,NA
"611",611,611,"madoqua","guentheri","gunthers_dik_dik",2,4,"N2","control","N2T5","millet",0,1,"2024-08-14 22:24:29","2024-08-14 22:27:08",22.4080555555556,"0:02:39",2.65,0,1,1,1,0,3,0,NA
"612",612,612,"madoqua","guentheri","gunthers_dik_dik",2,4,"N2","control","N2T5","millet",0,1,"2024-08-15 01:53:25","2024-08-15 01:53:54",1.89027777777778,"0:00:29",0.483333333333333,0,1,1,1,0,3,0,NA
"613",613,613,"madoqua","guentheri","gunthers_dik_dik",1,4,"N2","control","N2T5","millet",0,1,"2024-08-15 06:56:10","2024-08-15 06:56:28",6.93611111111111,"0:00:18",0.3,0,1,1,1,0,3,0,NA
"614",614,614,"madoqua","guentheri","gunthers_dik_dik",1,4,"N2","control","N2T5","millet",0,1,"2024-08-15 08:53:18","2024-08-15 08:53:49",8.88833333333333,"0:00:31",0.516666666666667,1,1,1,1,0,3,0,NA
"615",615,615,"madoqua","guentheri","gunthers_dik_dik",1,4,"N2","control","N2T5","millet",0,1,"2024-08-15 11:08:39","2024-08-15 11:25:12",11.1441666666667,"0:16:33",16.55,1,1,1,1,0,4,0,NA
"616",616,616,"madoqua","guentheri","gunthers_dik_dik",2,4,"N2","control","N2T5","millet",0,1,"2024-08-15 12:33:56","2024-08-15 12:34:08",12.5655555555556,"0:00:12",0.2,1,1,1,1,0,3,0,NA
"617",617,617,"madoqua","guentheri","gunthers_dik_dik",1,4,"N2","control","N2T5","millet",0,1,"2024-08-15 13:42:27","2024-08-15 13:42:27",13.7075,"0:00:01",0.01666667,1,1,1,1,0,3,0,NA
"618",618,618,"madoqua","guentheri","gunthers_dik_dik",1,4,"N2","control","N2T5","millet",0,1,"2024-08-16 09:12:51","2024-08-16 09:21:39",9.21416666666667,"0:08:48",8.8,1,1,1,1,0,3,0,NA
"619",619,619,"aepyceros","melampus","impala",1,4,"N2","control","N2T5","egg",0,1,"2024-08-16 12:20:37","2024-08-16 12:21:32",12.3436111111111,"0:00:55",0.916666666666667,1,1,1,1,0,3,0,NA
"620",620,620,"loxodonta","africana","african_elephant",1,4,"N2","control","N2T5","egg",0,1,"2024-08-16 17:24:33","2024-08-16 17:25:14",17.4091666666667,"0:00:41",0.683333333333333,1,1,1,1,0,4,0,NA
"621",621,621,"madoqua","guentheri","gunthers_dik_dik",1,4,"N2","control","N2T5","egg",0,1,"2024-08-16 23:25:21","2024-08-16 23:27:38",23.4225,"0:02:17",2.28333333333333,0,1,1,1,0,3,0,NA
"622",622,622,"madoqua","guentheri","gunthers_dik_dik",1,4,"N2","control","N2T5","egg",0,1,"2024-08-17 03:06:06","2024-08-17 03:07:16",3.10166666666667,"0:01:10",1.16666666666667,0,1,1,1,0,3,0,NA
"623",623,623,"lepus","lspp","hare",1,4,"N2","control","N2T5","egg",0,1,"2024-08-17 03:13:23","2024-08-17 03:13:41",3.22305555555556,"0:00:18",0.3,0,1,1,1,0,3,0,NA
"624",624,624,"madoqua","guentheri","gunthers_dik_dik",1,4,"N2","control","N2T5","egg",0,1,"2024-08-17 03:39:52","2024-08-17 04:07:42",3.66444444444444,"0:27:50",27.8333333333333,0,1,1,1,0,3,0,NA
"625",625,625,"madoqua","guentheri","gunthers_dik_dik",2,4,"N2","control","N2T5","egg",0,1,"2024-08-17 12:07:19","2024-08-17 12:11:37",12.1219444444444,"0:04:18",4.3,1,1,1,1,0,3,0,NA
"626",626,626,"madoqua","guentheri","gunthers_dik_dik",1,4,"N2","control","N2T5","egg",0,1,"2024-08-17 16:16:11","2024-08-17 16:19:16",16.2697222222222,"0:03:05",3.08333333333333,1,1,1,1,0,3,0,NA
"627",627,627,"madoqua","guentheri","gunthers_dik_dik",1,4,"N2","control","N2T5","egg",0,1,"2024-08-17 19:46:13","2024-08-17 19:46:26",19.7702777777778,"0:00:13",0.216666666666667,0,1,1,1,0,3,0,NA
"628",628,628,"lepus","lspp","hare",1,4,"N2","control","N2T5","egg",0,1,"2024-08-17 20:04:18","2024-08-17 20:05:24",20.0716666666667,"0:01:06",1.1,0,1,1,1,0,3,0,NA
"629",629,629,"madoqua","guentheri","gunthers_dik_dik",1,4,"N2","control","N2T5","salt",1,1,"2024-08-18 11:52:13","2024-08-18 11:56:18",11.8702777777778,"0:04:05",4.08333333333333,1,1,1,1,0,4,0,NA
"630",630,630,"madoqua","guentheri","gunthers_dik_dik",1,4,"N2","control","N2T5","salt",1,1,"2024-08-18 14:54:33","2024-08-18 14:55:45",14.9091666666667,"0:01:12",1.2,1,1,1,1,0,4,0,NA
"631",631,631,"ichneumia","albicauda","white_tailed_mongoose",1,4,"N2","control","N2T5","salt",1,1,"2024-08-18 21:39:45","2024-08-18 21:39:46",21.6625,"0:00:01",0.0166666666666667,0,1,1,1,0,4,0,NA
"632",632,632,"madoqua","guentheri","gunthers_dik_dik",1,4,"N2","control","N2T5","salt",1,1,"2024-08-18 23:08:10","2024-08-18 23:15:02",23.1361111111111,"0:06:52",6.86666666666667,0,1,1,1,0,4,0,NA
"633",633,633,"madoqua","guentheri","gunthers_dik_dik",1,4,"N2","control","N2T5","salt",1,1,"2024-08-19 00:04:47","2024-08-19 00:11:14",0.0797222222222222,"0:06:27",6.45,0,1,1,1,0,4,0,NA
"634",634,634,"civettictis","civetta","genets",1,4,"N2","control","N2T5","salt",0,1,"2024-08-19 06:20:59","2024-08-19 06:21:00",6.34972222222222,"0:00:01",0.0166666666666667,0,1,1,1,0,4,0,NA
"635",635,635,"madoqua","guentheri","gunthers_dik_dik",1,4,"N2","control","N2T5","salt",1,1,"2024-08-19 07:20:42","2024-08-19 07:22:28",7.345,"0:01:46",1.76666666666667,1,1,1,1,0,4,0,NA
"636",636,636,"madoqua","guentheri","gunthers_dik_dik",1,4,"N2","control","N2T5","salt",1,1,"2024-08-19 10:54:41","2024-08-19 10:54:42",10.9113888888889,"0:00:01",0.0166666666666667,1,1,1,1,0,4,0,NA
"637",637,637,"madoqua","guentheri","gunthers_dik_dik",1,4,"N2","control","N2T5","salt",1,1,"2024-08-19 12:04:16","2024-08-19 12:05:32",12.0711111111111,"0:01:16",1.26666666666667,1,1,1,1,0,4,0,NA
"638",638,638,"madoqua","guentheri","gunthers_dik_dik",2,4,"N2","control","N2T5","salt",1,1,"2024-08-19 14:05:25","2024-08-19 14:20:09",14.0902777777778,"0:14:44",14.7333333333333,1,1,1,1,0,4,0,NA
"639",639,639,"madoqua","guentheri","gunthers_dik_dik",1,4,"N2","control","N2T5","salt",1,1,"2024-08-19 18:43:08","2024-08-19 18:43:10",18.7188888888889,"0:00:02",0.0333333333333333,1,1,1,1,1,4,1,NA
"640",640,640,"madoqua","guentheri","gunthers_dik_dik",1,4,"N2","control","N2T5","salt",1,1,"2024-08-20 00:45:40","2024-08-20 00:45:41",0.761111111111111,"0:00:01",0.0166666666666667,0,1,1,1,0,4,0,NA
"641",641,641,"ichneumia","albicauda","white_tailed_mongoose",1,4,"N2","control","N2T5","salt",0,1,"2024-08-20 01:18:01","2024-08-20 01:18:02",1.30027777777778,"0:00:01",0.0166666666666667,0,1,1,1,0,4,0,NA
"642",642,642,"madoqua","guentheri","gunthers_dik_dik",1,4,"N2","control","N2T5","salt",1,1,"2024-08-20 03:30:21","2024-08-20 03:31:43",3.50583333333333,"0:01:22",1.36666666666667,0,1,1,1,0,4,0,NA
"643",643,643,"hippopotamus","amphibius","hippopotomas",1,4,"N2","control","N2T6","egg",0,1,"2024-08-17 16:54:21","2024-08-17 16:55:20",16.9058333333333,"0:00:59",0.983333333333333,1,1,1,1,0,4,0,NA
"644",644,644,"ichneumia","albicauda","white_tailed_mongoose",1,4,"N2","control","N2T6","egg",1,1,"2024-08-18 05:31:11","2024-08-18 05:36:33",5.51972222222222,"0:05:22",5.36666666666667,0,1,1,1,1,4,1,"consumed 1 egg"
"645",645,645,"ichneumia","albicauda","white_tailed_mongoose",1,4,"N2","control","N2T6","egg",1,1,"2024-08-18 06:08:13","2024-08-18 06:08:15",6.13694444444444,"0:00:02",0.0333333333333333,0,0,0,0,0,0,0,NA
"646",646,646,"madoqua","guentheri","gunthers_dik_dik",1,4,"N2","control","N2T6","salt",1,1,"2024-08-18 09:45:54","2024-08-18 09:45:55",9.765,"0:00:01",0.0166666666666667,1,0,1,0,0,1,0,NA
"647",647,647,"aepyceros","melampus","impala",1,4,"N2","control","N2T6","salt",1,1,"2024-08-18 09:54:51","2024-08-18 10:29:53",9.91416666666667,"0:35:02",35.0333333333333,1,1,1,0,0,2,0,NA
"648",648,648,"madoqua","guentheri","gunthers_dik_dik",1,4,"N2","control","N2T6","salt",1,1,"2024-08-18 18:52:11","2024-08-18 19:55:52",18.8697222222222,"1:03:41",63.6833333333333,0,1,1,0,0,2,0,NA
"649",649,649,"madoqua","guentheri","gunthers_dik_dik",1,4,"N2","control","N2T6","salt",1,1,"2024-08-19 08:41:00","2024-08-19 08:41:01",8.68333333333333,"0:00:01",0.0166666666666667,1,0,0,0,0,0,0,NA
"650",650,650,"madoqua","guentheri","gunthers_dik_dik",1,4,"N2","control","N2T6","salt",1,1,"2024-08-19 23:16:46","2024-08-19 23:16:47",23.2794444444444,"0:00:01",0.0166666666666667,0,0,1,0,0,1,0,NA
"651",651,651,"madoqua","guentheri","gunthers_dik_dik",1,4,"N2","control","N2T6","salt",1,1,"2024-08-20 02:08:53","2024-08-20 02:10:00",2.14805555555556,"0:01:07",1.11666666666667,0,1,0,0,0,1,0,NA
"652",652,652,"madoqua","guentheri","gunthers_dik_dik",1,4,"N2","control","N2T6","salt",1,1,"2024-08-20 05:39:03","2024-08-20 05:43:38",5.65083333333333,"0:04:35",4.58333333333333,0,1,1,0,0,2,0,NA
"653",653,653,"aepyceros","melampus","impala",1,4,"N2","control","N2T6","salt",1,1,"2024-08-20 06:19:34","2024-08-20 06:43:55",6.32611111111111,"0:24:21",24.35,0,1,1,0,0,2,0,"turned light at 06:32:15.000"
"654",654,654,"madoqua","guentheri","gunthers_dik_dik",1,4,"N2","control","N2T6","salt",1,1,"2024-08-20 07:27:04","2024-08-20 07:28:58",7.45111111111111,"0:01:54",1.9,1,1,0,0,0,1,0,NA
"655",655,655,"aepyceros","melampus","impala",2,4,"N2","control","N2T6","salt",1,1,"2024-08-20 07:46:02","2024-08-20 07:48:36",7.76722222222222,"0:02:34",2.56666666666667,1,1,1,0,0,2,0,NA
"656",656,656,"madoqua","guentheri","gunthers_dik_dik",1,4,"N2","control","N2T6","salt",1,0,"2024-08-20 23:31:28","2024-08-20 23:31:29",23.5244444444444,"0:00:01",0.0166666666666667,0,0,0,0,0,0,0,NA
"657",657,657,"xerus","erythropus","ground_squirrels",1,4,"N2","control","N2T7","millet",1,1,"2024-08-15 14:30:02","2024-08-15 14:41:39",14.5005555555556,"0:11:37",11.6166666666667,1,1,1,1,0,3,0,NA
"658",658,658,"ichneumia","albicauda","white_tailed_mongoose",1,4,"N2","control","N2T7","egg",1,1,"2024-08-17 00:10:37","2024-08-17 00:19:30",0.176944444444444,"0:08:53",8.88333333333333,0,1,1,1,1,4,1,NA
"659",659,659,"ichneumia","albicauda","white_tailed_mongoose",1,4,"N2","control","N2T7","egg",1,1,"2024-08-17 19:43:51","2024-08-17 19:50:09",19.7308333333333,"0:06:18",6.3,0,1,1,1,1,4,1,"consumed 1 egg"
"660",660,660,"equus","grevyi","grevys_zebra",1,4,"N2","control","N2T7","salt",1,1,"2024-08-18 19:05:29","2024-08-18 19:05:31",19.0913888888889,"0:00:02",0.0333333333333333,0,1,0,0,0,1,0,NA
"661",661,661,"ichneumia","albicauda","white_tailed_mongoose",1,4,"N2","control","N2T7","egg",1,1,"2024-08-18 01:12:19","2024-08-18 01:12:19",1.20527777777778,"0:00:01",0.01666667,0,1,1,1,1,3,1,NA
"662",662,662,"genetta","gspp","genets",1,4,"N2","control","N2T7","egg",1,1,"2024-08-18 05:38:14","2024-08-18 05:38:20",5.63722222222222,"0:00:06",0.1,0,1,0,0,0,1,0,NA
"663",663,663,"ichneumia","albicauda","white_tailed_mongoose",1,4,"N2","control","N2T7","egg",1,1,"2024-08-18 05:57:31","2024-08-18 05:58:38",5.95861111111111,"0:01:07",1.11666666666667,0,1,1,0,0,2,0,NA
"664",664,664,"equus","grevyi","grevys_zebra",1,4,"N2","control","N2T7","salt",1,1,"2024-08-18 21:41:29","2024-08-18 21:41:30",21.6913888888889,"0:00:01",0.0166666666666667,0,1,0,0,0,1,0,NA
"665",665,665,"madoqua","guentheri","gunthers_dik_dik",2,4,"N2","control","N2T7","salt",1,1,"2024-08-18 21:45:45","2024-08-18 21:56:48",21.7625,"0:11:03",11.05,0,1,1,0,0,2,0,NA
"666",666,666,"madoqua","guentheri","gunthers_dik_dik",1,4,"N2","control","N2T7","salt",1,1,"2024-08-19 00:39:44","2024-08-19 00:39:45",0.662222222222222,"0:00:01",0.0166666666666667,0,1,1,0,0,2,0,NA
"667",667,667,"aepyceros","melampus","impala",1,4,"N2","control","N2T7","salt",1,1,"2024-08-19 07:27:05","2024-08-19 07:27:05",7.45138888888889,"0:00:01",0.01666667,1,0,0,0,0,0,0,NA
"668",668,668,"madoqua","guentheri","gunthers_dik_dik",1,4,"N2","control","N2T7","salt",1,1,"2024-08-19 23:28:26","2024-08-19 23:28:27",23.4738888888889,"0:00:01",0.0166666666666667,0,1,0,0,0,1,0,NA
"669",669,669,"madoqua","guentheri","gunthers_dik_dik",1,4,"N2","control","N2T7","salt",1,1,"2024-08-20 02:05:41","2024-08-20 02:05:42",2.09472222222222,"0:00:01",0.0166666666666667,0,0,1,0,0,1,0,NA
"670",670,670,"lepus","lspp","hare",1,4,"N2","control","N2T8","millet",1,1,"2024-08-14 02:34:00","2024-08-14 02:34:01",2.56666666666667,"0:00:01",0.0166666666666667,0,0,0,0,0,0,0,NA
"671",671,671,"lepus","lspp","hare",1,4,"N2","control","N2T8","millet",1,1,"2024-08-14 23:47:51","2024-08-14 23:47:56",23.7975,"0:00:05",0.0833333333333333,0,1,0,0,0,1,0,NA
"672",672,672,"hyaena","hyaena","striped_hyena",1,4,"N2","control","N2T8","egg",1,1,"2024-08-17 20:33:48","2024-08-17 20:38:52",20.5633333333333,"0:05:04",5.06666666666667,0,1,1,1,1,4,1,"consumed 1 egg"
"673",673,673,"ichneumia","albicauda","white_tailed_mongoose",1,4,"N2","control","N2T8","egg",1,1,"2024-08-17 22:38:27","2024-08-17 22:39:03",22.6408333333333,"0:00:36",0.6,0,1,1,0,0,2,0,NA
"674",674,674,"aepyceros","melampus","impala",17,4,"N2","control","N2T8","salt",1,1,"2024-08-18 14:56:10","2024-08-18 17:29:08",14.9361111111111,"2:32:58",152.966666666667,1,1,1,1,1,4,1,NA
"675",675,675,"equus","grevyi","grevys_zebra",1,4,"N2","control","N2T8","salt",1,0,"2024-08-18 17:28:01","2024-08-18 18:07:04",17.4669444444444,"0:39:03",39.05,1,1,1,1,0,3,0,NA
"676",676,676,"equus","grevyi","grevys_zebra",1,4,"N2","control","N2T8","salt",1,0,"2024-08-18 18:57:48","2024-08-18 18:57:50",18.9633333333333,"0:00:02",0.0333333333333333,0,0,0,0,0,0,0,NA
"677",677,677,"aepyceros","melampus","impala",14,4,"N2","control","N2T8","salt",1,0,"2024-08-18 19:07:27","2024-08-18 20:02:00",19.1241666666667,"0:54:33",54.55,0,1,1,0,0,2,0,NA
"678",678,678,"aepyceros","melampus","impala",1,4,"N2","control","N2T8","salt",1,0,"2024-08-18 21:38:59","2024-08-18 21:41:28",21.6497222222222,"0:02:29",2.48333333333333,0,1,1,0,0,2,0,NA
"679",679,679,"aepyceros","melampus","impala",1,4,"N2","control","N2T8","salt",1,0,"2024-08-18 22:09:59","2024-08-18 22:16:47",22.1663888888889,"0:06:48",6.8,0,1,1,0,0,2,0,NA
"680",680,680,"aepyceros","melampus","impala",3,4,"N2","control","N2T8","salt",1,0,"2024-08-18 23:18:04","2024-08-18 23:20:10",23.3011111111111,"0:02:06",2.1,0,1,0,0,0,1,0,NA
"681",681,681,"aepyceros","melampus","impala",10,4,"N2","control","N2T8","salt",1,0,"2024-08-18 23:39:37","2024-08-19 00:40:39",23.6602777777778,"1:01:02",61.0333333333333,0,1,0,0,0,1,0,NA
"682",682,682,"aepyceros","melampus","impala",3,4,"N2","control","N2T8","salt",1,0,"2024-08-19 01:07:18","2024-08-19 01:15:12",1.12166666666667,"0:07:54",7.9,0,1,1,0,0,2,0,NA
"683",683,683,"madoqua","guentheri","gunthers_dik_dik",2,4,"N2","control","N2T8","salt",1,0,"2024-08-19 02:17:29","2024-08-19 02:36:15",2.29138888888889,"0:18:46",18.7666666666667,0,1,0,0,0,1,0,NA
"684",684,684,"aepyceros","melampus","impala",5,4,"N2","control","N2T8","salt",1,0,"2024-08-19 03:20:08","2024-08-19 04:00:50",3.33555555555556,"0:40:42",40.7,0,1,1,0,0,2,0,NA
"685",685,685,"aepyceros","melampus","impala",2,4,"N2","control","N2T8","salt",1,0,"2024-08-19 04:29:29","2024-08-19 04:40:59",4.49138888888889,"0:11:30",11.5,0,0,0,0,0,0,0,NA
"686",686,686,"aepyceros","melampus","impala",10,4,"N2","control","N2T8","salt",1,0,"2024-08-19 05:34:37","2024-08-19 06:51:15",5.57694444444444,"1:16:38",76.6333333333333,0,1,1,0,0,2,0,NA
"687",687,687,"madoqua","guentheri","gunthers_dik_dik",3,4,"N2","control","N2T8","salt",1,0,"2024-08-19 07:07:36","2024-08-19 07:07:38",7.12666666666667,"0:00:02",0.0333333333333333,1,0,0,0,0,0,0,NA
"688",688,688,"aepyceros","melampus","impala",1,4,"N2","control","N2T8","salt",1,0,"2024-08-19 07:23:17","2024-08-19 07:23:19",7.38805555555556,"0:00:02",0.0333333333333333,1,0,0,0,0,0,0,NA
"689",689,689,"aepyceros","melampus","impala",5,4,"N2","control","N2T8","salt",1,0,"2024-08-19 12:57:27","2024-08-19 14:02:47",12.9575,"1:05:20",65.3333333333333,1,1,1,0,0,2,0,NA
"690",690,690,"aepyceros","melampus","impala",2,4,"N2","control","N2T8","salt",1,0,"2024-08-19 15:50:27","2024-08-19 15:56:25",15.8408333333333,"0:05:58",5.96666666666667,1,1,1,0,0,2,0,NA
"691",691,691,"aepyceros","melampus","impala",2,4,"N2","control","N2T8","salt",1,0,"2024-08-19 17:45:30","2024-08-19 18:03:53",17.7583333333333,"0:18:23",18.3833333333333,1,1,1,0,0,2,0,NA
"692",692,692,"madoqua","guentheri","gunthers_dik_dik",2,4,"N2","control","N2T8","salt",1,0,"2024-08-19 19:02:11","2024-08-19 19:03:32",19.0363888888889,"0:01:21",1.35,0,0,0,0,0,0,0,NA
"693",693,693,"aepyceros","melampus","impala",1,4,"N2","control","N2T8","salt",1,0,"2024-08-20 01:31:49","2024-08-20 02:03:52",1.53027777777778,"0:32:03",32.05,0,1,1,0,0,2,0,NA
"694",694,694,"aepyceros","melampus","impala",2,4,"N2","control","N2T8","salt",1,0,"2024-08-20 04:10:39","2024-08-20 04:46:15",4.1775,"0:35:36",35.6,0,1,0,0,0,1,0,NA
"695",695,695,"aepyceros","melampus","impala",2,4,"N2","control","N2T8","salt",1,0,"2024-08-20 05:47:39","2024-08-20 06:32:55",5.79416666666667,"0:45:16",45.2666666666667,0,1,1,0,0,2,0,NA
"696",696,696,"equus","grevyi","grevys_zebra",1,4,"N2","control","N2T8","salt",1,0,"2024-08-20 07:57:13","2024-08-20 08:04:02",7.95361111111111,"0:06:49",6.81666666666667,1,1,1,0,0,2,0,NA
"697",697,697,"madoqua","guentheri","gunthers_dik_dik",2,4,"N2","control","N2T9","millet",0,1,"2024-08-14 19:53:31","2024-08-14 19:57:38",19.8919444444444,"0:04:07",4.11666666666667,0,1,1,1,0,3,0,NA
"698",698,698,"lepus","lspp","hare",1,4,"N2","control","N2T9","millet",1,1,"2024-08-14 22:30:55","2024-08-14 22:36:10",22.5152777777778,"0:05:15",5.25,0,1,1,1,0,3,0,NA
"699",699,699,"madoqua","guentheri","gunthers_dik_dik",2,4,"N2","control","N2T9","millet",0,1,"2024-08-15 01:08:43","2024-08-15 01:09:36",1.14527777777778,"0:00:53",0.883333333333333,0,1,1,1,0,3,0,NA
"700",700,700,"aepyceros","melampus","impala",2,4,"N2","control","N2T9","millet",0,1,"2024-08-15 12:16:32","2024-08-15 12:19:25",12.2755555555556,"0:02:53",2.88333333333333,1,1,1,1,0,3,0,NA
"701",701,701,"aepyceros","melampus","impala",3,4,"N2","control","N2T9","millet",0,1,"2024-08-15 12:39:00","2024-08-15 12:41:08",12.65,"0:02:08",2.13333333333333,1,1,1,1,0,3,0,NA
"702",702,702,"aepyceros","melampus","impala",4,4,"N2","control","N2T9","millet",0,1,"2024-08-15 13:48:58","2024-08-15 13:51:43",13.8161111111111,"0:02:45",2.75,1,1,1,1,0,3,0,NA
"703",703,703,"lepus","lspp","hare",1,4,"N2","control","N2T9","millet",1,1,"2024-08-16 00:29:53","2024-08-16 00:32:07",0.498055555555556,"0:02:14",2.23333333333333,0,1,1,1,0,3,0,NA
"704",704,704,"lepus","lspp","hare",1,4,"N2","control","N2T9","millet",1,1,"2024-08-16 01:13:06","2024-08-16 01:15:57",1.21833333333333,"0:02:51",2.85,0,1,1,1,0,3,0,NA
"705",705,705,"madoqua","guentheri","gunthers_dik_dik",1,4,"N2","control","N2T9","millet",0,1,"2024-08-16 08:54:16","2024-08-16 09:04:53",8.90444444444445,"0:10:37",10.6166666666667,1,1,1,1,0,3,0,NA
"706",706,706,"lepus","lspp","hare",1,4,"N2","control","N2T9","egg",0,1,"2024-08-17 03:41:24","2024-08-17 03:41:43",3.69,"0:00:19",0.316666666666667,0,1,1,1,0,3,0,NA
"707",707,707,"lepus","lspp","hare",1,4,"N2","control","N2T9","egg",0,1,"2024-08-17 22:04:49","2024-08-17 22:08:18",22.0802777777778,"0:03:29",3.48333333333333,0,1,1,1,0,3,0,NA
"708",708,708,"lepus","lspp","hare",1,4,"N2","control","N2T9","egg",0,1,"2024-08-17 23:57:50","2024-08-18 00:05:29",23.9638888888889,"0:07:39",7.65,0,1,1,1,0,4,0,NA
"709",709,709,"aepyceros","melampus","impala",3,4,"N2","control","N2T9","egg",0,1,"2024-08-18 09:22:06","2024-08-18 09:29:53",9.36833333333333,"0:07:47",7.78333333333333,1,1,1,1,0,4,0,NA
"710",710,710,"madoqua","guentheri","gunthers_dik_dik",1,4,"N2","control","N2T9","salt",1,1,"2024-08-18 18:49:08","2024-08-18 18:50:10",18.8188888888889,"0:01:02",1.03333333333333,1,1,1,1,0,3,0,NA
"711",711,711,"madoqua","guentheri","gunthers_dik_dik",2,4,"N2","control","N2T9","salt",1,1,"2024-08-19 00:32:46","2024-08-19 00:33:48",0.546111111111111,"0:01:02",1.03333333333333,0,1,1,1,0,4,0,NA
"712",712,712,"ichneumia","albicauda","white_tailed_mongoose",1,4,"N2","control","N2T9","salt",0,1,"2024-08-19 05:54:23","2024-08-19 05:54:24",5.90638888888889,"0:00:01",0.0166666666666667,0,1,1,1,0,4,0,NA
"713",713,713,"madoqua","guentheri","gunthers_dik_dik",1,4,"N2","control","N2T9","salt",1,1,"2024-08-19 07:37:33","2024-08-19 07:51:54",7.62583333333333,"0:14:21",14.35,1,1,1,1,0,4,0,NA
"714",714,714,"aepyceros","melampus","impala",1,4,"N2","control","N2T9","salt",1,1,"2024-08-19 08:19:19","2024-08-19 08:33:33",8.32194444444444,"0:14:14",14.2333333333333,1,1,1,1,0,4,0,NA
"715",715,715,"aepyceros","melampus","impala",1,4,"N2","control","N2T9","salt",1,1,"2024-08-19 10:39:28","2024-08-19 11:16:22",10.6577777777778,"0:36:54",36.9,1,1,1,1,0,4,0,NA
"716",716,716,"aepyceros","melampus","impala",7,4,"N2","control","N2T9","salt",1,1,"2024-08-19 18:45:02","2024-08-19 18:54:13",18.7505555555556,"0:09:11",9.18333333333333,1,1,1,1,1,4,1,NA
"717",717,717,"madoqua","guentheri","gunthers_dik_dik",1,4,"N2","control","N2T9","salt",1,1,"2024-08-20 00:40:49","2024-08-20 00:48:35",0.680277777777778,"0:07:46",7.76666666666667,0,1,1,1,0,3,0,NA
"718",718,718,"aepyceros","melampus","impala",8,4,"N2","control","N2T9","salt",1,1,"2024-08-20 07:40:26","2024-08-20 09:29:38",7.67388888888889,"1:49:12",109.2,1,1,1,1,1,4,1,NA
"719",719,719,"ichneumia","albicauda","white_tailed_mongoose",1,4,"N2","control","N2T10","millet",0,1,"2024-08-14 20:15:03","2024-08-14 20:15:09",20.2508333333333,"0:00:06",0.1,0,1,1,1,0,4,0,NA
"720",720,720,"lepus","lspp","hare",1,4,"N2","control","N2T10","millet",1,1,"2024-08-14 22:00:58","2024-08-14 22:01:27",22.0161111111111,"0:00:29",0.483333333333333,0,1,1,1,0,3,0,NA
"721",721,721,"madoqua","guentheri","gunthers_dik_dik",2,4,"N2","control","N2T10","millet",0,1,"2024-08-14 23:37:54","2024-08-14 23:46:16",23.6316666666667,"0:08:22",8.36666666666667,0,1,1,1,0,3,0,NA
"722",722,722,"lepus","lspp","hare",1,4,"N2","control","N2T10","millet",1,1,"2024-08-15 00:40:40","2024-08-15 00:42:21",0.677777777777778,"0:01:41",1.68333333333333,0,1,1,1,0,3,0,NA
"723",723,723,"aepyceros","melampus","impala",8,4,"N2","control","N2T10","millet",0,1,"2024-08-15 13:59:28","2024-08-15 14:20:25",13.9911111111111,"0:20:57",20.95,1,1,1,1,0,3,0,NA
"724",724,724,"ichneumia","albicauda","white_tailed_mongoose",1,4,"N2","control","N2T10","millet",0,1,"2024-08-16 06:28:03","2024-08-16 06:28:09",6.4675,"0:00:06",0.1,0,1,1,1,0,4,0,NA
"725",725,725,"ichneumia","albicauda","white_tailed_mongoose",2,4,"N2","control","N2T10","egg",1,1,"2024-08-17 02:35:24","2024-08-17 02:46:44",2.59,"0:11:20",11.3333333333333,0,1,1,1,1,4,1,NA
"726",726,726,"syncerus","caffer","cape_buffalo",2,4,"N2","control","N2T10","egg",0,1,"2024-08-17 07:24:11","2024-08-17 07:25:03",7.40305555555556,"0:00:52",0.866666666666667,0,1,1,1,0,3,0,NA
"727",727,727,"aepyceros","melampus","impala",4,4,"N2","control","N2T10","egg",0,1,"2024-08-17 14:04:52","2024-08-17 14:08:22",14.0811111111111,"0:03:30",3.5,1,1,1,1,0,3,0,NA
"728",728,728,"chlorocebus","pygerythrus","vervet_monkey",3,4,"N2","control","N2T10","egg",0,1,"2024-08-17 15:59:15","2024-08-17 16:07:11",15.9875,"0:07:56",7.93333333333333,1,1,1,1,1,4,1,NA
"729",729,729,"lepus","lspp","hare",1,4,"N2","control","N2T10","egg",0,0,"2024-08-18 02:01:07","2024-08-18 02:04:04",2.01861111111111,"0:02:57",2.95,0,1,1,1,0,4,0,NA
"730",730,730,"lepus","lspp","hare",1,4,"N2","control","N2T10","egg",0,0,"2024-08-18 03:47:58","2024-08-18 03:48:03",3.79944444444444,"0:00:05",0.0833333333333333,0,1,1,1,0,4,0,NA
"731",731,731,"lepus","lspp","hare",1,4,"N2","control","N2T10","salt",0,1,"2024-08-18 23:07:34","2024-08-18 23:14:29",23.1261111111111,"0:06:55",6.91666666666667,0,1,1,1,0,3,0,NA
"732",732,732,"loxodonta","africana","african_elephant",2,4,"N2","control","N2T10","salt",1,1,"2024-08-19 06:04:42","2024-08-19 06:05:44",6.07833333333333,"0:01:02",1.03333333333333,0,1,1,1,1,4,1,NA
"733",733,733,"aepyceros","melampus","impala",2,4,"N2","control","N2T10","salt",1,1,"2024-08-19 18:39:49","2024-08-19 18:47:43",18.6636111111111,"0:07:54",7.9,1,1,1,1,1,4,1,NA
"734",734,734,"madoqua","guentheri","gunthers_dik_dik",2,4,"N2","control","N2T10","salt",1,1,"2024-08-20 01:30:20","2024-08-20 01:42:58",1.50555555555556,"0:12:38",12.6333333333333,0,1,1,1,0,3,0,NA
"735",735,735,"aepyceros","melampus","impala",3,4,"N2","control","N2T11","millet",0,1,"2024-08-15 07:21:22","2024-08-15 07:23:09",7.35611111111111,"0:01:47",1.78333333333333,1,1,1,1,0,4,0,NA
"736",736,736,"crocuta","crocuta","spotted_hyena",1,4,"N2","control","N2T11","egg",1,1,"2024-08-18 01:47:34","2024-08-18 01:54:03",1.79277777777778,"0:06:29",6.48333333333333,0,1,1,1,1,4,1,NA
"737",737,737,"aepyceros","melampus","impala",1,4,"N2","control","N2T11","salt",1,1,"2024-08-18 18:11:16","2024-08-18 18:19:46",18.1877777777778,"0:08:30",8.5,1,1,1,1,1,4,1,NA
"738",738,738,"aepyceros","melampus","impala",1,4,"N2","control","N2T11","salt",1,1,"2024-08-19 11:13:25","2024-08-19 11:32:17",11.2236111111111,"0:18:52",18.8666666666667,1,1,1,1,1,4,1,NA
"739",739,739,"loxodonta","africana","african_elephant",2,4,"N2","control","N2T11","salt",1,1,"2024-08-19 15:32:31","2024-08-19 15:41:08",15.5419444444444,"0:08:37",8.61666666666667,1,1,1,1,1,4,1,NA
"740",740,740,"aepyceros","melampus","impala",1,4,"N2","control","N2T11","salt",1,1,"2024-08-20 06:38:16","2024-08-20 06:46:25",6.63777777777778,"0:08:09",8.15,1,1,1,1,1,4,1,NA
"741",741,741,"madoqua","guentheri","gunthers_dik_dik",2,4,"N2","control","N2T12","millet",0,1,"2024-08-14 20:41:42","2024-08-14 21:06:22",20.695,"0:24:40",24.6666666666667,0,1,1,1,0,3,0,NA
"742",742,742,"madoqua","guentheri","gunthers_dik_dik",1,4,"N2","control","N2T12","millet",0,1,"2024-08-14 22:10:32","2024-08-14 22:11:01",22.1755555555556,"0:00:29",0.483333333333333,0,1,1,1,0,3,0,NA
"743",743,743,"madoqua","guentheri","gunthers_dik_dik",1,4,"N2","control","N2T12","millet",0,1,"2024-08-14 23:47:22","2024-08-14 23:47:51",23.7894444444444,"0:00:29",0.483333333333333,0,1,1,1,0,3,0,NA
"744",744,744,"aepyceros","melampus","impala",2,4,"N2","control","N2T12","egg",0,1,"2024-08-16 12:13:02","2024-08-16 12:14:41",12.2172222222222,"0:01:39",1.65,1,1,1,1,0,3,0,NA
"745",745,745,"lepus","lspp","hare",1,4,"N2","control","N2T12","egg",0,1,"2024-08-16 22:39:44","2024-08-16 23:10:13",22.6622222222222,"0:30:29",30.4833333333333,0,1,1,1,0,4,0,NA
"746",746,746,"madoqua","guentheri","gunthers_dik_dik",1,4,"N2","control","N2T12","egg",0,1,"2024-08-17 00:48:55","2024-08-17 00:49:09",0.815277777777778,"0:00:14",0.233333333333333,0,1,1,1,0,3,0,NA
"747",747,747,"madoqua","guentheri","gunthers_dik_dik",2,4,"N2","control","N2T12","egg",0,1,"2024-08-17 15:36:44","2024-08-17 15:58:22",15.6122222222222,"0:21:38",21.6333333333333,1,1,1,1,0,3,0,NA
"748",748,748,"madoqua","guentheri","gunthers_dik_dik",1,4,"N2","control","N2T12","egg",0,1,"2024-08-18 07:10:12","2024-08-18 07:12:48",7.17,"0:02:36",2.6,1,1,1,1,0,4,0,NA
"749",749,749,"madoqua","guentheri","gunthers_dik_dik",2,4,"N2","control","N2T12","salt",1,1,"2024-08-18 16:50:11","2024-08-18 16:50:11",16.8363888888889,"0:00:01",0.01666667,1,1,1,1,1,4,1,NA
"750",750,750,"loxodonta","africana","african_elephant",2,4,"N2","control","N2T12","salt",1,1,"2024-08-18 18:40:53","2024-08-18 18:43:00",18.6813888888889,"0:02:07",2.11666666666667,1,1,1,1,0,4,0,NA
"751",751,751,"equus","grevyi","grevys_zebra",1,4,"N2","control","N2T12","salt",1,1,"2024-08-18 21:51:18","2024-08-18 21:51:20",21.855,"0:00:02",0.0333333333333333,0,1,1,1,1,4,1,NA
"752",752,752,"madoqua","guentheri","gunthers_dik_dik",1,4,"N2","control","N2T12","salt",1,1,"2024-08-18 22:49:43","2024-08-18 23:11:33",22.8286111111111,"0:21:50",21.8333333333333,0,1,1,1,0,4,0,NA
"753",753,753,"aepyceros","melampus","impala",8,4,"N2","control","N2T12","salt",1,1,"2024-08-19 08:34:11","2024-08-19 09:47:39",8.56972222222222,"1:13:28",73.4666666666667,1,1,1,1,1,4,1,NA
"754",754,754,"madoqua","guentheri","gunthers_dik_dik",2,4,"N2","control","N2T12","salt",1,1,"2024-08-19 11:04:24","2024-08-19 11:18:19",11.0733333333333,"0:13:55",13.9166666666667,1,1,1,1,1,4,1,NA
"755",755,755,"aepyceros","melampus","impala",1,4,"N2","control","N2T12","salt",1,1,"2024-08-19 12:41:59","2024-08-19 13:07:02",12.6997222222222,"0:25:03",25.05,1,1,1,1,1,4,1,NA
"756",756,756,"madoqua","guentheri","gunthers_dik_dik",2,4,"N2","control","N2T12","salt",1,1,"2024-08-19 14:29:44","2024-08-19 14:48:31",14.4955555555556,"0:18:47",18.7833333333333,1,1,1,1,1,4,1,NA
"757",757,757,"loxodonta","africana","african_elephant",2,4,"N2","control","N2T12","salt",1,1,"2024-08-19 16:33:54","2024-08-19 16:41:43",16.565,"0:07:49",7.81666666666667,1,1,1,1,1,4,1,NA
"758",758,758,"aepyceros","melampus","impala",1,4,"N2","control","N2T12","salt",1,1,"2024-08-19 17:19:35","2024-08-19 17:54:48",17.3263888888889,"0:35:13",35.2166666666667,1,1,1,1,1,4,1,NA
"759",759,759,"madoqua","guentheri","gunthers_dik_dik",1,4,"N2","control","N2T12","salt",1,1,"2024-08-19 21:54:41","2024-08-19 22:14:53",21.9113888888889,"0:20:12",20.2,0,1,1,1,1,4,1,NA
"760",760,760,"lepus","lspp","hare",1,4,"N2","control","N2T12","salt",0,1,"2024-08-20 00:54:04","2024-08-20 01:08:36",0.901111111111111,"0:14:32",14.5333333333333,0,1,1,1,0,4,0,NA
"761",761,761,"aepyceros","melampus","impala",2,4,"N2","control","N2T12","salt",1,1,"2024-08-20 02:39:03","2024-08-20 03:57:20",2.65083333333333,"1:18:17",78.2833333333333,0,1,1,1,1,4,1,NA
"762",762,762,"hippopotamus","amphibius","hippopotomas",1,4,"N2","control","N2T12","salt",1,1,"2024-08-20 03:58:20","2024-08-20 03:59:23",3.97222222222222,"0:01:03",1.05,0,1,1,1,0,4,0,NA
"763",763,763,"aepyceros","melampus","impala",1,4,"N2","control","N2T12","salt",1,1,"2024-08-20 07:53:56","2024-08-20 08:02:32",7.89888888888889,"0:08:36",8.6,1,1,1,1,1,4,1,NA
"764",764,764,"madoqua","guentheri","gunthers_dik_dik",1,4,"S2","human","S2T1","millet",0,1,"2024-08-14 09:03:44","2024-08-14 09:04:33",9.06222222222222,"0:00:49",0.816666666666667,1,1,1,1,0,4,0,NA
"765",765,765,"madoqua","guentheri","gunthers_dik_dik",1,4,"S2","human","S2T1","millet",0,1,"2024-08-14 19:21:44","2024-08-14 19:21:56",19.3622222222222,"0:00:12",0.2,0,1,1,1,0,3,0,NA
"766",766,766,"madoqua","guentheri","gunthers_dik_dik",1,4,"S2","human","S2T1","millet",0,1,"2024-08-15 00:26:08","2024-08-15 00:30:49",0.435555555555556,"0:04:41",4.68333333333333,0,1,1,1,0,3,0,NA
"767",767,767,"herpestes","sanguineus","slender_mongoose",1,4,"S2","human","S2T1","millet",0,1,"2024-08-15 10:00:48","2024-08-15 10:00:58",10.0133333333333,"0:00:10",0.166666666666667,1,1,1,1,0,4,0,NA
"768",768,768,"loxodonta","africana","african_elephant",3,4,"S2","human","S2T1","millet",0,1,"2024-08-15 17:38:31","2024-08-15 17:42:29",17.6419444444444,"0:03:58",3.96666666666667,1,1,1,1,0,4,0,NA
"769",769,769,"mus","mspp","nocturnal_rodent",1,4,"S2","human","S2T1","millet",1,1,"2024-08-15 20:36:29","2024-08-15 20:36:35",20.6080555555556,"0:00:06",0.1,0,1,1,1,0,3,0,NA
"770",770,770,"xerus","erythropus","ground_squirrels",1,4,"S2","human","S2T1","millet",1,1,"2024-08-16 12:30:55","2024-08-16 12:36:04",12.5152777777778,"0:05:09",5.15,1,1,1,1,0,4,0,NA
"771",771,771,"loxodonta","africana","african_elephant",3,4,"S2","human","S2T1","egg",0,1,"2024-08-16 20:46:28","2024-08-16 20:47:55",20.7744444444444,"0:01:27",1.45,0,1,1,1,0,4,0,NA
"772",772,772,"madoqua","guentheri","gunthers_dik_dik",2,4,"S2","human","S2T1","egg",0,1,"2024-08-17 12:20:43","2024-08-17 12:21:04",12.3452777777778,"0:00:21",0.35,1,1,1,1,0,4,0,NA
"773",773,773,"equus","grevyi","grevys_zebra",1,4,"S2","human","S2T1","egg",0,1,"2024-08-17 17:17:16","2024-08-17 17:17:33",17.2877777777778,"0:00:17",0.283333333333333,1,1,1,1,0,4,0,NA
"774",774,774,"ichneumia","albicauda","white_tailed_mongoose",1,4,"S2","human","S2T1","egg",1,1,"2024-08-18 01:15:49","2024-08-18 01:22:57",1.26361111111111,"0:07:08",7.13333333333333,0,1,1,1,1,4,1,NA
"775",775,775,"crocuta","crocuta","spotted_hyena",1,4,"S2","human","S2T1","egg",1,1,"2024-08-18 01:22:59","2024-08-18 01:27:53",1.38305555555556,"0:04:54",4.9,0,1,1,1,1,4,1,"ate leftover egg from mongoose"
"776",776,776,"canis","mesomelas","black_backed_jackal",2,4,"S2","human","S2T1","egg",1,1,"2024-08-18 06:48:25","2024-08-18 06:49:23",6.80694444444444,"0:00:58",0.966666666666667,1,1,1,1,0,4,0,NA
"777",777,777,"equus","grevyi","grevys_zebra",1,4,"S2","human","S2T2","millet",0,1,"2024-08-14 13:52:32","2024-08-14 13:58:51",13.8755555555556,"0:06:19",6.31666666666667,1,1,1,1,1,4,1,NA
"778",778,778,"madoqua","guentheri","gunthers_dik_dik",1,4,"S2","human","S2T2","millet",0,1,"2024-08-14 15:00:28","2024-08-14 15:00:35",15.0077777777778,"0:00:07",0.116666666666667,1,1,1,0,0,2,0,NA
"779",779,779,"mus","mspp","nocturnal_rodent",1,4,"S2","human","S2T2","millet",1,1,"2024-08-14 21:42:55","2024-08-14 21:43:10",21.7152777777778,"0:00:15",0.25,0,1,1,1,0,3,0,"hedgehog"
"780",780,780,"madoqua","guentheri","gunthers_dik_dik",1,4,"S2","human","S2T2","millet",0,1,"2024-08-14 22:17:57","2024-08-14 22:18:36",22.2991666666667,"0:00:39",0.65,0,1,1,1,0,4,0,NA
"781",781,781,"equus","grevyi","grevys_zebra",1,4,"S2","human","S2T2","millet",0,1,"2024-08-15 00:55:15","2024-08-15 00:55:33",0.920833333333333,"0:00:18",0.3,0,1,1,1,0,4,0,NA
"782",782,782,"madoqua","guentheri","gunthers_dik_dik",2,4,"S2","human","S2T2","millet",0,1,"2024-08-15 01:29:00","2024-08-15 01:29:40",1.48333333333333,"0:00:40",0.666666666666667,0,1,1,1,0,4,0,NA
"783",783,783,"lepus","lspp","hare",1,4,"S2","human","S2T2","millet",1,1,"2024-08-15 20:26:10","2024-08-15 20:29:09",20.4361111111111,"0:02:59",2.98333333333333,0,1,1,1,0,4,0,NA
"784",784,784,"mus","mspp","nocturnal_rodent",1,4,"S2","human","S2T2","millet",1,1,"2024-08-15 21:26:29","2024-08-15 23:03:00",21.4413888888889,"1:36:31",96.5166666666667,0,1,1,1,0,4,0,"hedgehog"
"785",785,785,"madoqua","guentheri","gunthers_dik_dik",1,4,"S2","human","S2T2","egg",0,1,"2024-08-16 16:46:42","2024-08-16 16:46:52",16.7783333333333,"0:00:10",0.166666666666667,1,1,1,1,0,3,0,NA
"786",786,786,"madoqua","guentheri","gunthers_dik_dik",2,4,"S2","human","S2T2","egg",0,1,"2024-08-17 11:58:48","2024-08-17 11:59:22",11.98,"0:00:34",0.566666666666667,1,1,1,1,0,3,0,NA
"787",787,787,"madoqua","guentheri","gunthers_dik_dik",1,4,"S2","human","S2T2","egg",0,1,"2024-08-17 13:01:53","2024-08-17 13:02:04",13.0313888888889,"0:00:11",0.183333333333333,1,1,1,1,0,3,0,NA
"788",788,788,"herpestes","sanguineus","slender_mongoose",1,4,"S2","human","S2T2","egg",1,1,"2024-08-17 14:39:32","2024-08-17 14:40:19",14.6588888888889,"0:00:47",0.783333333333333,1,1,1,1,1,4,1,NA
"789",789,789,"lepus","lspp","hare",1,4,"S2","human","S2T2","egg",0,1,"2024-08-17 23:57:19","2024-08-17 23:58:26",23.9552777777778,"0:01:07",1.11666666666667,1,1,1,0,0,2,0,NA
"790",790,790,"canis","mesomelas","black_backed_jackal",1,4,"S2","human","S2T2","egg",1,1,"2024-08-18 06:48:36","2024-08-18 06:48:50",6.81,"0:00:14",0.233333333333333,1,1,1,1,0,4,0,NA
"791",791,791,"hyaena","hyaena","striped_hyena",1,4,"S2","human","S2T2","salt",0,1,"2024-08-18 18:19:20","2024-08-18 18:19:21",18.3222222222222,"0:00:01",0.0166666666666667,1,1,1,1,0,4,0,NA
"792",792,792,"lepus","lspp","hare",1,4,"S2","human","S2T2","salt",0,1,"2024-08-18 20:25:25","2024-08-18 20:30:30",20.4236111111111,"0:05:05",5.08333333333333,0,1,1,1,0,3,0,NA
"793",793,793,"syncerus","caffer","cape_buffalo",1,4,"S2","human","S2T2","salt",1,1,"2024-08-19 02:07:51","2024-08-19 02:07:52",2.13083333333333,"0:00:01",0.0166666666666667,0,1,1,1,0,3,0,NA
"794",794,794,"equus","grevyi","grevys_zebra",1,4,"S2","human","S2T2","salt",1,1,"2024-08-19 15:00:51","2024-08-19 15:21:31",15.0141666666667,"0:20:40",20.6666666666667,1,1,1,1,1,4,1,NA
"795",795,795,"aepyceros","melampus","impala",1,4,"S2","human","S2T3","millet",0,1,"2024-08-14 13:19:11","2024-08-14 13:29:07",13.3197222222222,"0:09:56",9.93333333333333,1,1,1,1,0,4,0,NA
"796",796,796,"equus","grevyi","grevys_zebra",1,4,"S2","human","S2T3","millet",0,1,"2024-08-14 13:19:58","2024-08-14 13:29:22",13.3327777777778,"0:09:24",9.4,1,1,1,1,0,4,0,NA
"797",797,797,"madoqua","guentheri","gunthers_dik_dik",2,4,"S2","human","S2T3","millet",0,1,"2024-08-15 14:49:01","2024-08-15 14:51:57",14.8169444444444,"0:02:56",2.93333333333333,1,1,1,1,0,4,0,NA
"798",798,798,"madoqua","guentheri","gunthers_dik_dik",1,4,"S2","human","S2T3","salt",1,1,"2024-08-15 18:48:16","2024-08-15 18:48:33",18.8044444444444,"0:00:17",0.283333333333333,0,1,1,1,0,3,0,NA
"799",799,799,"madoqua","guentheri","gunthers_dik_dik",1,4,"S2","human","S2T3","millet",0,1,"2024-08-16 08:13:00","2024-08-16 08:13:30",8.21666666666667,"0:00:30",0.5,1,1,1,1,0,4,0,NA
"800",800,800,"madoqua","guentheri","gunthers_dik_dik",1,4,"S2","human","S2T3","egg",0,1,"2024-08-16 17:22:54","2024-08-16 17:23:04",17.3816666666667,"0:00:10",0.166666666666667,1,1,1,1,0,4,0,NA
"801",801,801,"crocuta","crocuta","spotted_hyena",1,4,"S2","human","S2T3","egg",1,1,"2024-08-18 01:35:19","2024-08-18 01:42:29",1.58861111111111,"0:07:10",7.16666666666667,0,1,1,1,1,4,1,NA
"802",802,802,"madoqua","guentheri","gunthers_dik_dik",1,4,"S2","human","S2T3","egg",0,1,"2024-08-18 07:49:10","2024-08-18 07:52:02",7.81944444444444,"0:02:52",2.86666666666667,1,1,1,1,0,4,0,NA
"803",803,803,"madoqua","guentheri","gunthers_dik_dik",2,4,"S2","human","S2T3","salt",1,1,"2024-08-18 17:36:38","2024-08-18 17:40:59",17.6105555555556,"0:04:21",4.35,1,1,1,1,1,4,1,NA
"804",804,804,"madoqua","guentheri","gunthers_dik_dik",2,4,"S2","human","S2T3","salt",1,1,"2024-08-18 20:07:07","2024-08-18 23:36:43",20.1186111111111,"3:29:36",209.6,0,1,1,1,1,4,1,NA
"805",805,805,"madoqua","guentheri","gunthers_dik_dik",2,4,"S2","human","S2T3","salt",1,1,"2024-08-19 01:58:23","2024-08-19 02:02:50",1.97305555555556,"0:04:27",4.45,0,1,1,1,1,4,1,NA
"806",806,806,"madoqua","guentheri","gunthers_dik_dik",2,4,"S2","human","S2T3","salt",1,1,"2024-08-19 03:00:53","2024-08-19 03:05:08",3.01472222222222,"0:04:15",4.25,0,1,1,1,0,4,0,NA
"807",807,807,"madoqua","guentheri","gunthers_dik_dik",1,4,"S2","human","S2T3","salt",1,1,"2024-08-19 08:38:23","2024-08-19 08:42:19",8.63972222222222,"0:03:56",3.93333333333333,1,1,1,1,0,4,0,NA
"808",808,808,"madoqua","guentheri","gunthers_dik_dik",2,4,"S2","human","S2T3","salt",1,1,"2024-08-19 18:48:11","2024-08-19 18:52:25",18.8030555555556,"0:04:14",4.23333333333333,0,1,1,1,0,4,0,NA
"809",809,809,"loxodonta","africana","african_elephant",1,4,"S2","human","S2T3","salt",1,1,"2024-08-19 19:45:26","2024-08-19 19:45:28",19.7572222222222,"0:00:02",0.0333333333333333,0,1,1,1,1,4,1,NA
"810",810,810,"madoqua","guentheri","gunthers_dik_dik",3,4,"S2","human","S2T3","salt",1,1,"2024-08-20 00:35:38","2024-08-20 00:50:02",0.593888888888889,"0:14:24",14.4,0,1,1,1,1,4,1,NA
"811",811,811,"madoqua","guentheri","gunthers_dik_dik",1,4,"S2","human","S2T3","salt",1,1,"2024-08-20 08:46:55","2024-08-20 08:48:33",8.78194444444444,"0:01:38",1.63333333333333,0,1,1,1,0,4,0,NA
"812",812,812,"aepyceros","melampus","impala",7,4,"S2","human","S2T3","salt",1,1,"2024-08-20 09:25:58","2024-08-20 10:50:40",9.43277777777778,"1:24:42",84.7,1,1,1,1,1,4,1,NA
"813",813,813,"madoqua","guentheri","gunthers_dik_dik",1,4,"S2","human","S2T5","millet",0,1,"2024-08-14 12:29:15","2024-08-14 12:29:23",12.4875,"0:00:08",0.133333333333333,1,0,0,0,0,0,0,NA
"814",814,814,"madoqua","guentheri","gunthers_dik_dik",1,4,"S2","human","S2T5","millet",0,1,"2024-08-14 12:50:57","2024-08-14 12:58:01",12.8491666666667,"0:07:04",7.06666666666667,1,1,1,1,0,3,0,NA
"815",815,815,"madoqua","guentheri","gunthers_dik_dik",2,4,"S2","human","S2T5","millet",0,1,"2024-08-14 13:33:14","2024-08-14 13:33:21",13.5538888888889,"0:00:07",0.116666666666667,1,1,1,1,0,3,0,NA
"816",816,816,"aepyceros","melampus","impala",1,4,"S2","human","S2T5","millet",0,1,"2024-08-14 14:34:55","2024-08-14 14:49:19",14.5819444444444,"0:14:24",14.4,1,1,0,0,0,1,0,NA
"817",817,817,"madoqua","guentheri","gunthers_dik_dik",2,4,"S2","human","S2T5","millet",0,1,"2024-08-14 14:34:55","2024-08-14 14:39:04",14.5819444444444,"0:04:09",4.15,1,0,0,0,0,0,0,NA
"818",818,818,"aepyceros","melampus","impala",21,4,"S2","human","S2T5","millet",0,1,"2024-08-14 15:47:42","2024-08-14 16:15:42",15.795,"0:28:00",28,1,1,1,1,0,3,0,NA
"819",819,819,"aepyceros","melampus","impala",13,4,"S2","human","S2T5","millet",0,1,"2024-08-14 17:04:05","2024-08-14 17:18:35",17.0680555555556,"0:14:30",14.5,1,1,1,0,0,2,0,NA
"820",820,820,"crocuta","crocuta","spotted_hyena",1,4,"S2","human","S2T5","millet",0,1,"2024-08-14 17:41:36","2024-08-14 17:41:42",17.6933333333333,"0:00:06",0.1,1,0,0,0,0,0,0,NA
"821",821,821,"aepyceros","melampus","impala",1,4,"S2","human","S2T5","millet",0,1,"2024-08-14 18:24:54","2024-08-14 18:24:55",18.415,"0:00:01",0.0166666666666667,1,0,0,0,0,0,0,NA
"822",822,822,"lepus","lspp","hare",1,4,"S2","human","S2T5","millet",1,1,"2024-08-14 22:12:53","2024-08-14 22:13:43",22.2147222222222,"0:00:50",0.833333333333333,0,1,0,0,0,1,0,NA
"823",823,823,"lepus","lspp","hare",1,4,"S2","human","S2T5","millet",1,1,"2024-08-15 00:31:58","2024-08-15 00:32:58",0.532777777777778,"0:01:00",1,0,1,0,0,0,1,0,NA
"824",824,824,"aepyceros","melampus","impala",6,4,"S2","human","S2T5","millet",0,1,"2024-08-15 08:39:01","2024-08-15 09:30:53",8.65027777777778,"0:51:52",51.8666666666667,1,1,1,1,0,3,0,NA
"825",825,825,"aepyceros","melampus","impala",3,4,"S2","human","S2T5","millet",0,1,"2024-08-15 12:39:47","2024-08-15 12:39:54",12.6630555555556,"0:00:07",0.116666666666667,1,0,0,0,0,0,0,NA
"826",826,826,"aepyceros","melampus","impala",1,4,"S2","human","S2T5","millet",0,1,"2024-08-15 15:54:30","2024-08-15 15:54:39",15.9083333333333,"0:00:09",0.15,1,1,0,0,0,1,0,NA
"827",827,827,"canis","mesomelas","black_backed_jackal",1,4,"S2","human","S2T5","millet",0,1,"2024-08-15 17:35:26","2024-08-15 17:36:08",17.5905555555556,"0:00:42",0.7,1,1,0,0,0,1,0,NA
"828",828,828,"hyaena","hyaena","striped_hyena",1,4,"S2","human","S2T5","millet",0,1,"2024-08-15 21:15:32","2024-08-15 21:15:52",21.2588888888889,"0:00:20",0.333333333333333,0,0,0,0,0,0,0,NA
"829",829,829,"madoqua","guentheri","gunthers_dik_dik",2,4,"S2","human","S2T5","millet",0,1,"2024-08-15 22:16:14","2024-08-15 22:18:11",22.2705555555556,"0:01:57",1.95,0,1,1,0,0,2,0,NA
"830",830,830,"hyaena","hyaena","striped_hyena",1,4,"S2","human","S2T5","millet",0,1,"2024-08-15 23:11:14","2024-08-15 23:11:32",23.1872222222222,"0:00:18",0.3,0,0,0,0,0,0,0,NA
"831",831,831,"madoqua","guentheri","gunthers_dik_dik",2,4,"S2","human","S2T5","millet",0,1,"2024-08-16 01:38:03","2024-08-16 01:38:23",1.63416666666667,"0:00:20",0.333333333333333,0,0,0,0,0,0,0,NA
"832",832,832,"aepyceros","melampus","impala",4,4,"S2","human","S2T5","millet",0,1,"2024-08-16 06:17:38","2024-08-16 07:05:02",6.29388888888889,"0:47:24",47.4,0,1,1,1,0,3,0,NA
"833",833,833,"madoqua","guentheri","gunthers_dik_dik",2,4,"S2","human","S2T5","millet",0,1,"2024-08-16 07:32:31","2024-08-16 07:34:31",7.54194444444444,"0:02:00",2,1,1,1,0,0,2,0,NA
"834",834,834,"aepyceros","melampus","impala",5,4,"S2","human","S2T5","millet",0,1,"2024-08-16 10:22:16","2024-08-16 10:43:32",10.3711111111111,"0:21:16",21.2666666666667,1,1,1,1,0,3,0,NA
"835",835,835,"aepyceros","melampus","impala",4,4,"S2","human","S2T5","millet",0,1,"2024-08-16 11:24:15","2024-08-16 11:59:11",11.4041666666667,"0:34:56",34.9333333333333,1,1,1,1,0,3,0,NA
"836",836,836,"aepyceros","melampus","impala",1,4,"S2","human","S2T5","egg",0,1,"2024-08-16 13:57:02","2024-08-16 13:57:35",13.9505555555556,"0:00:33",0.55,1,1,1,1,0,3,0,NA
"837",837,837,"aepyceros","melampus","impala",1,4,"S2","human","S2T5","egg",0,1,"2024-08-16 13:57:02","2024-08-16 13:57:35",13.9505555555556,"0:00:33",0.55,1,1,1,1,0,3,0,NA
"838",838,838,"madoqua","guentheri","gunthers_dik_dik",1,4,"S2","human","S2T5","egg",0,1,"2024-08-16 14:00:54","2024-08-16 14:05:38",14.015,"0:04:44",4.73333333333333,1,1,1,0,0,2,0,NA
"839",839,839,"aepyceros","melampus","impala",1,4,"S2","human","S2T5","egg",0,1,"2024-08-16 15:40:29","2024-08-16 15:41:39",15.6747222222222,"0:01:10",1.16666666666667,1,1,1,0,0,2,0,NA
"840",840,840,"lepus","lspp","hare",1,4,"S2","human","S2T5","egg",0,1,"2024-08-16 20:43:08","2024-08-16 20:43:19",20.7188888888889,"0:00:11",0.183333333333333,0,1,0,0,0,1,0,NA
"841",841,841,"aepyceros","melampus","impala",1,4,"S2","human","S2T5","egg",0,1,"2024-08-16 22:42:40","2024-08-16 22:42:53",22.7111111111111,"0:00:13",0.216666666666667,0,1,0,0,0,1,0,NA
"842",842,842,"lepus","lspp","hare",1,4,"S2","human","S2T5","egg",0,1,"2024-08-17 01:06:29","2024-08-17 01:06:53",1.10805555555556,"0:00:24",0.4,0,1,0,0,0,1,0,NA
"843",843,843,"lepus","lspp","hare",1,4,"S2","human","S2T5","egg",0,1,"2024-08-17 03:24:02","2024-08-17 03:24:50",3.40055555555556,"0:00:48",0.8,0,1,1,1,0,3,0,NA
"844",844,844,"canis","mesomelas","black_backed_jackal",1,4,"S2","human","S2T5","egg",1,1,"2024-08-17 09:24:29","2024-08-17 09:24:35",9.40805555555556,"0:00:06",0.1,1,1,1,0,0,2,0,NA
"845",845,845,"loxodonta","africana","african_elephant",1,4,"S2","human","S2T5","egg",0,1,"2024-08-17 09:53:01","2024-08-17 09:53:17",9.88361111111111,"0:00:16",0.266666666666667,1,1,1,1,0,3,0,NA
"846",846,846,"aepyceros","melampus","impala",1,4,"S2","human","S2T5","egg",0,1,"2024-08-17 11:24:59","2024-08-17 11:25:00",11.4163888888889,"0:00:01",0.0166666666666667,1,0,0,0,0,0,0,NA
"847",847,847,"madoqua","guentheri","gunthers_dik_dik",2,4,"S2","human","S2T5","egg",0,1,"2024-08-17 13:34:51","2024-08-17 13:35:39",13.5808333333333,"0:00:48",0.8,1,1,1,0,0,2,0,NA
"848",848,848,"aepyceros","melampus","impala",1,4,"S2","human","S2T5","egg",0,1,"2024-08-17 14:36:39","2024-08-17 14:36:57",14.6108333333333,"0:00:18",0.3,1,1,1,1,0,3,0,NA
"849",849,849,"crocuta","crocuta","spotted_hyena",1,4,"S2","human","S2T5","egg",1,1,"2024-08-17 19:31:44","2024-08-17 19:33:18",19.5288888888889,"0:01:34",1.56666666666667,0,1,1,0,0,2,0,NA
"850",850,850,"lepus","lspp","hare",1,4,"S2","human","S2T5","egg",0,1,"2024-08-17 20:11:25","2024-08-17 20:20:27",20.1902777777778,"0:09:02",9.03333333333333,0,1,1,0,0,2,0,NA
"851",851,851,"ichneumia","albicauda","white_tailed_mongoose",1,4,"S2","human","S2T5","egg",1,1,"2024-08-17 20:46:25","2024-08-17 20:46:31",20.7736111111111,"0:00:06",0.1,0,0,1,0,0,1,0,NA
"852",852,852,"madoqua","guentheri","gunthers_dik_dik",2,4,"S2","human","S2T5","egg",0,1,"2024-08-17 22:28:48","2024-08-17 22:28:53",22.48,"0:00:05",0.0833333333333333,0,0,0,0,0,0,0,NA
"853",853,853,"lepus","lspp","hare",1,4,"S2","human","S2T5","egg",0,1,"2024-08-17 22:44:45","2024-08-17 22:45:00",22.7458333333333,"0:00:15",0.25,0,0,0,0,0,0,0,NA
"854",854,854,"madoqua","guentheri","gunthers_dik_dik",2,4,"S2","human","S2T5","egg",0,1,"2024-08-18 00:45:45","2024-08-18 00:45:50",0.7625,"0:00:05",0.0833333333333333,0,0,0,0,0,0,0,NA
"855",855,855,"lepus","lspp","hare",1,4,"S2","human","S2T5","egg",0,1,"2024-08-18 01:07:01","2024-08-18 01:08:20",1.11694444444444,"0:01:19",1.31666666666667,0,1,1,0,0,2,0,NA
"856",856,856,"crocuta","crocuta","spotted_hyena",1,4,"S2","human","S2T5","egg",1,1,"2024-08-18 01:43:12","2024-08-18 01:43:12",1.72,"0:00:01",0.01666667,0,1,0,0,0,1,0,NA
"857",857,857,"lepus","lspp","hare",1,4,"S2","human","S2T5","egg",0,1,"2024-08-18 02:23:37","2024-08-18 02:49:17",2.39361111111111,"0:25:40",25.6666666666667,0,1,1,0,0,2,0,NA
"858",858,858,"lepus","lspp","hare",2,4,"S2","human","S2T5","egg",0,1,"2024-08-18 03:17:42","2024-08-18 03:28:31",3.295,"0:10:49",10.8166666666667,0,1,1,0,0,2,0,NA
"859",859,859,"ichneumia","albicauda","white_tailed_mongoose",1,4,"S2","human","S2T5","egg",1,1,"2024-08-18 04:01:32","2024-08-18 04:01:34",4.02555555555556,"0:00:02",0.0333333333333333,0,1,0,0,0,1,0,NA
"860",860,860,"lepus","lspp","hare",1,4,"S2","human","S2T5","egg",0,1,"2024-08-18 05:58:54","2024-08-18 06:00:05",5.98166666666667,"0:01:11",1.18333333333333,0,0,0,0,0,0,0,NA
"861",861,861,"aepyceros","melampus","impala",1,4,"S2","human","S2T5","salt",1,1,"2024-08-18 14:45:45","2024-08-18 14:54:51",14.7625,"0:09:06",9.1,1,1,1,0,0,2,0,NA
"862",862,862,"aepyceros","melampus","impala",1,4,"S2","human","S2T5","salt",1,1,"2024-08-18 15:21:59","2024-08-18 15:22:01",15.3663888888889,"0:00:02",0.0333333333333333,1,0,0,0,0,0,0,NA
"863",863,863,"crocuta","crocuta","spotted_hyena",1,4,"S2","human","S2T5","salt",0,1,"2024-08-18 19:19:49","2024-08-18 19:19:50",19.3302777777778,"0:00:01",0.0166666666666667,0,1,0,0,0,1,0,NA
"864",864,864,"aepyceros","melampus","impala",1,4,"S2","human","S2T5","salt",1,1,"2024-08-19 13:05:27","2024-08-19 13:24:43",13.0908333333333,"0:19:16",19.2666666666667,1,1,1,0,0,2,0,NA
"865",865,865,"aepyceros","melampus","impala",1,4,"S2","human","S2T5","salt",1,1,"2024-08-19 18:36:45","2024-08-19 18:37:49",18.6125,"0:01:04",1.06666666666667,1,1,1,0,0,2,0,NA
"866",866,866,"equus","grevyi","grevys_zebra",1,4,"S2","human","S2T5","salt",1,1,"2024-08-20 03:20:41","2024-08-20 03:20:42",3.34472222222222,"0:00:01",0.0166666666666667,0,1,1,0,0,2,0,"camera cut off so the zebra could have eaten the salt, but we don't see it on camera"
"867",867,867,"crocuta","crocuta","spotted_hyena",1,4,"S2","human","S2T5","salt",0,1,"2024-08-20 05:17:54","2024-08-20 05:23:51",5.29833333333333,"0:05:57",5.95,0,1,1,1,0,3,0,NA
"868",868,868,"madoqua","guentheri","gunthers_dik_dik",1,4,"S2","human","S2T5","salt",1,0,"2024-08-20 14:43:21","2024-08-20 14:43:22",14.7225,"0:00:01",0.0166666666666667,1,0,0,0,0,0,0,NA
"869",869,869,"madoqua","guentheri","gunthers_dik_dik",1,4,"S2","human","S2T5","salt",1,0,"2024-08-20 15:44:51","2024-08-20 15:44:53",15.7475,"0:00:02",0.0333333333333333,1,0,0,0,0,0,0,NA
"870",870,870,"madoqua","guentheri","gunthers_dik_dik",1,4,"S2","human","S2T5","salt",1,0,"2024-08-20 19:04:36","2024-08-20 19:04:37",19.0766666666667,"0:00:01",0.0166666666666667,0,0,0,0,0,0,0,NA
"871",871,871,"madoqua","guentheri","gunthers_dik_dik",1,4,"S2","human","S2T5","salt",1,0,"2024-08-20 21:54:23","2024-08-20 21:54:24",21.9063888888889,"0:00:01",0.0166666666666667,0,0,0,0,0,0,0,NA
"872",872,872,"madoqua","guentheri","gunthers_dik_dik",2,4,"S2","human","S2T6","millet",0,1,"2024-08-14 13:32:33","2024-08-14 13:33:37",13.5425,"0:01:04",1.06666666666667,1,1,1,1,0,3,0,NA
"873",873,873,"lepus","lspp","hare",1,4,"S2","human","S2T6","millet",1,1,"2024-08-14 21:08:27","2024-08-14 21:10:13",21.1408333333333,"0:01:46",1.76666666666667,0,1,1,1,0,4,0,NA
"874",874,874,"ichneumia","albicauda","white_tailed_mongoose",1,4,"S2","human","S2T6","millet",0,1,"2024-08-15 01:47:30","2024-08-15 01:47:42",1.79166666666667,"0:00:12",0.2,0,1,1,1,0,4,0,NA
"875",875,875,"madoqua","guentheri","gunthers_dik_dik",1,4,"S2","human","S2T6","millet",0,1,"2024-08-15 10:45:21","2024-08-15 10:45:28",10.7558333333333,"0:00:07",0.116666666666667,1,1,1,1,0,3,0,NA
"876",876,876,"equus","grevyi","grevys_zebra",1,4,"S2","human","S2T6","millet",0,1,"2024-08-15 11:37:57","2024-08-15 11:38:01",11.6325,"0:00:04",0.0666666666666667,1,1,1,1,0,3,0,NA
"877",877,877,"loxodonta","africana","african_elephant",1,4,"S2","human","S2T6","millet",0,1,"2024-08-15 21:15:53","2024-08-15 21:17:33",21.2647222222222,"0:01:40",1.66666666666667,0,1,1,1,0,4,0,NA
"878",878,878,"equus","grevyi","grevys_zebra",1,4,"S2","human","S2T6","millet",0,1,"2024-08-16 00:27:27","2024-08-16 00:27:41",0.4575,"0:00:14",0.233333333333333,0,1,1,1,0,3,0,NA
"879",879,879,"equus","grevyi","grevys_zebra",1,4,"S2","human","S2T6","millet",0,1,"2024-08-16 01:14:00","2024-08-16 01:14:12",1.23333333333333,"0:00:12",0.2,0,1,1,1,0,4,0,NA
"880",880,880,"hyaena","hyaena","striped_hyena",1,4,"S2","human","S2T6","egg",1,1,"2024-08-16 17:33:04","2024-08-16 17:36:49",17.5511111111111,"0:03:45",3.75,1,1,1,1,1,4,1,NA
"881",881,881,"canis","mesomelas","black_backed_jackal",2,4,"S2","human","S2T6","egg",1,1,"2024-08-16 18:57:38","2024-08-16 18:57:55",18.9605555555556,"0:00:17",0.283333333333333,0,1,1,1,0,4,0,NA
"882",882,882,"canis","mesomelas","black_backed_jackal",2,4,"S2","human","S2T6","egg",1,1,"2024-08-17 09:18:16","2024-08-17 09:18:43",9.30444444444445,"0:00:27",0.45,1,1,1,1,0,4,0,NA
"883",883,883,"equus","grevyi","grevys_zebra",1,4,"S2","human","S2T6","egg",0,1,"2024-08-17 14:43:24","2024-08-17 14:43:31",14.7233333333333,"0:00:07",0.116666666666667,1,1,1,1,0,4,0,NA
"884",884,884,"hyaena","hyaena","striped_hyena",1,4,"S2","human","S2T6","egg",1,1,"2024-08-17 18:16:43","2024-08-17 18:17:28",18.2786111111111,"0:00:45",0.75,0,1,1,1,0,4,0,NA
"885",885,885,"crocuta","crocuta","striped_hyena",1,4,"S2","human","S2T6","egg",1,1,"2024-08-17 20:29:41","2024-08-17 20:30:29",20.4947222222222,"0:00:48",0.8,0,1,1,1,0,4,0,NA
"886",886,886,"hyaena","hyaena","striped_hyena",1,4,"S2","human","S2T6","egg",1,1,"2024-08-17 21:04:57","2024-08-17 21:05:51",21.0825,"0:00:54",0.9,0,1,1,1,0,4,0,NA
"887",887,887,"genetta","gspp","genets",1,4,"S2","human","S2T6","egg",1,1,"2024-08-17 21:59:10","2024-08-17 21:59:14",21.9861111111111,"0:00:04",0.0666666666666667,0,1,1,1,0,4,0,NA
"888",888,888,"equus","grevyi","grevys_zebra",1,4,"S2","human","S2T6","egg",0,1,"2024-08-17 22:54:50","2024-08-17 22:55:05",22.9138888888889,"0:00:15",0.25,0,1,1,1,0,4,0,NA
"889",889,889,"madoqua","guentheri","gunthers_dik_dik",1,4,"S2","human","S2T6","egg",0,1,"2024-08-18 00:35:30","2024-08-18 00:35:49",0.591666666666667,"0:00:19",0.316666666666667,0,1,1,1,0,3,0,NA
"890",890,890,"ichneumia","albicauda","white_tailed_mongoose",1,4,"S2","human","S2T6","salt",0,1,"2024-08-19 19:55:57","2024-08-19 19:55:58",19.9325,"0:00:01",0.0166666666666667,0,1,1,1,0,4,0,NA
"891",891,891,"lepus","lspp","hare",1,4,"S2","human","S2T6","salt",0,1,"2024-08-19 23:40:47","2024-08-19 23:45:19",23.6797222222222,"0:04:32",4.53333333333333,0,1,1,0,0,2,0,NA
"892",892,892,"ichneumia","albicauda","white_tailed_mongoose",1,4,"S2","human","S2T6","salt",0,1,"2024-08-20 01:17:07","2024-08-20 01:17:07",1.28527777777778,"0:00:01",0.01666667,0,1,1,0,0,2,0,NA
"893",893,893,"xerus","erythropus","ground_squirrels",1,4,"S2","human","S2T7","millet",1,1,"2024-08-15 10:43:21","2024-08-15 10:43:27",10.7225,"0:00:06",0.1,1,1,1,1,0,4,0,NA
"894",894,894,"xerus","erythropus","ground_squirrels",1,4,"S2","human","S2T7","millet",1,1,"2024-08-15 11:58:42","2024-08-15 11:59:17",11.9783333333333,"0:00:35",0.583333333333333,1,1,1,1,0,4,0,NA
"895",895,895,"lepus","lspp","hare",1,4,"S2","human","S2T7","millet",1,1,"2024-08-16 05:16:48","2024-08-16 05:19:54",5.28,"0:03:06",3.1,0,1,1,1,0,4,0,NA
"896",896,896,"xerus","erythropus","ground_squirrels",1,4,"S2","human","S2T7","millet",1,1,"2024-08-16 10:26:10","2024-08-16 10:40:57",10.4361111111111,"0:14:47",14.7833333333333,1,1,1,1,1,4,1,NA
"897",897,897,"xerus","erythropus","ground_squirrels",1,4,"S2","human","S2T7","salt",0,1,"2024-08-18 11:30:31","2024-08-18 11:32:47",11.5086111111111,"0:02:16",2.26666666666667,1,1,1,1,0,4,0,NA
"898",898,898,"hyaena","hyaena","striped_hyena",1,4,"S2","human","S2T7","salt",0,1,"2024-08-18 19:03:06","2024-08-18 19:03:07",19.0516666666667,"0:00:01",0.0166666666666667,0,1,1,1,0,4,0,NA
"899",899,899,"madoqua","guentheri","gunthers_dik_dik",1,4,"S2","human","S2T8","millet",0,1,"2024-08-14 14:07:10","2024-08-14 14:07:12",14.1194444444444,"0:00:02",0.0333333333333333,1,1,1,0,0,2,0,NA
"900",900,900,"madoqua","guentheri","gunthers_dik_dik",1,4,"S2","human","S2T8","millet",0,1,"2024-08-14 14:30:04","2024-08-14 15:06:27",14.5011111111111,"0:36:23",36.3833333333333,1,1,1,0,0,2,0,NA
"901",901,901,"xerus","erythropus","ground_squirrels",1,4,"S2","human","S2T8","millet",1,1,"2024-08-14 15:06:06","2024-08-14 15:18:24",15.1016666666667,"0:12:18",12.3,1,1,1,1,1,4,1,NA
"902",902,902,"madoqua","guentheri","gunthers_dik_dik",1,4,"S2","human","S2T8","millet",0,1,"2024-08-14 15:37:17","2024-08-14 15:46:17",15.6213888888889,"0:09:00",9,1,1,1,0,0,2,0,NA
"903",903,903,"xerus","erythropus","ground_squirrels",1,4,"S2","human","S2T8","millet",1,1,"2024-08-14 16:11:23","2024-08-14 16:18:08",16.1897222222222,"0:06:45",6.75,1,1,1,1,1,4,1,NA
"904",904,904,"madoqua","guentheri","gunthers_dik_dik",1,4,"S2","human","S2T8","millet",0,1,"2024-08-14 16:26:10","2024-08-14 16:26:16",16.4361111111111,"0:00:06",0.1,1,1,1,0,0,2,0,NA
"905",905,905,"madoqua","guentheri","gunthers_dik_dik",1,4,"S2","human","S2T8","millet",0,1,"2024-08-14 20:23:41","2024-08-14 20:26:18",20.3947222222222,"0:02:37",2.61666666666667,0,1,1,0,0,2,0,NA
"906",906,906,"ichneumia","albicauda","white_tailed_mongoose",1,4,"S2","human","S2T8","millet",0,1,"2024-08-15 02:05:26","2024-08-15 02:05:46",2.09055555555556,"0:00:20",0.333333333333333,0,1,1,1,0,4,0,NA
"907",907,907,"madoqua","guentheri","gunthers_dik_dik",1,4,"S2","human","S2T8","millet",0,1,"2024-08-15 09:15:44","2024-08-15 09:15:58",9.26222222222222,"0:00:14",0.233333333333333,1,1,1,0,0,2,0,NA
"908",908,908,"madoqua","guentheri","gunthers_dik_dik",1,4,"S2","human","S2T8","millet",0,1,"2024-08-15 11:44:44","2024-08-15 11:53:20",11.7455555555556,"0:08:36",8.6,1,1,1,1,0,4,0,NA
"909",909,909,"madoqua","guentheri","gunthers_dik_dik",1,4,"S2","human","S2T8","millet",0,1,"2024-08-15 13:25:46","2024-08-15 13:32:49",13.4294444444444,"0:07:03",7.05,1,1,1,0,0,2,0,NA
"910",910,910,"madoqua","guentheri","gunthers_dik_dik",2,4,"S2","human","S2T8","millet",0,1,"2024-08-15 14:16:19","2024-08-15 14:28:03",14.2719444444444,"0:11:44",11.7333333333333,1,1,1,0,0,2,0,NA
"911",911,911,"xerus","mesomelas","ground_squirrels",1,4,"S2","human","S2T8","millet",1,1,"2024-08-16 10:31:46","2024-08-16 10:31:52",10.5294444444444,"0:00:06",0.1,1,1,1,1,0,4,0,NA
"912",912,912,"madoqua","guentheri","gunthers_dik_dik",2,4,"S2","human","S2T8","egg",0,1,"2024-08-16 13:37:07","2024-08-16 13:37:25",13.6186111111111,"0:00:18",0.3,1,1,1,0,0,2,0,NA
"913",913,913,"herpestes","sanguineus","slender_mongoose",1,4,"S2","human","S2T8","egg",1,1,"2024-08-17 09:54:54","2024-08-17 09:54:59",9.915,"0:00:05",0.0833333333333333,1,1,1,1,0,4,0,NA
"914",914,914,"madoqua","guentheri","gunthers_dik_dik",2,4,"S2","human","S2T8","egg",0,1,"2024-08-17 11:52:16","2024-08-17 11:54:04",11.8711111111111,"0:01:48",1.8,1,1,1,1,0,4,0,NA
"915",915,915,"madoqua","guentheri","gunthers_dik_dik",1,4,"S2","human","S2T8","egg",0,1,"2024-08-17 13:53:11","2024-08-17 13:53:36",13.8863888888889,"0:00:25",0.416666666666667,1,1,1,0,0,2,0,NA
"916",916,916,"hyaena","hyaena","striped_hyena",1,4,"S2","human","S2T8","egg",1,1,"2024-08-17 15:15:36","2024-08-17 15:21:04",15.26,"0:05:28",5.46666666666667,1,1,1,1,1,4,1,NA
"917",917,917,"hyaena","hyaena","striped_hyena",1,4,"S2","human","S2T8","egg",1,1,"2024-08-17 18:05:15","2024-08-17 18:10:25",18.0875,"0:05:10",5.16666666666667,1,1,1,1,1,4,1,NA
"918",918,918,"xerus","erythropus","ground_squirrels",1,4,"S2","human","S2T8","salt",0,1,"2024-08-18 12:39:47","2024-08-18 12:39:55",12.6630555555556,"0:00:08",0.133333333333333,1,1,1,1,0,4,0,NA
"919",919,919,"madoqua","guentheri","gunthers_dik_dik",1,4,"S2","human","S2T8","salt",1,1,"2024-08-18 14:50:13","2024-08-18 14:54:24",14.8369444444444,"0:04:11",4.18333333333333,1,1,1,1,0,4,0,NA
"920",920,920,"hyaena","hyaena","striped_hyena",1,4,"S2","human","S2T8","salt",0,1,"2024-08-18 14:55:18","2024-08-18 14:55:58",14.9216666666667,"0:00:40",0.666666666666667,1,1,1,1,0,4,0,NA
"921",921,921,"madoqua","guentheri","gunthers_dik_dik",3,4,"S2","human","S2T8","salt",1,1,"2024-08-18 15:39:48","2024-08-18 15:47:40",15.6633333333333,"0:07:52",7.86666666666667,1,1,1,1,1,4,1,NA
"922",922,922,"madoqua","guentheri","gunthers_dik_dik",3,4,"S2","human","S2T8","salt",1,1,"2024-08-18 16:45:59","2024-08-18 17:52:12",16.7663888888889,"1:06:13",66.2166666666667,1,1,1,1,1,4,1,NA
"923",923,923,"loxodonta","africana","african_elephant",3,4,"S2","human","S2T8","salt",1,1,"2024-08-18 19:06:31","2024-08-18 19:14:08",19.1086111111111,"0:07:37",7.61666666666667,0,1,1,1,1,4,1,NA
"924",924,924,"madoqua","guentheri","gunthers_dik_dik",2,4,"S2","human","S2T8","salt",1,1,"2024-08-18 22:29:04","2024-08-18 22:36:42",22.4844444444444,"0:07:38",7.63333333333333,0,1,1,1,1,4,1,NA
"925",925,925,"madoqua","guentheri","gunthers_dik_dik",2,4,"S2","human","S2T8","salt",1,1,"2024-08-18 23:27:45","2024-08-18 23:35:25",23.4625,"0:07:40",7.66666666666667,0,1,1,1,1,4,1,NA
"926",926,926,"madoqua","guentheri","gunthers_dik_dik",3,4,"S2","human","S2T8","salt",1,1,"2024-08-19 09:06:41","2024-08-19 09:15:17",9.11138888888889,"0:08:36",8.6,1,1,1,1,1,4,1,NA
"927",927,927,"madoqua","guentheri","gunthers_dik_dik",3,4,"S2","human","S2T8","salt",1,1,"2024-08-19 11:52:07","2024-08-19 12:13:49",11.8686111111111,"0:21:42",21.7,1,1,1,1,1,4,1,NA
"928",928,928,"madoqua","guentheri","gunthers_dik_dik",2,4,"S2","human","S2T8","salt",1,1,"2024-08-19 12:56:25","2024-08-19 13:21:25",12.9402777777778,"0:25:00",25,1,1,1,1,1,4,1,NA
"929",929,929,"madoqua","guentheri","gunthers_dik_dik",2,4,"S2","human","S2T8","salt",1,1,"2024-08-19 15:00:51","2024-08-19 15:04:13",15.0141666666667,"0:03:22",3.36666666666667,1,1,1,1,0,4,0,NA
"930",930,930,"madoqua","guentheri","gunthers_dik_dik",1,4,"S2","human","S2T8","salt",1,1,"2024-08-19 16:20:58","2024-08-19 16:21:03",16.3494444444444,"0:00:05",0.0833333333333333,1,1,1,1,0,4,0,NA
"931",931,931,"madoqua","guentheri","gunthers_dik_dik",1,4,"S2","human","S2T8","salt",1,1,"2024-08-19 17:29:38","2024-08-19 17:30:30",17.4938888888889,"0:00:52",0.866666666666667,1,1,1,1,0,4,0,NA
"932",932,932,"madoqua","guentheri","gunthers_dik_dik",3,4,"S2","human","S2T8","salt",1,1,"2024-08-20 00:02:13","2024-08-20 00:54:25",0.0369444444444444,"0:52:12",52.2,0,1,1,1,0,4,0,NA
"933",933,933,"madoqua","guentheri","gunthers_dik_dik",3,4,"S2","human","S2T8","salt",1,1,"2024-08-20 10:43:57","2024-08-20 11:07:37",10.7325,"0:23:40",23.6666666666667,1,1,1,1,1,4,1,NA
"934",934,934,"madoqua","guentheri","gunthers_dik_dik",3,4,"S2","human","S2T8","salt",1,1,"2024-08-20 11:59:36","2024-08-20 12:00:01",11.9933333333333,"0:00:25",0.416666666666667,1,1,1,1,1,4,1,NA
"935",935,935,"madoqua","guentheri","gunthers_dik_dik",2,4,"S2","human","S2T8","salt",1,1,"2024-08-20 14:12:28","2024-08-20 14:13:50",14.2077777777778,"0:01:22",1.36666666666667,1,1,1,1,1,4,1,NA
"936",936,936,"aepyceros","melampus","impala",4,4,"S2","human","S2T9","millet",0,1,"2024-08-14 13:30:17","2024-08-14 13:35:11",13.5047222222222,"0:04:54",4.9,1,1,1,1,0,3,0,NA
"937",937,937,"xerus","rutilus","ground_squirrels",1,4,"S2","human","S2T9","millet",1,1,"2024-08-14 15:26:06","2024-08-14 15:26:12",15.435,"0:00:06",0.1,1,1,1,0,0,2,0,NA
"938",938,938,"madoqua","guentheri","gunthers_dik_dik",2,4,"S2","human","S2T9","millet",0,1,"2024-08-14 17:10:21","2024-08-14 17:11:00",17.1725,"0:00:39",0.65,1,1,1,1,0,3,0,NA
"939",939,939,"madoqua","guentheri","gunthers_dik_dik",2,4,"S2","human","S2T9","millet",0,1,"2024-08-14 20:37:50","2024-08-14 20:39:02",20.6305555555556,"0:01:12",1.2,0,1,1,1,0,3,0,NA
"940",940,940,"lepus","lspp","hare",1,4,"S2","human","S2T9","millet",1,1,"2024-08-14 20:41:51","2024-08-14 20:45:02",20.6975,"0:03:11",3.18333333333333,0,1,1,1,1,4,1,NA
"941",941,941,"lepus","lspp","hare",1,4,"S2","human","S2T9","millet",1,1,"2024-08-14 21:00:42","2024-08-14 21:10:27",21.0116666666667,"0:09:45",9.75,0,1,1,1,1,4,1,NA
"942",942,942,"equus","grevyi","grevys_zebra",1,4,"S2","human","S2T9","millet",0,1,"2024-08-14 22:39:59","2024-08-14 22:43:36",22.6663888888889,"0:03:37",3.61666666666667,0,1,1,1,0,4,0,NA
"943",943,943,"aepyceros","melampus","impala",4,4,"S2","human","S2T9","millet",0,1,"2024-08-14 23:14:28","2024-08-14 23:29:57",23.2411111111111,"0:15:29",15.4833333333333,0,1,1,1,1,4,1,NA
"944",944,944,"aepyceros","melampus","impala",2,4,"S2","human","S2T9","millet",0,1,"2024-08-14 23:54:16","2024-08-14 23:56:06",23.9044444444444,"0:01:50",1.83333333333333,0,1,1,1,0,4,0,NA
"945",945,945,"lepus","lspp","hare",1,4,"S2","human","S2T9","millet",1,1,"2024-08-15 00:24:58","2024-08-15 00:25:11",0.416111111111111,"0:00:13",0.216666666666667,0,1,1,1,0,4,0,NA
"946",946,946,"lepus","lspp","hare",1,4,"S2","human","S2T9","millet",1,1,"2024-08-15 03:05:14","2024-08-15 03:07:12",3.08722222222222,"0:01:58",1.96666666666667,0,1,1,1,0,4,0,NA
"947",947,947,"aepyceros","melampus","impala",1,4,"S2","human","S2T9","millet",0,1,"2024-08-15 07:31:42","2024-08-15 07:32:57",7.52833333333333,"0:01:15",1.25,1,1,1,1,0,4,0,NA
"948",948,948,"lepus","lspp","hare",1,4,"S2","human","S2T9","millet",1,1,"2024-08-15 20:27:38","2024-08-15 20:27:51",20.4605555555556,"0:00:13",0.216666666666667,0,1,1,1,0,4,0,NA
"949",949,949,"lepus","lspp","hare",1,4,"S2","human","S2T9","millet",1,1,"2024-08-16 01:01:28","2024-08-16 01:02:11",1.02444444444444,"0:00:43",0.716666666666667,0,1,1,0,0,2,0,NA
"950",950,950,"equus","grevyi","grevys_zebra",1,4,"S2","human","S2T9","millet",0,1,"2024-08-16 01:12:49","2024-08-16 01:12:54",1.21361111111111,"0:00:05",0.0833333333333333,0,1,1,1,0,4,0,NA
"951",951,951,"canis","mesomelas","black_backed_jackal",1,4,"S2","human","S2T9","egg",1,1,"2024-08-16 19:46:10","2024-08-16 19:46:21",19.7694444444444,"0:00:11",0.183333333333333,1,1,1,1,0,4,0,NA
"952",952,952,"equus","grevyi","grevys_zebra",1,4,"S2","human","S2T9","egg",0,1,"2024-08-16 19:46:16","2024-08-16 19:47:08",19.7711111111111,"0:00:52",0.866666666666667,1,1,1,1,0,4,0,NA
"953",953,953,"loxodonta","africana","african_elephant",2,4,"S2","human","S2T9","egg",0,1,"2024-08-16 20:47:06","2024-08-16 20:47:27",20.785,"0:00:21",0.35,0,1,1,1,0,4,0,NA
"954",954,954,"hyaena","hyaena","striped_hyena",1,4,"S2","human","S2T9","egg",1,1,"2024-08-17 07:03:40","2024-08-17 07:04:10",7.06111111111111,"0:00:30",0.5,0,1,1,1,0,4,0,NA
"955",955,955,"aepyceros","melampus","impala",6,4,"S2","human","S2T9","egg",0,1,"2024-08-17 14:06:42","2024-08-17 14:21:51",14.1116666666667,"0:15:09",15.15,1,1,1,1,0,4,0,NA
"956",956,956,"canis","mesomelas","black_backed_jackal",1,4,"S2","human","S2T9","egg",1,1,"2024-08-18 08:16:18","2024-08-18 08:16:49",8.27166666666667,"0:00:31",0.516666666666667,1,1,1,1,0,4,0,NA
"957",957,957,"equus","grevyi","grevys_zebra",1,4,"S2","human","S2T9","salt",1,1,"2024-08-18 14:46:01","2024-08-18 15:11:17",14.7669444444444,"0:25:16",25.2666666666667,1,1,1,1,1,4,1,NA
"958",958,958,"madoqua","guentheri","gunthers_dik_dik",1,4,"S2","human","S2T9","salt",1,1,"2024-08-19 03:25:26","2024-08-19 03:25:27",3.42388888888889,"0:00:01",0.0166666666666667,0,1,1,1,1,4,1,NA
"959",959,959,"aepyceros","melampus","impala",1,4,"S2","human","S2T9","salt",1,1,"2024-08-19 03:33:00","2024-08-19 03:51:45",3.55,"0:18:45",18.75,0,1,1,1,1,4,1,NA
"960",960,960,"hyaena","hyaena","striped_hyena",1,4,"S2","human","S2T9","salt",0,1,"2024-08-19 19:48:10","2024-08-19 19:48:12",19.8027777777778,"0:00:02",0.0333333333333333,0,1,1,1,0,4,0,NA
"961",961,961,"equus","grevyi","grevys_zebra",1,4,"S2","human","S2T9","salt",1,1,"2024-08-20 03:17:03","2024-08-20 03:32:38",3.28416666666667,"0:15:35",15.5833333333333,0,1,1,1,1,4,1,NA
"962",962,962,"equus","grevyi","grevys_zebra",1,4,"S2","human","S2T9","salt",1,1,"2024-08-20 04:40:27","2024-08-20 04:46:16",4.67416666666667,"0:05:49",5.81666666666667,0,1,1,1,1,4,1,NA
"963",963,963,"aepyceros","melampus","impala",6,4,"S2","human","S2T9","salt",1,1,"2024-08-20 12:16:49","2024-08-20 13:15:03",12.2802777777778,"0:58:14",58.2333333333333,1,1,1,1,1,4,1,NA
"964",964,964,"aepyceros","melampus","impala",6,4,"S2","human","S2T9","salt",1,1,"2024-08-20 15:59:45","2024-08-20 16:56:57",15.9958333333333,"0:57:12",57.2,1,1,1,1,1,4,1,NA
"965",965,965,"madoqua","guentheri","gunthers_dik_dik",2,4,"S2","human","S2T10","millet",0,1,"2024-08-14 12:32:56","2024-08-14 12:35:25",12.5488888888889,"0:02:29",2.48333333333333,1,1,1,1,0,3,0,NA
"966",966,966,"madoqua","guentheri","gunthers_dik_dik",1,4,"S2","human","S2T10","millet",0,1,"2024-08-14 15:01:16","2024-08-14 15:01:30",15.0211111111111,"0:00:14",0.233333333333333,1,1,0,0,0,1,0,NA
"967",967,967,"madoqua","guentheri","gunthers_dik_dik",1,4,"S2","human","S2T10","egg",0,1,"2024-08-16 14:16:49","2024-08-16 14:17:40",14.2802777777778,"0:00:51",0.85,1,1,1,0,0,2,0,NA
"968",968,968,"madoqua","guentheri","gunthers_dik_dik",1,4,"S2","human","S2T10","egg",0,1,"2024-08-16 15:06:47","2024-08-16 15:07:51",15.1130555555556,"0:01:04",1.06666666666667,1,1,1,0,0,2,0,NA
"969",969,969,"madoqua","guentheri","gunthers_dik_dik",1,4,"S2","human","S2T10","egg",0,1,"2024-08-17 15:23:50","2024-08-17 15:24:03",15.3972222222222,"0:00:13",0.216666666666667,1,1,1,0,0,2,0,NA
"970",970,970,"lepus","lspp","hare",1,4,"S2","human","S2T10","egg",0,1,"2024-08-18 01:05:18","2024-08-18 01:05:19",1.08833333333333,"0:00:01",0.0166666666666667,0,1,1,0,0,2,0,NA
"971",971,971,"madoqua","guentheri","gunthers_dik_dik",2,4,"S2","human","S2T10","salt",1,1,"2024-08-18 12:08:47","2024-08-18 12:15:21",12.1463888888889,"0:06:34",6.56666666666667,1,0,0,0,0,0,0,NA
"972",972,972,"madoqua","guentheri","gunthers_dik_dik",1,4,"S2","human","S2T10","salt",1,1,"2024-08-18 14:10:54","2024-08-18 14:24:53",14.1816666666667,"0:13:59",13.9833333333333,1,0,0,0,0,0,0,NA
"973",973,973,"madoqua","guentheri","gunthers_dik_dik",1,4,"S2","human","S2T10","salt",1,1,"2024-08-18 17:15:59","2024-08-18 17:24:37",17.2663888888889,"0:08:38",8.63333333333333,1,0,0,0,0,0,0,NA
"974",974,974,"madoqua","guentheri","gunthers_dik_dik",1,4,"S2","human","S2T10","salt",1,1,"2024-08-19 01:10:15","2024-08-19 01:10:16",1.17083333333333,"0:00:01",0.0166666666666667,0,0,1,0,0,1,0,NA
"975",975,975,"madoqua","guentheri","gunthers_dik_dik",1,4,"S2","human","S2T10","salt",1,1,"2024-08-19 15:07:29","2024-08-19 15:12:07",15.1247222222222,"0:04:38",4.63333333333333,1,1,1,1,0,3,0,NA
"976",976,976,"madoqua","guentheri","gunthers_dik_dik",2,4,"S2","human","S2T10","salt",1,1,"2024-08-19 15:35:30","2024-08-19 15:38:55",15.5916666666667,"0:03:25",3.41666666666667,1,1,1,1,1,4,1,NA
"977",977,977,"madoqua","guentheri","gunthers_dik_dik",1,4,"S2","human","S2T10","salt",1,1,"2024-08-19 18:16:12","2024-08-19 18:32:45",18.27,"0:16:33",16.55,1,1,1,1,1,4,1,NA
"978",978,978,"madoqua","guentheri","gunthers_dik_dik",1,4,"S2","human","S2T10","salt",1,1,"2024-08-20 06:39:09","2024-08-20 06:44:42",6.6525,"0:05:33",5.55,1,1,1,1,1,4,1,NA
"979",979,979,"madoqua","guentheri","gunthers_dik_dik",1,4,"S2","human","S2T11","millet",0,1,"2024-08-14 18:55:36","2024-08-14 18:56:52",18.9266666666667,"0:01:16",1.26666666666667,0,1,1,1,0,4,0,NA
"980",980,980,"madoqua","guentheri","gunthers_dik_dik",1,4,"S2","human","S2T11","millet",0,1,"2024-08-14 23:02:49","2024-08-14 23:06:31",23.0469444444444,"0:03:42",3.7,0,1,1,1,0,3,0,NA
"981",981,981,"ichneumia","albicauda","white_tailed_mongoose",1,4,"S2","human","S2T11","millet",0,1,"2024-08-15 03:32:59","2024-08-15 03:33:16",3.54972222222222,"0:00:17",0.283333333333333,0,1,1,1,0,4,0,NA
"982",982,982,"madoqua","guentheri","gunthers_dik_dik",3,4,"S2","human","S2T11","millet",0,1,"2024-08-15 15:43:23","2024-08-15 16:06:02",15.7230555555556,"0:22:39",22.65,1,1,1,1,0,3,0,NA
"983",983,983,"ichneumia","albicauda","white_tailed_mongoose",1,4,"S2","human","S2T11","millet",0,1,"2024-08-15 23:27:43","2024-08-15 23:28:32",23.4619444444444,"0:00:49",0.816666666666667,0,1,1,1,0,4,0,NA
"984",984,984,"madoqua","guentheri","gunthers_dik_dik",1,4,"S2","human","S2T11","millet",0,1,"2024-08-15 23:50:33","2024-08-15 23:50:40",23.8425,"0:00:07",0.116666666666667,0,1,1,1,0,3,0,NA
"985",985,985,"madoqua","guentheri","gunthers_dik_dik",1,4,"S2","human","S2T11","egg",0,1,"2024-08-16 11:54:33","2024-08-16 11:55:01",11.9091666666667,"0:00:28",0.466666666666667,1,1,1,1,0,3,0,NA
"986",986,986,"madoqua","guentheri","gunthers_dik_dik",1,4,"S2","human","S2T11","egg",0,1,"2024-08-16 13:15:14","2024-08-16 13:15:23",13.2538888888889,"0:00:09",0.15,1,1,1,1,0,3,0,NA
"987",987,987,"madoqua","guentheri","gunthers_dik_dik",1,4,"S2","human","S2T11","egg",0,1,"2024-08-16 14:56:21","2024-08-16 15:02:30",14.9391666666667,"0:06:09",6.15,1,1,1,1,0,3,0,NA
"988",988,988,"ichneumia","albicauda","white_tailed_mongoose",1,4,"S2","human","S2T11","egg",1,1,"2024-08-16 21:09:02","2024-08-16 21:30:36",21.1505555555556,"0:21:34",21.5666666666667,0,1,1,1,1,4,1,NA
"989",989,989,"madoqua","guentheri","gunthers_dik_dik",1,4,"S2","human","S2T11","egg",0,0,"2024-08-17 00:31:04","2024-08-17 00:33:06",0.517777777777778,"0:02:02",2.03333333333333,0,1,1,1,0,3,0,NA
"990",990,990,"genetta","gspp","genets",1,4,"S2","human","S2T11","egg",1,0,"2024-08-17 05:04:06","2024-08-17 05:04:12",5.06833333333333,"0:00:06",0.1,0,1,1,1,0,4,0,NA
"991",991,991,"ichneumia","albicauda","white_tailed_mongoose",1,4,"S2","human","S2T11","egg",1,0,"2024-08-17 05:31:51","2024-08-17 05:39:47",5.53083333333333,"0:07:56",7.93333333333333,0,1,1,1,0,4,0,NA
"992",992,992,"hyaena","hyaena","striped_hyena",1,4,"S2","human","S2T11","egg",1,0,"2024-08-17 05:57:10","2024-08-17 06:00:25",5.95277777777778,"0:03:15",3.25,0,1,1,1,0,4,0,NA
"993",993,993,"madoqua","guentheri","gunthers_dik_dik",1,4,"S2","human","S2T11","egg",0,1,"2024-08-17 15:11:43","2024-08-17 15:12:01",15.1952777777778,"0:00:18",0.3,1,1,1,1,0,3,0,NA
"994",994,994,"aepyceros","melampus","impala",20,4,"S2","human","S2T11","egg",0,1,"2024-08-17 18:36:51","2024-08-17 18:40:23",18.6141666666667,"0:03:32",3.53333333333333,1,1,1,1,0,3,0,NA
"995",995,995,"crocuta","crocuta","spotted_hyena",1,4,"S2","human","S2T11","egg",1,1,"2024-08-17 19:33:29","2024-08-17 19:38:31",19.5580555555556,"0:05:02",5.03333333333333,0,1,1,1,1,4,1,NA
"996",996,996,"ichneumia","albicauda","white_tailed_mongoose",1,4,"S2","human","S2T11","egg",1,1,"2024-08-17 20:18:36","2024-08-17 20:28:12",20.31,"0:09:36",9.6,0,1,1,1,1,4,1,NA
"997",997,997,"ichneumia","albicauda","white_tailed_mongoose",1,4,"S2","human","S2T11","egg",1,0,"2024-08-18 03:51:14","2024-08-18 03:51:48",3.85388888888889,"0:00:34",0.566666666666667,0,1,1,1,0,4,0,NA
"998",998,998,"aepyceros","melampus","impala",1,4,"S2","human","S2T11","salt",1,1,"2024-08-18 09:50:39","2024-08-18 10:39:54",9.84416666666667,"0:49:15",49.25,1,1,1,1,1,4,1,NA
"999",999,999,"madoqua","guentheri","gunthers_dik_dik",3,4,"S2","human","S2T11","salt",1,1,"2024-08-18 17:05:07","2024-08-18 17:09:35",17.0852777777778,"0:04:28",4.46666666666667,1,1,1,1,1,4,1,NA
"1000",1000,1000,"madoqua","guentheri","gunthers_dik_dik",1,4,"S2","human","S2T11","salt",1,1,"2024-08-18 21:52:47","2024-08-18 22:17:44",21.8797222222222,"0:24:57",24.95,0,1,1,1,1,4,1,NA
"1001",1001,1001,"madoqua","guentheri","gunthers_dik_dik",1,4,"S2","human","S2T11","salt",1,1,"2024-08-18 23:52:21","2024-08-19 00:00:10",23.8725,"0:07:40",7.66666666666667,0,1,1,1,1,4,1,NA
"1002",1002,1002,"crocuta","crocuta","spotted_hyena",1,4,"S2","human","S2T11","salt",0,1,"2024-08-19 00:28:16","2024-08-19 00:28:17",0.471111111111111,"0:00:01",0.0166666666666667,0,1,1,1,1,4,1,NA
"1003",1003,1003,"aepyceros","melampus","impala",1,4,"S2","human","S2T11","salt",1,1,"2024-08-19 06:44:25","2024-08-19 06:45:28",6.74027777777778,"0:01:03",1.05,1,1,1,1,1,4,1,NA
"1004",1004,1004,"madoqua","guentheri","gunthers_dik_dik",1,4,"S2","human","S2T11","salt",1,1,"2024-08-19 14:57:48","2024-08-19 15:06:53",14.9633333333333,"0:09:05",9.08333333333333,1,1,1,1,1,4,1,NA
"1005",1005,1005,"madoqua","guentheri","gunthers_dik_dik",1,4,"S2","human","S2T11","salt",1,1,"2024-08-19 15:33:10","2024-08-19 15:44:03",15.5527777777778,"0:10:53",10.8833333333333,1,1,1,1,1,4,1,NA
"1006",1006,1006,"phacochoerus","africanus","common_warthog",2,4,"S2","human","S2T11","salt",1,1,"2024-08-19 16:16:42","2024-08-19 16:23:54",16.2783333333333,"0:07:12",7.2,1,1,1,1,0,4,0,NA
"1007",1007,1007,"aepyceros","melampus","impala",2,4,"S2","human","S2T11","salt",1,1,"2024-08-19 18:42:59","2024-08-19 18:59:00",18.7163888888889,"0:16:01",16.0166666666667,0,1,1,1,1,4,1,NA
"1008",1008,1008,"madoqua","guentheri","gunthers_dik_dik",1,4,"S2","human","S2T11","salt",1,1,"2024-08-19 21:40:37","2024-08-19 21:42:48",21.6769444444444,"0:02:11",2.18333333333333,0,1,1,1,1,4,1,NA
"1009",1009,1009,"madoqua","guentheri","gunthers_dik_dik",2,4,"S2","human","S2T11","salt",1,1,"2024-08-19 22:20:07","2024-08-19 22:25:08",22.3352777777778,"0:05:01",5.01666666666667,0,1,1,1,1,4,1,NA
"1010",1010,1010,"crocuta","crocuta","spotted_hyena",1,4,"S2","human","S2T11","salt",0,1,"2024-08-19 23:21:11","2024-08-19 23:21:12",23.3530555555556,"0:00:01",0.0166666666666667,0,1,1,1,0,4,0,NA
"1011",1011,1011,"aepyceros","melampus","impala",1,4,"S2","human","S2T11","salt",1,1,"2024-08-20 07:08:52","2024-08-20 07:15:22",7.14777777777778,"0:06:30",6.5,1,1,1,1,1,4,1,NA
"1012",1012,1012,"aepyceros","melampus","impala",4,4,"S2","human","S2T12","millet",0,1,"2024-08-14 15:08:36","2024-08-14 15:56:17",15.1433333333333,"0:47:41",47.6833333333333,1,1,1,1,0,3,0,NA
"1013",1013,1013,"madoqua","guentheri","gunthers_dik_dik",1,4,"S2","human","S2T12","millet",0,1,"2024-08-14 17:27:44","2024-08-14 17:28:01",17.4622222222222,"0:00:17",0.283333333333333,1,1,1,0,0,2,0,NA
"1014",1014,1014,"madoqua","guentheri","gunthers_dik_dik",1,4,"S2","human","S2T12","millet",0,1,"2024-08-14 20:25:12","2024-08-14 20:25:24",20.42,"0:00:12",0.2,0,1,1,0,0,2,0,NA
"1015",1015,1015,"madoqua","guentheri","gunthers_dik_dik",2,4,"S2","human","S2T12","millet",0,1,"2024-08-14 22:52:15","2024-08-14 22:53:47",22.8708333333333,"0:01:32",1.53333333333333,0,1,1,0,0,2,0,NA
"1016",1016,1016,"madoqua","guentheri","gunthers_dik_dik",1,4,"S2","human","S2T12","millet",0,1,"2024-08-14 23:51:04","2024-08-14 23:57:33",23.8511111111111,"0:06:29",6.48333333333333,0,1,1,1,0,3,0,NA
"1017",1017,1017,"aepyceros","melampus","impala",1,4,"S2","human","S2T12","millet",0,1,"2024-08-15 09:33:02","2024-08-15 09:34:50",9.55055555555556,"0:01:48",1.8,1,1,1,1,0,3,0,NA
"1018",1018,1018,"aepyceros","melampus","impala",1,4,"S2","human","S2T12","millet",0,1,"2024-08-15 13:42:53","2024-08-15 13:43:05",13.7147222222222,"0:00:12",0.2,1,1,1,1,0,3,0,NA
"1019",1019,1019,"aepyceros","melampus","impala",1,4,"S2","human","S2T12","millet",0,1,"2024-08-15 15:31:50","2024-08-15 15:32:08",15.5305555555556,"0:00:18",0.3,1,1,1,0,0,2,0,NA
"1020",1020,1020,"equus","grevyi","grevys_zebra",1,4,"S2","human","S2T12","egg",0,1,"2024-08-17 14:47:53","2024-08-17 14:48:26",14.7980555555556,"0:00:33",0.55,1,1,1,1,0,4,0,NA
"1021",1021,1021,"aepyceros","melampus","impala",8,4,"S2","human","S2T12","egg",0,1,"2024-08-17 17:49:25","2024-08-17 18:10:59",17.8236111111111,"0:21:34",21.5666666666667,1,1,1,1,0,4,0,NA
"1022",1022,1022,"madoqua","guentheri","gunthers_dik_dik",1,4,"S2","human","S2T12","salt",1,1,"2024-08-18 16:54:32","2024-08-18 16:54:33",16.9088888888889,"0:00:01",0.0166666666666667,1,1,1,1,1,4,1,NA
"1023",1023,1023,"madoqua","guentheri","gunthers_dik_dik",3,4,"S2","human","S2T12","salt",1,1,"2024-08-18 18:25:41","2024-08-18 18:27:22",18.4280555555556,"0:01:41",1.68333333333333,1,1,1,1,1,4,1,NA
"1024",1024,1024,"madoqua","guentheri","gunthers_dik_dik",3,4,"S2","human","S2T12","salt",1,1,"2024-08-19 00:17:52","2024-08-19 00:49:47",0.297777777777778,"0:31:55",31.9166666666667,0,1,1,1,1,4,1,NA
"1025",1025,1025,"lepus","lspp","hare",1,4,"S2","human","S2T12","salt",0,1,"2024-08-19 02:48:01","2024-08-19 02:48:02",2.80027777777778,"0:00:01",0.0166666666666667,0,1,1,1,0,4,0,NA
"1026",1026,1026,"madoqua","guentheri","gunthers_dik_dik",1,4,"S2","human","S2T12","salt",1,1,"2024-08-19 18:47:24","2024-08-19 18:47:26",18.79,"0:00:02",0.0333333333333333,1,1,1,1,1,4,1,NA
"1027",1027,1027,"crocuta","crocuta","spotted_hyena",1,4,"S2","human","S2T12","salt",0,1,"2024-08-19 20:13:11","2024-08-19 20:13:12",20.2197222222222,"0:00:01",0.0166666666666667,0,1,1,1,1,4,1,NA
"1028",1028,1028,"crocuta","crocuta","spotted_hyena",1,4,"S2","human","S2T12","salt",0,1,"2024-08-19 23:01:36","2024-08-19 23:01:37",23.0266666666667,"0:00:01",0.0166666666666667,0,1,1,1,0,4,0,NA
"1029",1029,1029,"crocuta","crocuta","spotted_hyena",1,4,"S2","human","S2T12","salt",0,1,"2024-08-20 04:44:51","2024-08-20 04:44:53",4.7475,"0:00:02",0.0333333333333333,0,1,1,1,0,4,0,NA
"1030",1030,1030,"madoqua","guentheri","gunthers_dik_dik",3,7,"N2","human","N2T1","egg",0,1,"2024-09-16 21:17:50","2024-09-16 21:28:37",21.2972222222222,"0:10:47",10.7833333333333,0,1,1,0,0,2,0,NA
"1031",1031,1031,"madoqua","guentheri","gunthers_dik_dik",2,7,"N2","human","N2T1","egg",0,1,"2024-09-17 01:07:08","2024-09-17 01:26:25",1.11888888888889,"0:19:17",19.2833333333333,0,1,1,1,0,3,0,NA
"1032",1032,1032,"herpestes","sanguineus","slender_mongoose",1,7,"N2","human","N2T1","egg",1,1,"2024-09-17 12:57:04","2024-09-17 12:57:29",12.9511111111111,"0:00:25",0.416666666666667,1,1,1,1,1,4,1,NA
"1033",1033,1033,"tragelaphus","oryx","common_eland",2,7,"N2","human","N2T1","egg",0,1,"2024-09-17 14:02:32","2024-09-17 14:04:36",14.0422222222222,"0:02:04",2.06666666666667,1,1,1,1,0,4,0,NA
"1034",1034,1034,"crocuta","crocuta","spotted_hyena",1,7,"N2","human","N2T1","egg",1,1,"2024-09-19 01:48:36","2024-09-19 01:49:09",1.81,"0:00:33",0.55,0,1,1,1,0,4,0,NA
"1035",1035,1035,"crocuta","crocuta","spotted_hyena",1,7,"N2","human","N2T1","egg",1,1,"2024-09-19 02:29:13","2024-09-19 02:29:59",2.48694444444444,"0:00:46",0.766666666666667,0,1,1,1,0,4,0,NA
"1036",1036,1036,"madoqua","guentheri","gunthers_dik_dik",2,7,"N2","human","N2T1","millet",0,1,"2024-09-19 21:48:18","2024-09-19 21:48:22",21.805,"0:00:04",0.0666666666666667,0,1,1,0,0,2,0,NA
"1037",1037,1037,"madoqua","guentheri","gunthers_dik_dik",1,7,"N2","human","N2T1","millet",0,1,"2024-09-20 05:53:57","2024-09-20 05:54:09",5.89916666666667,"0:00:12",0.2,0,1,1,1,0,4,0,NA
"1038",1038,1038,"madoqua","guentheri","gunthers_dik_dik",3,7,"N2","human","N2T1","millet",0,1,"2024-09-20 06:56:01","2024-09-20 07:22:19",6.93361111111111,"0:26:18",26.3,1,1,1,1,0,4,0,NA
"1039",1039,1039,"madoqua","guentheri","gunthers_dik_dik",1,7,"N2","human","N2T1","millet",0,1,"2024-09-20 23:52:31","2024-09-20 23:52:32",23.8752777777778,"0:00:01",0.0166666666666667,0,1,1,1,1,4,1,NA
"1040",1040,1040,"madoqua","guentheri","gunthers_dik_dik",1,7,"N2","human","N2T2","egg",0,1,"2024-09-16 10:36:43","2024-09-16 10:49:59",10.6119444444444,"0:13:16",13.2666666666667,1,1,1,0,0,2,0,NA
"1041",1041,1041,"aepyceros","melampus","impala",6,7,"N2","human","N2T2","egg",0,1,"2024-09-16 11:03:12","2024-09-16 11:11:23",11.0533333333333,"0:08:11",8.18333333333333,1,1,1,0,0,2,0,NA
"1042",1042,1042,"madoqua","guentheri","gunthers_dik_dik",2,7,"N2","human","N2T2","egg",0,1,"2024-09-16 11:13:16","2024-09-16 11:47:26",11.2211111111111,"0:34:10",34.1666666666667,1,1,1,0,0,2,0,"one dik dik kept moving away and then coming back to investigate the egg"
"1043",1043,1043,"madoqua","guentheri","gunthers_dik_dik",1,7,"N2","human","N2T2","egg",0,1,"2024-09-16 13:46:43","2024-09-16 13:48:10",13.7786111111111,"0:01:27",1.45,1,1,1,0,0,2,0,NA
"1044",1044,1044,"madoqua","guentheri","gunthers_dik_dik",3,7,"N2","human","N2T2","egg",0,1,"2024-09-16 14:39:48","2024-09-16 14:56:10",14.6633333333333,"0:16:22",16.3666666666667,1,1,1,0,0,2,0,NA
"1045",1045,1045,"herpestes","sanguineus","slender_mongoose",1,7,"N2","human","N2T2","egg",1,1,"2024-09-16 15:25:39","2024-09-16 15:35:13",15.4275,"0:09:34",9.56666666666667,1,1,1,1,1,4,1,NA
"1046",1046,1046,"madoqua","guentheri","gunthers_dik_dik",3,7,"N2","human","N2T2","egg",0,1,"2024-09-16 15:51:22","2024-09-16 16:42:01",15.8561111111111,"0:50:39",50.65,1,1,1,1,0,3,0,NA
"1047",1047,1047,"aepyceros","melampus","impala",13,7,"N2","human","N2T2","egg",0,1,"2024-09-16 17:01:40","2024-09-16 17:12:08",17.0277777777778,"0:10:28",10.4666666666667,1,1,1,0,0,2,0,NA
"1048",1048,1048,"herpestes","sanguineus","slender_mongoose",1,7,"N2","human","N2T2","egg",1,1,"2024-09-16 17:39:22","2024-09-16 17:39:28",17.6561111111111,"0:00:06",0.1,1,1,1,1,0,4,0,NA
"1049",1049,1049,"madoqua","guentheri","gunthers_dik_dik",1,7,"N2","human","N2T2","egg",0,1,"2024-09-16 20:50:15","2024-09-16 21:06:43",20.8375,"0:16:28",16.4666666666667,0,1,1,1,0,4,0,NA
"1050",1050,1050,"madoqua","guentheri","gunthers_dik_dik",1,7,"N2","human","N2T2","egg",0,1,"2024-09-16 21:30:03","2024-09-16 21:53:46",21.5008333333333,"0:23:43",23.7166666666667,0,1,1,1,0,4,0,NA
"1051",1051,1051,"madoqua","guentheri","gunthers_dik_dik",1,7,"N2","human","N2T2","egg",0,1,"2024-09-16 23:53:25","2024-09-16 23:54:23",23.8902777777778,"0:00:58",0.966666666666667,0,1,1,1,0,4,0,NA
"1052",1052,1052,"madoqua","guentheri","gunthers_dik_dik",1,7,"N2","human","N2T2","egg",0,1,"2024-09-17 00:21:49","2024-09-17 00:23:26",0.363611111111111,"0:01:37",1.61666666666667,0,1,1,1,0,4,0,NA
"1053",1053,1053,"madoqua","guentheri","gunthers_dik_dik",1,7,"N2","human","N2T2","egg",0,1,"2024-09-17 02:20:47","2024-09-17 02:21:45",2.34638888888889,"0:00:58",0.966666666666667,0,1,1,1,0,4,0,NA
"1054",1054,1054,"madoqua","guentheri","gunthers_dik_dik",1,7,"N2","human","N2T2","egg",0,1,"2024-09-17 03:00:42","2024-09-17 03:06:59",3.01166666666667,"0:06:17",6.28333333333333,0,1,1,1,0,3,0,NA
"1055",1055,1055,"lepus","lspp","hare",1,7,"N2","human","N2T2","egg",0,1,"2024-09-17 05:40:47","2024-09-17 05:52:17",5.67972222222222,"0:11:30",11.5,0,1,1,1,0,4,0,NA
"1056",1056,1056,"aepyceros","melampus","impala",6,7,"N2","human","N2T2","egg",0,1,"2024-09-17 07:49:54","2024-09-17 07:54:57",7.83166666666667,"0:05:03",5.05,1,1,1,1,0,3,0,NA
"1057",1057,1057,"xerus","rutilus","ground_squirrels",1,7,"N2","human","N2T2","egg",0,1,"2024-09-17 12:54:11","2024-09-17 12:54:18",12.9030555555556,"0:00:07",0.116666666666667,1,1,1,1,0,3,0,NA
"1058",1058,1058,"equus","grevyi","grevys_zebra",1,7,"N2","human","N2T2","egg",0,1,"2024-09-17 13:32:33","2024-09-17 13:38:14",13.5425,"0:05:41",5.68333333333333,1,1,1,1,0,4,0,NA
"1059",1059,1059,"tragelaphus","oryx","common_eland",1,7,"N2","human","N2T2","egg",0,1,"2024-09-17 15:02:44","2024-09-17 15:03:36",15.0455555555556,"0:00:52",0.866666666666667,1,1,1,0,0,2,0,NA
"1060",1060,1060,"aepyceros","melampus","impala",2,7,"N2","human","N2T2","egg",0,1,"2024-09-17 15:06:11","2024-09-17 15:11:44",15.1030555555556,"0:05:33",5.55,1,1,1,1,0,4,0,NA
"1061",1061,1061,"aepyceros","melampus","impala",8,7,"N2","human","N2T2","egg",0,1,"2024-09-17 16:04:37","2024-09-17 17:11:42",16.0769444444444,"1:07:05",67.0833333333333,1,1,1,1,0,4,0,NA
"1062",1062,1062,"aepyceros","melampus","impala",5,7,"N2","human","N2T2","egg",0,1,"2024-09-17 18:02:28","2024-09-17 18:04:34",18.0411111111111,"0:02:06",2.1,1,1,1,1,0,4,0,NA
"1063",1063,1063,"lepus","lspp","hare",1,7,"N2","human","N2T2","egg",0,1,"2024-09-17 20:29:36","2024-09-17 20:30:00",20.4933333333333,"0:00:24",0.4,0,1,1,1,0,3,0,NA
"1064",1064,1064,"madoqua","guentheri","gunthers_dik_dik",2,7,"N2","human","N2T2","egg",0,1,"2024-09-17 20:58:29","2024-09-17 20:59:33",20.9747222222222,"0:01:04",1.06666666666667,0,1,1,1,0,3,0,NA
"1065",1065,1065,"hyaena","hyaena","striped_hyena",1,7,"N2","human","N2T2","egg",1,1,"2024-09-17 22:26:28","2024-09-17 22:30:24",22.4411111111111,"0:03:56",3.93333333333333,0,1,1,1,1,4,1,NA
"1066",1066,1066,"lepus","lspp","hare",1,7,"N2","human","N2T2","egg",0,1,"2024-09-18 00:19:07","2024-09-18 00:21:46",0.318611111111111,"0:02:39",2.65,0,1,1,1,0,3,0,NA
"1067",1067,1067,"madoqua","guentheri","gunthers_dik_dik",1,7,"N2","human","N2T2","egg",0,1,"2024-09-18 02:19:39","2024-09-18 02:21:38",2.3275,"0:01:59",1.98333333333333,0,1,1,1,0,4,0,NA
"1068",1068,1068,"crocuta","crocuta","spotted_hyena",1,7,"N2","human","N2T2","egg",1,1,"2024-09-18 05:36:07","2024-09-18 05:37:06",5.60194444444444,"0:00:59",0.983333333333333,0,1,1,1,0,3,0,NA
"1069",1069,1069,"aepyceros","melampus","impala",1,7,"N2","human","N2T2","egg",0,1,"2024-09-18 06:15:47","2024-09-18 06:40:33",6.26305555555556,"0:24:46",24.7666666666667,1,1,1,1,0,4,0,NA
"1070",1070,1070,"crocuta","crocuta","spotted_hyena",1,7,"N2","human","N2T2","egg",1,1,"2024-09-18 06:40:58","2024-09-18 06:41:18",6.68277777777778,"0:00:20",0.333333333333333,1,1,1,1,0,4,0,NA
"1071",1071,1071,"aepyceros","melampus","impala",1,7,"N2","human","N2T2","egg",0,1,"2024-09-18 06:47:19","2024-09-18 06:52:23",6.78861111111111,"0:05:04",5.06666666666667,1,1,1,1,0,3,0,NA
"1072",1072,1072,"herpestes","sanguineus","slender_mongoose",1,7,"N2","human","N2T2","egg",1,1,"2024-09-18 07:05:28","2024-09-18 07:05:39",7.09111111111111,"0:00:11",0.183333333333333,1,1,1,1,0,4,0,NA
"1073",1073,1073,"aepyceros","melampus","impala",6,7,"N2","human","N2T2","egg",0,1,"2024-09-18 07:08:42","2024-09-18 08:32:53",7.145,"1:24:11",84.1833333333333,1,1,1,1,0,4,0,NA
"1074",1074,1074,"aepyceros","melampus","impala",12,7,"N2","human","N2T2","millet",0,1,"2024-09-18 13:29:13","2024-09-18 17:08:11",13.4869444444444,"3:38:58",218.966666666667,1,1,1,1,1,4,1,NA
"1075",1075,1075,"lepus","lspp","hare",1,7,"N2","human","N2T2","millet",1,1,"2024-09-18 19:36:05","2024-09-18 19:47:49",19.6013888888889,"0:11:44",11.7333333333333,0,1,1,1,0,4,0,NA
"1076",1076,1076,"hyaena","hyaena","striped_hyena",1,7,"N2","human","N2T2","millet",0,1,"2024-09-18 19:47:54","2024-09-18 20:52:39",19.7983333333333,"1:04:45",64.75,0,1,1,1,0,4,0,NA
"1077",1077,1077,"ichneumia","albicauda","white_tailed_mongoose",1,7,"N2","human","N2T2","millet",0,1,"2024-09-18 21:29:07","2024-09-18 21:29:20",21.4852777777778,"0:00:13",0.216666666666667,0,1,1,1,0,4,0,NA
"1078",1078,1078,"hyaena","hyaena","striped_hyena",1,7,"N2","human","N2T2","millet",0,1,"2024-09-18 21:31:27","2024-09-18 21:31:32",21.5241666666667,"0:00:05",0.0833333333333333,0,1,1,0,0,2,0,NA
"1079",1079,1079,"lepus","lspp","hare",1,7,"N2","human","N2T2","millet",0,1,"2024-09-18 22:23:31","2024-09-18 22:31:29",22.3919444444444,"0:07:58",7.96666666666667,0,1,1,1,0,4,0,NA
"1080",1080,1080,"madoqua","guentheri","gunthers_dik_dik",2,7,"N2","human","N2T2","millet",0,1,"2024-09-18 22:49:16","2024-09-18 22:50:29",22.8211111111111,"0:01:13",1.21666666666667,0,1,1,1,0,4,0,NA
"1081",1081,1081,"lepus","lspp","hare",1,7,"N2","human","N2T2","millet",1,1,"2024-09-18 22:52:58","2024-09-18 23:04:57",22.8827777777778,"0:11:59",11.9833333333333,0,1,1,1,0,4,0,NA
"1082",1082,1082,"lepus","lspp","hare",1,7,"N2","human","N2T2","millet",1,1,"2024-09-19 00:26:46","2024-09-19 01:07:03",0.446111111111111,"0:40:17",40.2833333333333,0,1,1,1,0,4,0,NA
"1083",1083,1083,"madoqua","guentheri","gunthers_dik_dik",2,7,"N2","human","N2T2","millet",0,1,"2024-09-19 03:10:05","2024-09-19 03:13:28",3.16805555555556,"0:03:23",3.38333333333333,0,1,1,1,0,3,0,NA
"1084",1084,1084,"lepus","lspp","hare",1,7,"N2","human","N2T2","millet",1,1,"2024-09-19 03:36:26","2024-09-19 03:52:28",3.60722222222222,"0:16:02",16.0333333333333,0,1,1,1,0,3,0,NA
"1085",1085,1085,"aepyceros","melampus","impala",1,7,"N2","human","N2T2","millet",0,1,"2024-09-19 06:19:09","2024-09-19 06:19:35",6.31916666666667,"0:00:26",0.433333333333333,1,1,1,1,0,4,0,NA
"1086",1086,1086,"aepyceros","melampus","impala",1,7,"N2","human","N2T2","millet",0,1,"2024-09-19 08:19:50","2024-09-19 08:28:43",8.33055555555556,"0:08:53",8.88333333333333,1,1,1,1,0,4,0,NA
"1087",1087,1087,"aepyceros","melampus","impala",1,7,"N2","human","N2T2","millet",0,1,"2024-09-19 18:48:14","2024-09-19 18:48:35",18.8038888888889,"0:00:21",0.35,0,1,1,1,0,3,0,NA
"1088",1088,1088,"crocuta","crocuta","spotted_hyena",1,7,"N2","human","N2T2","millet",0,1,"2024-09-19 20:03:58","2024-09-19 20:04:09",20.0661111111111,"0:00:11",0.183333333333333,0,1,1,1,0,4,0,NA
"1089",1089,1089,"lepus","lspp","hare",1,7,"N2","human","N2T2","millet",1,1,"2024-09-19 21:49:14","2024-09-19 21:54:50",21.8205555555556,"0:05:36",5.6,0,1,1,1,0,4,0,NA
"1090",1090,1090,"madoqua","guentheri","gunthers_dik_dik",1,7,"N2","human","N2T2","millet",0,1,"2024-09-19 21:54:47","2024-09-19 22:14:34",21.9130555555556,"0:19:47",19.7833333333333,0,1,1,1,0,4,0,NA
"1091",1091,1091,"crocuta","crocuta","spotted_hyena",1,7,"N2","human","N2T2","millet",0,1,"2024-09-20 00:23:57","2024-09-20 00:24:01",0.399166666666667,"0:00:04",0.0666666666666667,0,1,1,1,0,4,0,NA
"1092",1092,1092,"madoqua","guentheri","gunthers_dik_dik",2,7,"N2","human","N2T2","millet",0,1,"2024-09-20 00:39:00","2024-09-20 00:45:40",0.65,"0:06:40",6.66666666666667,0,1,1,1,0,4,0,NA
"1093",1093,1093,"madoqua","guentheri","gunthers_dik_dik",1,7,"N2","human","N2T2","millet",0,1,"2024-09-20 01:36:16","2024-09-20 01:57:17",1.60444444444444,"0:21:01",21.0166666666667,0,1,1,1,0,4,0,NA
"1094",1094,1094,"aepyceros","melampus","impala",1,7,"N2","human","N2T2","millet",0,1,"2024-09-20 06:09:44","2024-09-20 06:10:57",6.16222222222222,"0:01:13",1.21666666666667,1,1,1,1,0,4,0,NA
"1095",1095,1095,"herpestes","sanguineus","slender_mongoose",1,7,"N2","human","N2T2","millet",0,1,"2024-09-20 06:33:53","2024-09-20 06:33:55",6.56472222222222,"0:00:02",0.0333333333333333,1,1,1,1,0,4,0,NA
"1096",1096,1096,"aepyceros","melampus","impala",1,7,"N2","human","N2T2","salt",1,1,"2024-09-20 12:27:39","2024-09-20 14:23:06",12.4608333333333,"1:55:27",115.45,1,1,1,1,1,4,1,NA
"1097",1097,1097,"aepyceros","melampus","impala",1,7,"N2","human","N2T2","salt",1,1,"2024-09-20 16:37:39","2024-09-20 16:43:15",16.6275,"0:05:36",5.6,1,1,1,1,1,4,1,NA
"1098",1098,1098,"aepyceros","melampus","impala",1,7,"N2","human","N2T2","salt",1,1,"2024-09-20 17:15:35","2024-09-20 17:37:13",17.2597222222222,"0:21:38",21.6333333333333,1,1,1,1,1,4,1,NA
"1099",1099,1099,"madoqua","guentheri","gunthers_dik_dik",2,7,"N2","human","N2T2","salt",1,1,"2024-09-21 00:38:56","2024-09-21 01:04:29",0.648888888888889,"0:25:33",25.55,0,1,1,1,1,4,1,NA
"1100",1100,1100,"madoqua","guentheri","gunthers_dik_dik",2,7,"N2","human","N2T2","salt",1,1,"2024-09-21 00:51:16","2024-09-21 00:55:14",0.854444444444444,"0:03:58",3.96666666666667,0,1,1,1,1,4,1,NA
"1101",1101,1101,"aepyceros","melampus","impala",1,7,"N2","human","N2T2","salt",1,1,"2024-09-21 03:03:42","2024-09-21 03:11:18",3.06166666666667,"0:07:36",7.6,0,1,1,1,1,4,1,NA
"1102",1102,1102,"crocuta","crocuta","spotted_hyena",1,7,"N2","human","N2T2","salt",0,1,"2024-09-21 06:25:18","2024-09-21 06:25:20",6.42166666666667,"0:00:02",0.0333333333333333,1,1,1,1,1,4,1,NA
"1103",1103,1103,"madoqua","guentheri","gunthers_dik_dik",2,7,"N2","human","N2T2","salt",1,1,"2024-09-21 08:47:44","2024-09-21 09:04:13",8.79555555555556,"0:16:29",16.4833333333333,1,1,1,1,1,4,1,NA
"1104",1104,1104,"aepyceros","melampus","impala",1,7,"N2","human","N2T2","salt",1,1,"2024-09-21 08:56:19","2024-09-21 08:56:20",8.93861111111111,"0:00:01",0.0166666666666667,1,1,1,1,1,4,1,NA
"1105",1105,1105,"equus","grevyi","grevys_zebra",1,7,"N2","human","N2T2","salt",1,1,"2024-09-21 10:05:28","2024-09-21 10:16:40",10.0911111111111,"0:11:12",11.2,1,1,1,1,1,4,1,NA
"1106",1106,1106,"aepyceros","melampus","impala",1,7,"N2","human","N2T2","salt",1,1,"2024-09-21 11:38:35","2024-09-21 11:38:36",11.6430555555556,"0:00:01",0.0166666666666667,1,1,1,1,1,4,1,NA
"1107",1107,1107,"madoqua","guentheri","gunthers_dik_dik",1,7,"N2","human","N2T2","salt",1,1,"2024-09-21 15:03:03","2024-09-21 15:05:19",15.0508333333333,"0:02:16",2.26666666666667,1,1,1,1,1,4,1,NA
"1108",1108,1108,"madoqua","guentheri","gunthers_dik_dik",1,7,"N2","human","N2T2","salt",1,1,"2024-09-21 17:20:16","2024-09-21 17:23:21",17.3377777777778,"0:03:05",3.08333333333333,1,1,1,1,1,4,1,NA
"1109",1109,1109,"madoqua","guentheri","gunthers_dik_dik",2,7,"N2","human","N2T2","salt",1,1,"2024-09-21 19:04:48","2024-09-21 19:07:24",19.08,"0:02:36",2.6,0,1,1,1,1,4,1,NA
"1110",1110,1110,"madoqua","guentheri","gunthers_dik_dik",2,7,"N2","human","N2T2","salt",1,1,"2024-09-21 22:28:00","2024-09-21 22:42:51",22.4666666666667,"0:14:51",14.85,0,1,1,1,1,4,1,NA
"1111",1111,1111,"herpestes","sanguineus","slender_mongoose",1,7,"N2","human","N2T3","egg",1,1,"2024-09-16 17:43:28","2024-09-16 17:43:47",17.7244444444444,"0:00:19",0.316666666666667,1,1,1,1,0,3,0,NA
"1112",1112,1112,"lepus","lspp","hare",1,7,"N2","human","N2T3","egg",0,1,"2024-09-16 19:04:40","2024-09-16 19:04:46",19.0777777777778,"0:00:06",0.1,0,0,0,0,0,0,0,NA
"1113",1113,1113,"lepus","lspp","hare",2,7,"N2","human","N2T3","egg",0,1,"2024-09-16 19:46:56","2024-09-16 20:39:32",19.7822222222222,"0:52:36",52.6,0,1,1,1,0,3,0,"one rabbit kept going back to investigate the mesh with the egg"
"1114",1114,1114,"madoqua","guentheri","gunthers_dik_dik",2,7,"N2","human","N2T3","egg",0,1,"2024-09-16 21:33:09","2024-09-16 21:38:56",21.5525,"0:05:47",5.78333333333333,0,1,1,0,0,2,0,NA
"1115",1115,1115,"madoqua","guentheri","gunthers_dik_dik",3,7,"N2","human","N2T3","egg",0,1,"2024-09-17 01:46:53","2024-09-17 03:22:19",1.78138888888889,"1:35:26",95.4333333333333,0,1,1,1,0,3,0,"one dik dik continuously investigated the mesh with the egg"
"1116",1116,1116,"madoqua","guentheri","gunthers_dik_dik",3,7,"N2","human","N2T3","egg",0,1,"2024-09-17 03:59:34","2024-09-17 04:28:22",3.99277777777778,"0:28:48",28.8,0,1,1,1,0,3,0,NA
"1117",1117,1117,"lepus","lspp","hare",2,7,"N2","human","N2T3","egg",0,1,"2024-09-17 05:59:51","2024-09-17 06:09:42",5.9975,"0:09:51",9.85,0,1,1,1,0,3,0,NA
"1118",1118,1118,"herpestes","sanguineus","slender_mongoose",1,7,"N2","human","N2T3","egg",1,1,"2024-09-17 06:52:57","2024-09-17 06:53:04",6.8825,"0:00:07",0.116666666666667,1,1,1,1,1,4,1,NA
"1119",1119,1119,"aepyceros","melampus","impala",8,7,"N2","human","N2T3","egg",0,1,"2024-09-17 07:40:45","2024-09-17 07:48:55",7.67916666666667,"0:08:10",8.16666666666667,1,1,1,1,0,3,0,NA
"1120",1120,1120,"equus","grevyi","grevys_zebra",1,7,"N2","human","N2T3","egg",0,1,"2024-09-17 13:44:31","2024-09-17 13:45:58",13.7419444444444,"0:01:27",1.45,1,1,1,1,0,3,0,NA
"1121",1121,1121,"aepyceros","melampus","impala",12,7,"N2","human","N2T3","egg",0,1,"2024-09-17 14:32:44","2024-09-17 15:15:16",14.5455555555556,"0:42:32",42.5333333333333,1,1,1,1,0,3,0,NA
"1122",1122,1122,"aepyceros","melampus","impala",2,7,"N2","human","N2T3","egg",0,1,"2024-09-17 17:22:22","2024-09-17 17:23:55",17.3727777777778,"0:01:33",1.55,1,1,1,1,0,3,0,NA
"1123",1123,1123,"lepus","lspp","hare",2,7,"N2","human","N2T3","egg",0,1,"2024-09-17 18:56:58","2024-09-17 19:09:16",18.9494444444444,"0:12:18",12.3,0,1,1,1,0,3,0,NA
"1124",1124,1124,"lepus","lspp","hare",2,7,"N2","human","N2T3","egg",0,1,"2024-09-17 19:49:05","2024-09-17 20:16:05",19.8180555555556,"0:27:00",27,0,1,1,1,0,3,0,NA
"1125",1125,1125,"lepus","lspp","hare",1,7,"N2","human","N2T3","egg",0,1,"2024-09-17 21:02:37","2024-09-17 21:38:09",21.0436111111111,"0:35:32",35.5333333333333,0,0,0,0,0,0,0,NA
"1126",1126,1126,"madoqua","guentheri","gunthers_dik_dik",2,7,"N2","human","N2T3","egg",0,1,"2024-09-17 21:06:00","2024-09-17 21:54:44",21.1,"0:48:44",48.7333333333333,0,0,0,0,0,0,0,NA
"1127",1127,1127,"madoqua","guentheri","gunthers_dik_dik",2,7,"N2","human","N2T3","egg",1,1,"2024-09-17 22:16:39","2024-09-17 22:43:54",22.2775,"0:27:15",27.25,0,0,1,0,0,1,0,NA
"1128",1128,1128,"madoqua","guentheri","gunthers_dik_dik",3,7,"N2","human","N2T3","egg",0,1,"2024-09-17 23:13:44","2024-09-17 23:57:50",23.2288888888889,"0:44:06",44.1,0,1,1,1,0,3,0,NA
"1129",1129,1129,"madoqua","guentheri","gunthers_dik_dik",1,7,"N2","human","N2T3","egg",0,1,"2024-09-18 00:28:15","2024-09-18 00:30:19",0.470833333333333,"0:02:04",2.06666666666667,0,1,1,0,0,2,0,NA
"1130",1130,1130,"madoqua","guentheri","gunthers_dik_dik",2,7,"N2","human","N2T3","egg",0,1,"2024-09-18 00:53:38","2024-09-18 00:54:36",0.893888888888889,"0:00:58",0.966666666666667,0,1,1,0,0,2,0,NA
"1131",1131,1131,"madoqua","guentheri","gunthers_dik_dik",1,7,"N2","human","N2T3","egg",0,1,"2024-09-18 01:58:36","2024-09-18 02:52:46",1.97666666666667,"0:54:10",54.1666666666667,0,1,1,0,0,2,0,NA
"1132",1132,1132,"lepus","lspp","hare",1,7,"N2","human","N2T3","egg",0,1,"2024-09-18 06:04:22","2024-09-18 06:04:37",6.07277777777778,"0:00:15",0.25,0,1,1,0,0,2,0,NA
"1133",1133,1133,"madoqua","guentheri","gunthers_dik_dik",3,7,"N2","human","N2T3","egg",0,1,"2024-09-18 09:27:55","2024-09-19 09:45:30",9.46527777777778,"0:17:35",17.5833333333333,1,1,1,0,0,2,0,NA
"1134",1134,1134,"aepyceros","melampus","impala",9,7,"N2","human","N2T3","egg",0,1,"2024-09-18 09:37:04","2024-09-18 10:05:51",9.61777777777778,"0:28:47",28.7833333333333,1,1,1,1,0,3,0,NA
"1135",1135,1135,"aepyceros","melampus","impala",1,7,"N2","human","N2T3","egg",0,1,"2024-09-18 10:21:19","2024-09-18 10:22:15",10.3552777777778,"0:00:56",0.933333333333333,1,1,1,0,0,2,0,NA
"1136",1136,1136,"herpestes","sanguineus","slender_mongoose",1,7,"N2","human","N2T3","egg",1,1,"2024-09-18 10:41:28","2024-09-18 10:41:34",10.6911111111111,"0:00:06",0.1,1,1,1,1,0,3,0,NA
"1137",1137,1137,"madoqua","guentheri","gunthers_dik_dik",2,7,"N2","human","N2T3","egg",0,1,"2024-09-18 14:51:22","2024-09-18 15:19:06",14.8561111111111,"0:27:44",27.7333333333333,1,1,1,0,0,2,0,NA
"1138",1138,1138,"madoqua","guentheri","gunthers_dik_dik",2,7,"N2","human","N2T3","egg",0,1,"2024-09-18 14:51:22","2024-09-18 15:19:06",14.8561111111111,"0:27:44",27.7333333333333,1,1,1,0,0,2,0,NA
"1139",1139,1139,"herpestes","sanguineus","slender_mongoose",1,7,"N2","human","N2T3","egg",1,1,"2024-09-18 16:13:35","2024-09-18 16:13:46",16.2263888888889,"0:00:11",0.183333333333333,1,1,1,1,0,3,0,NA
"1140",1140,1140,"herpestes","sanguineus","slender_mongoose",1,7,"N2","human","N2T3","egg",1,1,"2024-09-18 16:13:35","2024-09-18 16:13:46",16.2263888888889,"0:00:11",0.183333333333333,1,1,1,0,0,2,0,NA
"1141",1141,1141,"herpestes","sanguineus","slender_mongoose",1,7,"N2","human","N2T3","egg",1,1,"2024-09-18 18:40:24","2024-09-18 18:40:27",18.6733333333333,"0:00:03",0.05,0,1,1,1,0,3,0,NA
"1142",1142,1142,"madoqua","guentheri","gunthers_dik_dik",1,7,"N2","human","N2T3","egg",0,0,"2024-09-18 18:59:13","2024-09-18 19:25:29",18.9869444444444,"0:26:16",26.2666666666667,0,0,0,0,0,0,0,"interested in leftover salt"
"1143",1143,1143,"lepus","lspp","hare",2,7,"N2","human","N2T3","egg",0,0,"2024-09-18 19:34:19","2024-09-18 20:00:25",19.5719444444444,"0:26:06",26.1,0,1,1,0,0,2,0,"eating leftover salt"
"1144",1144,1144,"ichneumia","albicauda","white_tailed_mongoose",1,7,"N2","human","N2T3","egg",1,0,"2024-09-18 21:22:36","2024-09-18 21:25:18",21.3766666666667,"0:02:42",2.7,0,1,1,0,0,2,0,NA
"1145",1145,1145,"madoqua","guentheri","gunthers_dik_dik",3,7,"N2","human","N2T3","egg",0,0,"2024-09-18 22:04:03","2024-09-18 23:37:08",22.0675,"1:33:05",93.0833333333333,0,1,1,0,0,2,0,"eating leftover salt"
"1146",1146,1146,"ichneumia","albicauda","white_tailed_mongoose",1,7,"N2","human","N2T3","egg",1,0,"2024-09-18 23:51:50","2024-09-18 23:51:55",23.8638888888889,"0:00:05",0.0833333333333333,0,1,1,1,0,3,0,"peed (?) on the mesh for the eggs"
"1147",1147,1147,"madoqua","guentheri","gunthers_dik_dik",2,7,"N2","human","N2T3","egg",0,0,"2024-09-19 01:13:03","2024-09-19 01:29:35",1.2175,"0:16:32",16.5333333333333,0,0,0,0,0,0,0,"eating leftover salt"
"1148",1148,1148,"crocuta","crocuta","spotted_hyena",1,7,"N2","human","N2T3","egg",1,0,"2024-09-19 01:56:46","2024-09-19 01:59:02",1.94611111111111,"0:02:16",2.26666666666667,0,1,1,1,0,3,0,"Investigates camera before going over to investigate egg"
"1149",1149,1149,"lepus","lspp","hare",1,7,"N2","human","N2T3","egg",0,1,"2024-09-19 02:25:30","2024-09-18 02:31:49",2.425,"0:06:19",6.31666666666667,0,0,0,0,0,0,0,NA
"1150",1150,1150,"madoqua","guentheri","gunthers_dik_dik",3,7,"N2","human","N2T3","egg",0,0,"2024-09-19 02:33:03","2024-09-19 03:23:46",2.55083333333333,"0:50:43",50.7166666666667,0,1,1,1,0,3,0,NA
"1151",1151,1151,"madoqua","guentheri","gunthers_dik_dik",1,7,"N2","human","N2T3","egg",0,0,"2024-09-19 04:28:29","2024-09-19 04:28:37",4.47472222222222,"0:00:08",0.133333333333333,0,1,0,0,0,1,0,NA
"1152",1152,1152,"madoqua","guentheri","gunthers_dik_dik",2,7,"N2","human","N2T3","egg",0,0,"2024-09-19 05:51:16","2024-09-19 05:59:36",5.85444444444444,"0:08:20",8.33333333333333,0,1,1,1,0,3,0,NA
"1153",1153,1153,"aepyceros","melampus","impala",1,7,"N2","human","N2T3","millet",0,0,"2024-09-19 10:18:06","2024-09-19 10:22:07",10.3016666666667,"0:04:01",4.01666666666667,1,1,1,1,1,4,1,NA
"1154",1154,1154,"aepyceros","melampus","impala",1,7,"N2","human","N2T3","millet",0,0,"2024-09-19 12:36:56","2024-09-19 12:37:35",12.6155555555556,"0:00:39",0.65,1,1,0,0,0,1,0,NA
"1155",1155,1155,"xerus","rutilus","ground_squirrels",1,7,"N2","human","N2T3","millet",1,0,"2024-09-19 13:03:40","2024-09-19 13:03:41",13.0611111111111,"0:00:01",0.0166666666666667,1,1,0,0,0,1,0,NA
"1156",1156,1156,"lepus","lspp","hare",1,7,"N2","human","N2T3","millet",1,0,"2024-09-19 20:36:11","2024-09-19 20:36:54",20.6030555555556,"0:00:43",0.716666666666667,0,1,1,1,0,3,0,NA
"1157",1157,1157,"madoqua","guentheri","gunthers_dik_dik",1,7,"N2","human","N2T3","millet",0,0,"2024-09-19 22:46:13","2024-09-19 22:46:55",22.7702777777778,"0:00:42",0.7,0,0,0,0,0,0,0,NA
"1158",1158,1158,"lepus","lspp","hare",1,7,"N2","human","N2T3","millet",1,0,"2024-09-20 04:35:56","2024-09-20 04:36:03",4.59888888888889,"0:00:07",0.116666666666667,0,1,1,0,0,2,0,NA
"1159",1159,1159,"aepyceros","melampus","impala",1,7,"N2","human","N2T3","millet",0,0,"2024-09-20 06:24:00","2024-09-20 06:54:40",6.4,"0:30:40",30.6666666666667,1,1,1,1,0,3,0,"licking salt or fish sauce from the mesh. The impala is digging into the dirt to get to more salt."
"1160",1160,1160,"aepyceros","melampus","impala",2,7,"N2","human","N2T3","millet",0,0,"2024-09-20 07:17:12","2024-09-20 07:21:00",7.28666666666667,"0:03:48",3.8,1,1,1,1,0,3,0,NA
"1161",1161,1161,"aepyceros","melampus","impala",1,7,"N2","human","N2T3","millet",0,0,"2024-09-20 09:05:38","2024-09-20 09:05:44",9.09388888888889,"0:00:06",0.1,1,1,1,0,0,2,0,NA
"1162",1162,1162,"aepyceros","melampus","impala",1,7,"N2","human","N2T3","salt",1,1,"2024-09-20 14:28:43","2024-09-20 14:28:44",14.4786111111111,"0:00:01",0.0166666666666667,1,0,0,0,0,0,0,"camera cut off after 1 second"
"1163",1163,1163,"aepyceros","melampus","impala",1,7,"N2","human","N2T3","salt",1,1,"2024-09-20 17:10:48","2024-09-20 17:16:58",17.18,"0:06:10",6.16666666666667,1,1,1,0,0,2,0,"camera cut off"
"1164",1164,1164,"chlorocebus","pygerythrus","vervet_monkey",1,7,"N2","human","N2T3","salt",0,1,"2024-09-20 18:53:41","2024-09-20 18:53:42",18.8947222222222,"0:00:01",0.0166666666666667,0,0,0,0,0,0,0,NA
"1165",1165,1165,"lepus","lspp","hare",1,7,"N2","human","N2T3","salt",0,1,"2024-09-20 19:33:31","2024-09-20 19:33:33",19.5586111111111,"0:00:02",0.0333333333333333,0,0,0,0,0,0,0,NA
"1166",1166,1166,"lepus","lspp","hare",1,7,"N2","human","N2T3","salt",0,1,"2024-09-20 20:20:52","2024-09-20 20:20:53",20.3477777777778,"0:00:01",0.0166666666666667,0,0,0,0,0,0,0,NA
"1167",1167,1167,"lepus","lspp","hare",1,7,"N2","human","N2T3","salt",0,1,"2024-09-20 21:07:32","2024-09-20 21:07:33",21.1255555555556,"0:00:01",0.0166666666666667,0,0,0,0,0,0,0,NA
"1168",1168,1168,"lepus","lspp","hare",1,7,"N2","human","N2T3","salt",0,1,"2024-09-20 22:48:31","2024-09-20 22:48:32",22.8086111111111,"0:00:01",0.0166666666666667,0,0,0,0,0,0,0,NA
"1169",1169,1169,"lepus","lspp","hare",1,7,"N2","human","N2T3","salt",0,1,"2024-09-20 22:53:47","2024-09-20 23:18:47",22.8963888888889,"0:25:00",25,0,0,0,0,0,0,0,NA
"1170",1170,1170,"lepus","lspp","hare",2,7,"N2","human","N2T3","salt",0,1,"2024-09-20 23:34:02","2024-09-20 23:42:44",23.5672222222222,"0:08:42",8.7,0,1,0,0,0,1,0,NA
"1171",1171,1171,"lepus","lspp","hare",1,7,"N2","human","N2T3","salt",0,1,"2024-09-21 00:30:26","2024-09-21 00:32:25",0.507222222222222,"0:01:59",1.98333333333333,0,1,0,0,0,1,0,NA
"1172",1172,1172,"aepyceros","melampus","impala",2,7,"N2","human","N2T3","salt",1,1,"2024-09-21 13:53:12","2024-09-21 13:55:40",13.8866666666667,"0:02:28",2.46666666666667,1,1,0,0,0,1,0,NA
"1173",1173,1173,"aepyceros","melampus","impala",1,7,"N2","human","N2T3","salt",1,1,"2024-09-21 17:08:28","2024-09-21 17:08:28",17.1411111111111,"0:00:01",0.01666667,1,1,0,0,0,1,0,NA
"1174",1174,1174,"madoqua","guentheri","gunthers_dik_dik",3,7,"N2","human","N2T3","salt",1,1,"2024-09-21 18:54:16","2024-09-21 19:09:46",18.9044444444444,"0:15:30",15.5,0,1,1,1,1,4,1,NA
"1175",1175,1175,"hyaena","hyaena","striped_hyena",1,7,"N2","human","N2T3","salt",0,1,"2024-09-21 19:56:17","2024-09-21 19:56:18",19.9380555555556,"0:00:01",0.0166666666666667,0,0,0,0,0,0,0,NA
"1176",1176,1176,"madoqua","guentheri","gunthers_dik_dik",3,7,"N2","human","N2T3","salt",1,1,"2024-09-21 22:56:24","2024-09-21 23:04:46",22.94,"0:08:22",8.36666666666667,0,1,1,0,0,2,0,NA
"1177",1177,1177,"madoqua","guentheri","gunthers_dik_dik",1,7,"N2","human","N2T3","salt",1,1,"2024-09-21 23:43:43","2024-09-21 23:43:44",23.7286111111111,"0:00:01",0.0166666666666667,0,1,1,0,0,2,0,NA
"1178",1178,1178,"lepus","lspp","hare",1,7,"N2","human","N2T3","salt",0,1,"2024-09-22 01:22:24","2024-09-22 01:23:26",1.37333333333333,"0:01:02",1.03333333333333,0,0,0,0,0,0,0,NA
"1179",1179,1179,"madoqua","guentheri","gunthers_dik_dik",2,7,"N2","human","N2T3","salt",1,0,"2024-09-22 01:49:29","2024-09-22 01:53:50",1.82472222222222,"0:04:21",4.35,0,1,0,0,0,1,0,NA
"1180",1180,1180,"lepus","lspp","hare",1,7,"N2","human","N2T3","salt",0,0,"2024-09-22 03:28:01","2024-09-22 03:28:02",3.46694444444444,"0:00:01",0.0166666666666667,0,0,0,0,0,0,0,NA
"1181",1181,1181,"madoqua","guentheri","gunthers_dik_dik",2,7,"N2","human","N2T3","salt",1,0,"2024-09-22 03:29:51","2024-09-22 03:33:51",3.4975,"0:04:00",4,0,1,1,0,0,2,0,NA
"1182",1182,1182,"canis","mesomelas","black_backed_jackal",1,7,"N2","human","N2T3","salt",0,0,"2024-09-22 03:58:45","2024-09-22 03:59:50",3.97916666666667,"0:01:05",1.08333333333333,0,1,0,0,0,1,0,NA
"1183",1183,1183,"lepus","lspp","hare",1,7,"N2","human","N2T3","salt",0,1,"2024-09-22 04:54:34","2024-09-22 04:54:35",4.90944444444444,"0:00:01",0.0166666666666667,0,0,0,0,0,0,0,NA
"1184",1184,1184,"madoqua","guentheri","gunthers_dik_dik",1,7,"N2","human","N2T3","salt",1,1,"2024-09-22 06:53:03","2024-09-22 06:54:55",6.88416666666667,"0:01:52",1.86666666666667,1,0,0,0,0,0,0,NA
"1185",1185,1185,"madoqua","guentheri","gunthers_dik_dik",1,7,"N2","human","N2T3","salt",1,1,"2024-09-22 07:15:34","2024-09-22 07:22:26",7.25944444444444,"0:06:52",6.86666666666667,1,1,1,0,0,2,0,NA
"1186",1186,1186,"aepyceros","melampus","impala",1,7,"N2","human","N2T3","salt",1,1,"2024-09-22 08:50:41","2024-09-22 08:51:44",8.84472222222222,"0:01:03",1.05,1,1,0,0,0,1,0,NA
"1187",1187,1187,"lepus","lspp","hare",1,7,"N2","human","N2T3","salt",0,0,"2024-09-22 19:16:06","2024-09-22 19:16:07",19.2683333333333,"0:00:01",0.0166666666666667,0,0,0,0,0,0,0,NA
"1188",1188,1188,"lepus","lspp","hare",1,7,"N2","human","N2T3","salt",0,0,"2024-09-22 22:34:28","2024-09-22 22:34:29",22.5744444444444,"0:00:01",0.0166666666666667,0,0,0,0,0,0,0,NA
"1189",1189,1189,"madoqua","guentheri","gunthers_dik_dik",3,7,"N2","human","N2T3","salt",1,0,"2024-09-22 23:36:16","2024-09-22 23:48:56",23.6044444444444,"0:12:40",12.6666666666667,1,1,0,0,0,1,0,NA
"1190",1190,1190,"madoqua","guentheri","gunthers_dik_dik",2,7,"N2","human","N2T3","millet",0,0,"2025-09-20 03:18:45","2024-09-20 04:25:43",3.3125,"1:05:58",65.9666666666667,0,1,1,1,0,3,0,NA
"1191",1191,1191,"aepyceros","melampus","impala",1,7,"N2","human","N2T4","egg",0,1,"2024-09-16 14:09:18","2024-09-16 14:10:36",14.155,"0:01:18",1.3,1,1,1,0,0,2,0,NA
"1192",1192,1192,"aepyceros","melampus","impala",2,7,"N2","human","N2T4","egg",0,1,"2024-09-16 16:37:15","2024-09-16 16:41:55",16.6208333333333,"0:04:40",4.66666666666667,1,1,1,1,0,3,0,NA
"1193",1193,1193,"aepyceros","melampus","impala",1,7,"N2","human","N2T4","egg",0,1,"2024-09-16 17:00:33","2024-09-16 17:01:57",17.0091666666667,"0:01:24",1.4,1,1,1,1,0,3,0,NA
"1194",1194,1194,"madoqua","guentheri","gunthers_dik_dik",1,7,"N2","human","N2T4","egg",0,1,"2024-09-16 23:43:00","2024-09-16 23:43:07",23.7166666666667,"0:00:07",0.116666666666667,0,1,1,0,0,2,0,NA
"1195",1195,1195,"madoqua","guentheri","gunthers_dik_dik",1,7,"N2","human","N2T4","egg",0,1,"2024-09-17 00:33:17","2024-09-17 00:33:27",0.554722222222222,"0:00:10",0.166666666666667,0,1,1,0,0,2,0,NA
"1196",1196,1196,"madoqua","guentheri","gunthers_dik_dik",3,7,"N2","human","N2T4","egg",0,1,"2024-09-17 02:13:17","2024-09-17 02:33:57",2.22138888888889,"0:20:40",20.6666666666667,0,1,1,1,0,4,0,NA
"1197",1197,1197,"madoqua","guentheri","gunthers_dik_dik",1,7,"N2","human","N2T4","egg",0,1,"2024-09-18 00:43:04","2024-09-18 00:43:52",0.717777777777778,"0:00:48",0.8,0,1,1,0,0,2,0,NA
"1198",1198,1198,"madoqua","guentheri","gunthers_dik_dik",1,7,"N2","human","N2T4","egg",0,1,"2024-09-18 01:32:15","2024-09-18 01:32:50",1.5375,"0:00:35",0.583333333333333,0,1,1,1,0,4,0,NA
"1199",1199,1199,"crocuta","crocuta","spotted_hyena",1,7,"N2","human","N2T4","millet",0,1,"2024-09-18 18:30:54","2024-09-18 18:31:10",18.515,"0:00:16",0.266666666666667,1,1,1,1,0,3,0,NA
"1200",1200,1200,"madoqua","guentheri","gunthers_dik_dik",1,7,"N2","human","N2T4","millet",0,1,"2024-09-19 00:30:17","2024-09-19 00:30:23",0.504722222222222,"0:00:06",0.1,0,1,1,0,0,2,0,NA
"1201",1201,1201,"madoqua","guentheri","gunthers_dik_dik",1,7,"N2","human","N2T4","millet",0,1,"2024-09-19 03:35:08","2024-09-19 03:52:37",3.58555555555556,"0:17:29",17.4833333333333,0,1,1,0,0,2,0,NA
"1202",1202,1202,"aepyceros","melampus","impala",1,7,"N2","human","N2T4","millet",0,1,"2024-09-19 08:37:53","2024-09-19 08:38:27",8.63138888888889,"0:00:34",0.566666666666667,1,1,1,0,0,2,0,NA
"1203",1203,1203,"panthera","pardus","leopard",1,7,"N2","human","N2T4","millet",0,1,"2024-09-19 18:52:18","2024-09-19 18:52:22",18.8716666666667,"0:00:04",0.0666666666666667,0,1,1,1,0,3,0,NA
"1204",1204,1204,"herpestes","sanguineus","slender_mongoose",1,7,"N2","human","N2T4","millet",0,1,"2024-09-20 07:41:41","2024-09-20 07:41:48",7.69472222222222,"0:00:07",0.116666666666667,1,1,1,1,0,3,0,NA
"1205",1205,1205,"madoqua","guentheri","gunthers_dik_dik",2,7,"N2","human","N2T4","salt",1,1,"2024-09-20 18:03:28","2024-09-20 18:08:02",18.0577777777778,"0:04:34",4.56666666666667,1,1,1,1,1,4,1,NA
"1206",1206,1206,"madoqua","guentheri","gunthers_dik_dik",2,7,"N2","human","N2T4","salt",1,1,"2024-09-21 04:10:47","2024-09-21 04:10:48",4.17972222222222,"0:00:01",0.0166666666666667,0,1,1,1,1,4,1,NA
"1207",1207,1207,"aepyceros","melampus","impala",3,7,"N2","human","N2T4","salt",1,1,"2024-09-21 14:05:27","2024-09-21 14:06:29",14.0908333333333,"0:01:02",1.03333333333333,1,1,1,1,1,4,1,NA
"1208",1208,1208,"aepyceros","melampus","impala",1,7,"N2","human","N2T4","salt",1,1,"2024-09-21 14:25:12","2024-09-21 14:25:13",14.42,"0:00:01",0.0166666666666667,1,1,1,1,0,3,0,NA
"1209",1209,1209,"aepyceros","melampus","impala",2,7,"N2","human","N2T4","salt",1,1,"2024-09-21 15:09:34","2024-09-21 15:15:40",15.1594444444444,"0:06:06",6.1,1,1,1,1,0,4,0,NA
"1210",1210,1210,"aepyceros","melampus","impala",1,7,"N2","human","N2T4","salt",1,1,"2024-09-21 17:13:48","2024-09-21 17:13:49",17.23,"0:00:01",0.0166666666666667,1,1,1,1,1,4,1,NA
"1211",1211,1211,"madoqua","guentheri","gunthers_dik_dik",2,7,"N2","human","N2T4","salt",1,1,"2024-09-21 18:52:23","2024-09-21 18:56:14",18.8730555555556,"0:03:51",3.85,0,1,1,1,1,4,1,NA
"1212",1212,1212,"loxodonta","africana","african_elephant",1,7,"N2","human","N2T4","salt",1,1,"2024-09-21 19:22:48","2024-09-21 19:23:51",19.38,"0:01:03",1.05,0,1,1,1,1,4,1,NA
"1213",1213,1213,"aepyceros","melampus","impala",1,7,"N2","human","N2T5","egg",0,1,"2024-09-16 14:14:18","2024-09-16 14:16:12",14.2383333333333,"0:01:54",1.9,1,1,1,0,0,2,0,NA
"1214",1214,1214,"madoqua","guentheri","gunthers_dik_dik",3,7,"N2","human","N2T5","egg",0,1,"2024-09-16 16:10:25","2024-09-16 16:23:39",16.1736111111111,"0:13:14",13.2333333333333,1,1,1,1,0,4,0,NA
"1215",1215,1215,"madoqua","guentheri","gunthers_dik_dik",1,7,"N2","human","N2T5","egg",0,1,"2024-09-16 18:44:29","2024-09-16 18:46:34",18.7413888888889,"0:02:05",2.08333333333333,0,1,1,1,0,4,0,NA
"1216",1216,1216,"madoqua","guentheri","gunthers_dik_dik",3,7,"N2","human","N2T5","egg",0,1,"2024-09-16 21:36:19","2024-09-16 21:50:01",21.6052777777778,"0:13:42",13.7,0,1,1,1,0,4,0,NA
"1217",1217,1217,"aepyceros","melampus","impala",4,7,"N2","human","N2T5","egg",0,1,"2024-09-17 14:46:20","2024-09-17 14:56:39",14.7722222222222,"0:10:19",10.3166666666667,1,1,1,1,0,4,0,NA
"1218",1218,1218,"madoqua","guentheri","gunthers_dik_dik",3,7,"N2","human","N2T5","egg",0,1,"2024-09-17 21:25:34","2024-09-17 21:41:03",21.4261111111111,"0:15:29",15.4833333333333,0,1,1,1,0,4,0,NA
"1219",1219,1219,"madoqua","guentheri","gunthers_dik_dik",3,7,"N2","human","N2T5","egg",0,1,"2024-09-17 23:17:11","2024-09-17 23:29:48",23.2863888888889,"0:12:37",12.6166666666667,0,1,1,1,0,4,0,NA
"1220",1220,1220,"madoqua","guentheri","gunthers_dik_dik",1,7,"N2","human","N2T5","egg",0,1,"2024-09-18 01:30:29","2024-09-18 01:30:40",1.50805555555556,"0:00:11",0.183333333333333,0,1,1,1,0,4,0,NA
"1221",1221,1221,"madoqua","guentheri","gunthers_dik_dik",1,7,"N2","human","N2T5","egg",0,1,"2024-09-18 04:29:57","2024-09-18 04:31:14",4.49916666666667,"0:01:17",1.28333333333333,0,1,1,1,0,4,0,NA
"1222",1222,1222,"madoqua","guentheri","gunthers_dik_dik",2,7,"N2","human","N2T5","egg",0,1,"2024-09-18 09:31:40","2024-09-18 09:45:35",9.52777777777778,"0:13:55",13.9166666666667,1,1,1,1,0,4,0,NA
"1223",1223,1223,"madoqua","guentheri","gunthers_dik_dik",2,7,"N2","human","N2T5","millet",0,1,"2024-09-18 18:37:56","2024-09-18 19:04:10",18.6322222222222,"0:26:14",26.2333333333333,0,1,1,1,0,4,0,NA
"1224",1224,1224,"ichneumia","albicauda","white_tailed_mongoose",1,7,"N2","human","N2T5","millet",0,1,"2024-09-18 20:57:30","2024-09-18 20:58:01",20.9583333333333,"0:00:31",0.516666666666667,0,1,1,1,0,4,0,NA
"1225",1225,1225,"madoqua","guentheri","gunthers_dik_dik",2,7,"N2","human","N2T5","millet",0,1,"2024-09-18 22:08:23","2024-09-18 22:37:07",22.1397222222222,"0:28:44",28.7333333333333,0,1,1,1,0,4,0,NA
"1226",1226,1226,"lepus","lspp","hare",1,7,"N2","human","N2T5","millet",1,1,"2024-09-19 01:21:27","2024-09-19 01:37:29",1.3575,"0:16:02",16.0333333333333,0,1,1,1,1,4,1,NA
"1227",1227,1227,"madoqua","guentheri","gunthers_dik_dik",1,7,"N2","human","N2T5","millet",0,1,"2024-09-19 02:23:20","2024-09-19 02:23:30",2.38888888888889,"0:00:10",0.166666666666667,0,1,1,0,0,2,0,NA
"1228",1228,1228,"madoqua","guentheri","gunthers_dik_dik",1,7,"N2","human","N2T5","millet",0,1,"2024-09-19 06:58:12","2024-09-19 06:58:27",6.97,"0:00:15",0.25,1,1,1,1,0,3,0,NA
"1229",1229,1229,"madoqua","guentheri","gunthers_dik_dik",1,7,"N2","human","N2T5","millet",0,1,"2024-09-19 08:29:12","2024-09-19 09:01:11",8.48666666666667,"0:31:59",31.9833333333333,1,1,1,1,0,4,0,NA
"1230",1230,1230,"herpestes","sanguineus","slender_mongoose",1,7,"N2","human","N2T5","millet",0,1,"2024-09-19 09:50:53","2024-09-19 09:50:58",9.84805555555556,"0:00:05",0.0833333333333333,1,1,1,1,0,4,0,NA
"1231",1231,1231,"madoqua","guentheri","gunthers_dik_dik",1,7,"N2","human","N2T5","millet",0,1,"2024-09-19 16:09:56","2024-09-19 16:12:20",16.1655555555556,"0:02:24",2.4,1,1,1,1,0,4,0,NA
"1232",1232,1232,"madoqua","guentheri","gunthers_dik_dik",1,7,"N2","human","N2T5","millet",0,1,"2024-09-19 18:50:34","2024-09-19 18:55:16",18.8427777777778,"0:04:42",4.7,0,1,1,1,0,4,0,NA
"1233",1233,1233,"madoqua","guentheri","gunthers_dik_dik",1,7,"N2","human","N2T5","millet",0,1,"2024-09-19 21:51:58","2024-09-19 21:52:06",21.8661111111111,"0:00:08",0.133333333333333,0,1,1,0,0,2,0,NA
"1234",1234,1234,"madoqua","guentheri","gunthers_dik_dik",2,7,"N2","human","N2T5","millet",0,1,"2024-09-19 22:14:02","2024-09-19 22:59:18",22.2338888888889,"0:45:16",45.2666666666667,0,1,1,1,0,4,0,NA
"1235",1235,1235,"madoqua","guentheri","gunthers_dik_dik",1,7,"N2","human","N2T5","millet",0,1,"2024-09-20 02:07:09","2024-09-20 02:22:06",2.11916666666667,"0:14:57",14.95,0,1,1,1,0,4,0,NA
"1236",1236,1236,"madoqua","guentheri","gunthers_dik_dik",1,7,"N2","human","N2T5","millet",0,1,"2024-09-20 02:54:44","2024-09-20 02:58:15",2.91222222222222,"0:03:31",3.51666666666667,0,1,1,1,0,4,0,NA
"1237",1237,1237,"madoqua","guentheri","gunthers_dik_dik",1,7,"N2","human","N2T5","millet",0,1,"2024-09-20 04:34:47","2024-09-20 04:49:28",4.57972222222222,"0:14:41",14.6833333333333,0,1,1,1,0,4,0,NA
"1238",1238,1238,"madoqua","guentheri","gunthers_dik_dik",1,7,"N2","human","N2T5","millet",0,1,"2024-09-20 06:26:44","2024-09-20 06:26:51",6.44555555555556,"0:00:07",0.116666666666667,1,1,1,0,0,2,0,NA
"1239",1239,1239,"madoqua","guentheri","gunthers_dik_dik",1,7,"N2","human","N2T5","salt",1,1,"2024-09-20 10:37:37","2024-09-20 10:44:11",10.6269444444444,"0:06:34",6.56666666666667,1,1,1,0,0,2,0,NA
"1240",1240,1240,"equus","grevyi","grevys_zebra",1,7,"N2","human","N2T5","salt",1,1,"2024-09-20 16:19:26","2024-09-20 16:22:46",16.3238888888889,"0:03:20",3.33333333333333,1,1,1,1,1,4,1,NA
"1241",1241,1241,"lepus","lspp","hare",1,7,"N2","human","N2T5","salt",0,1,"2024-09-20 22:06:42","2024-09-20 22:10:20",22.1116666666667,"0:03:38",3.63333333333333,0,1,1,1,0,4,0,NA
"1242",1242,1242,"madoqua","guentheri","gunthers_dik_dik",1,7,"N2","human","N2T5","salt",1,1,"2024-09-21 00:32:00","2024-09-21 00:37:12",0.533333333333333,"0:05:12",5.2,0,1,1,1,1,4,1,NA
"1243",1243,1243,"madoqua","guentheri","gunthers_dik_dik",1,7,"N2","human","N2T5","salt",1,1,"2024-09-21 02:25:57","2024-09-21 02:30:54",2.4325,"0:04:57",4.95,0,1,1,0,0,2,0,NA
"1244",1244,1244,"aepyceros","melampus","impala",2,7,"N2","human","N2T5","salt",1,1,"2024-09-21 06:56:56","2024-09-21 08:19:18",6.94888888888889,"1:22:22",82.3666666666667,1,1,1,1,1,4,1,NA
"1245",1245,1245,"madoqua","guentheri","gunthers_dik_dik",1,7,"N2","human","N2T5","salt",1,1,"2024-09-21 09:12:53","2024-09-21 09:18:28",9.21472222222222,"0:05:35",5.58333333333333,1,1,1,0,0,2,0,NA
"1246",1246,1246,"aepyceros","melampus","impala",8,7,"N2","human","N2T5","salt",1,1,"2024-09-21 11:45:14","2024-09-21 13:58:27",11.7538888888889,"2:13:13",133.216666666667,1,1,1,1,1,4,1,NA
"1247",1247,1247,"aepyceros","melampus","impala",6,7,"N2","human","N2T5","salt",1,1,"2024-09-21 14:15:19","2024-09-21 15:23:00",14.2552777777778,"1:07:41",67.6833333333333,1,1,1,1,1,4,1,NA
"1248",1248,1248,"aepyceros","melampus","impala",5,7,"N2","human","N2T5","salt",1,1,"2024-09-21 16:26:00","2024-09-21 17:56:09",16.4333333333333,"1:30:09",90.15,1,1,1,1,1,4,1,NA
"1249",1249,1249,"aepyceros","melampus","impala",1,7,"N2","human","N2T5","salt",1,1,"2024-09-21 18:34:50","2024-09-21 18:40:13",18.5805555555556,"0:05:23",5.38333333333333,1,1,1,1,1,4,1,NA
"1250",1250,1250,"madoqua","guentheri","gunthers_dik_dik",2,7,"N2","human","N2T5","salt",1,1,"2024-09-21 18:46:13","2024-09-21 18:57:21",18.7702777777778,"0:11:08",11.1333333333333,0,1,1,1,1,4,1,NA
"1251",1251,1251,"madoqua","guentheri","gunthers_dik_dik",1,7,"N2","human","N2T5","salt",1,1,"2024-09-21 21:44:10","2024-09-21 21:55:55",21.7361111111111,"0:11:45",11.75,0,1,1,1,1,4,1,NA
"1252",1252,1252,"madoqua","guentheri","gunthers_dik_dik",1,7,"N2","human","N2T5","salt",1,1,"2024-09-21 22:13:07","2024-09-21 22:19:09",22.2186111111111,"0:06:02",6.03333333333333,0,1,1,1,1,4,1,NA
"1253",1253,1253,"aepyceros","melampus","impala",2,7,"N2","human","N2T5","salt",1,1,"2024-09-22 00:30:52","2024-09-22 01:31:26",0.514444444444444,"1:00:34",60.5666666666667,0,1,1,1,1,4,1,NA
"1254",1254,1254,"madoqua","guentheri","gunthers_dik_dik",2,7,"N2","human","N2T6","egg",0,1,"2024-09-16 23:26:38","2024-09-16 23:26:49",23.4438888888889,"0:00:11",0.183333333333333,0,1,1,0,0,2,0,NA
"1255",1255,1255,"madoqua","guentheri","gunthers_dik_dik",2,7,"N2","human","N2T6","egg",0,1,"2024-09-17 00:31:03","2024-09-17 00:49:05",0.5175,"0:18:02",18.0333333333333,0,1,1,0,0,2,0,NA
"1256",1256,1256,"madoqua","guentheri","gunthers_dik_dik",1,7,"N2","human","N2T6","egg",0,1,"2024-09-17 02:01:38","2024-09-17 02:03:55",2.02722222222222,"0:02:17",2.28333333333333,0,1,1,0,0,2,0,NA
"1257",1257,1257,"genetta","gspp","genets",1,7,"N2","human","N2T6","egg",1,1,"2024-09-17 02:28:31","2024-09-17 02:29:18",2.47527777777778,"0:00:47",0.783333333333333,0,1,1,1,0,3,0,NA
"1258",1258,1258,"aepyceros","melampus","impala",1,7,"N2","human","N2T6","egg",0,1,"2024-09-17 06:04:56","2024-09-17 06:08:49",6.08222222222222,"0:03:53",3.88333333333333,1,1,1,0,0,2,0,NA
"1259",1259,1259,"madoqua","guentheri","gunthers_dik_dik",1,7,"N2","human","N2T6","egg",0,1,"2024-09-17 09:28:44","2024-09-17 09:28:49",9.47888888888889,"0:00:05",0.0833333333333333,1,1,1,0,0,2,0,NA
"1260",1260,1260,"madoqua","guentheri","gunthers_dik_dik",1,7,"N2","human","N2T6","egg",0,1,"2024-09-17 10:14:32","2024-09-17 10:15:32",10.2422222222222,"0:01:00",1,1,1,1,0,0,2,0,NA
"1261",1261,1261,"madoqua","guentheri","gunthers_dik_dik",2,7,"N2","human","N2T6","egg",0,1,"2024-09-17 22:48:04","2024-09-17 22:52:00",22.8011111111111,"0:03:56",3.93333333333333,1,1,1,0,0,2,0,NA
"1262",1262,1262,"madoqua","guentheri","gunthers_dik_dik",2,7,"N2","human","N2T6","egg",0,1,"2024-09-17 23:19:02","2024-09-17 23:50:30",23.3172222222222,"0:31:28",31.4666666666667,1,1,1,0,0,2,0,NA
"1263",1263,1263,"lepus","lspp","hare",1,7,"N2","human","N2T6","egg",0,1,"2024-09-18 02:12:50","2024-09-18 02:22:19",2.21388888888889,"0:09:29",9.48333333333333,1,1,1,0,0,2,0,NA
"1264",1264,1264,"ichneumia","albicauda","white_tailed_mongoose",1,7,"N2","human","N2T6","millet",0,1,"2024-09-18 21:04:54","2024-09-18 21:05:23",21.0816666666667,"0:00:29",0.483333333333333,0,1,1,1,0,4,0,NA
"1265",1265,1265,"ichneumia","albicauda","white_tailed_mongoose",1,7,"N2","human","N2T6","millet",0,1,"2024-09-19 00:10:59","2024-09-19 00:11:04",0.183055555555556,"0:00:05",0.0833333333333333,0,1,1,1,0,4,0,NA
"1266",1266,1266,"madoqua","guentheri","gunthers_dik_dik",2,7,"N2","human","N2T6","millet",0,1,"2024-09-19 01:06:45","2024-09-19 01:15:22",1.1125,"0:08:37",8.61666666666667,0,1,1,0,0,2,0,NA
"1267",1267,1267,"madoqua","guentheri","gunthers_dik_dik",1,7,"N2","human","N2T6","millet",0,1,"2024-09-19 04:28:00","2024-09-19 04:28:10",4.46666666666667,"0:00:10",0.166666666666667,0,1,1,0,0,2,0,NA
"1268",1268,1268,"madoqua","guentheri","gunthers_dik_dik",1,7,"N2","human","N2T6","millet",0,1,"2024-09-19 23:53:01","2024-09-19 23:53:35",23.8836111111111,"0:00:34",0.566666666666667,0,1,1,0,0,2,0,NA
"1269",1269,1269,"madoqua","guentheri","gunthers_dik_dik",2,7,"N2","human","N2T6","millet",0,1,"2024-09-20 01:11:08","2024-09-19 01:11:39",1.18555555555556,"0:00:31",0.516666666666667,0,1,1,1,0,4,0,NA
"1270",1270,1270,"madoqua","guentheri","gunthers_dik_dik",1,7,"N2","human","N2T6","salt",1,1,"2024-09-21 08:01:29","2024-09-21 08:04:08",8.02472222222222,"0:02:39",2.65,1,1,1,1,1,4,1,NA
"1271",1271,1271,"aepyceros","melampus","impala",2,7,"N2","human","N2T6","salt",1,1,"2024-09-21 14:11:48","2024-09-21 14:13:58",14.1966666666667,"0:02:10",2.16666666666667,1,1,1,1,0,4,0,NA
"1272",1272,1272,"aepyceros","melampus","impala",2,7,"N2","human","N2T6","salt",1,1,"2024-09-21 14:28:36","2024-09-21 15:03:21",14.4766666666667,"0:34:45",34.75,1,1,1,1,1,4,1,NA
"1273",1273,1273,"aepyceros","melampus","impala",2,7,"N2","human","N2T6","salt",1,1,"2024-09-21 15:30:46","2024-09-21 16:57:18",15.5127777777778,"1:26:32",86.5333333333333,1,1,1,1,1,4,1,NA
"1274",1274,1274,"aepyceros","melampus","impala",1,7,"N2","human","N2T6","salt",1,1,"2024-09-21 17:25:25","2024-09-21 17:41:16",17.4236111111111,"0:15:51",15.85,1,1,1,1,1,4,1,NA
"1275",1275,1275,"madoqua","guentheri","gunthers_dik_dik",1,7,"N2","human","N2T6","salt",1,1,"2024-09-21 23:33:43","2024-09-21 23:40:23",23.5619444444444,"0:06:40",6.66666666666667,1,1,1,0,0,2,0,NA
"1276",1276,1276,"madoqua","guentheri","gunthers_dik_dik",1,7,"N2","human","N2T7","egg",0,1,"2024-09-16 23:48:11","2024-09-16 23:48:29",23.8030555555556,"0:00:18",0.3,0,1,1,0,0,2,0,NA
"1277",1277,1277,"lepus","lspp","hare",1,7,"N2","human","N2T7","egg",0,1,"2024-09-17 03:14:28","2024-09-17 03:17:24",3.24111111111111,"0:02:56",2.93333333333333,0,1,1,0,0,2,0,NA
"1278",1278,1278,"madoqua","guentheri","gunthers_dik_dik",1,7,"N2","human","N2T7","egg",0,1,"2024-09-17 03:33:28","2024-09-17 05:40:22",3.55777777777778,"2:06:54",126.9,0,1,1,1,0,4,0,NA
"1279",1279,1279,"lepus","lspp","hare",1,7,"N2","human","N2T7","egg",0,1,"2024-09-17 05:27:28","2024-09-17 05:29:03",5.45777777777778,"0:01:35",1.58333333333333,0,1,1,1,0,4,0,NA
"1280",1280,1280,"madoqua","guentheri","gunthers_dik_dik",1,7,"N2","human","N2T7","egg",0,1,"2024-09-17 06:22:57","2024-09-17 06:34:25",6.3825,"0:11:28",11.4666666666667,1,1,1,0,0,2,0,NA
"1281",1281,1281,"madoqua","guentheri","gunthers_dik_dik",1,7,"N2","human","N2T7","egg",0,1,"2024-09-17 19:10:59","2024-09-17 19:11:13",19.1830555555556,"0:00:14",0.233333333333333,0,1,1,0,0,2,0,NA
"1282",1282,1282,"madoqua","guentheri","gunthers_dik_dik",1,7,"N2","human","N2T7","egg",0,1,"2024-09-17 21:12:24","2024-09-17 21:12:30",21.2066666666667,"0:00:06",0.1,0,1,1,0,0,2,0,NA
"1283",1283,1283,"madoqua","guentheri","gunthers_dik_dik",2,7,"N2","human","N2T7","egg",0,1,"2024-09-17 22:08:36","2024-09-17 22:19:36",22.1433333333333,"0:11:00",11,0,1,1,0,0,2,0,NA
"1284",1284,1284,"madoqua","guentheri","gunthers_dik_dik",1,7,"N2","human","N2T7","egg",0,1,"2024-09-17 22:32:54","2024-09-17 22:46:49",22.5483333333333,"0:13:55",13.9166666666667,0,1,1,0,0,2,0,NA
"1285",1285,1285,"madoqua","guentheri","gunthers_dik_dik",1,7,"N2","human","N2T7","egg",0,1,"2024-09-17 23:58:26","2024-09-17 23:59:11",23.9738888888889,"0:00:45",0.75,0,1,1,1,0,4,0,NA
"1286",1286,1286,"ichneumia","albicauda","white_tailed_mongoose",1,7,"N2","human","N2T7","egg",1,1,"2024-09-18 01:19:56","2024-09-18 01:21:26",1.33222222222222,"0:01:30",1.5,0,1,1,1,0,4,0,NA
"1287",1287,1287,"lepus","lspp","hare",1,7,"N2","human","N2T7","egg",0,1,"2024-09-18 01:20:12","2024-09-18 01:22:56",1.33666666666667,"0:02:44",2.73333333333333,0,1,1,1,0,4,0,NA
"1288",1288,1288,"madoqua","guentheri","gunthers_dik_dik",2,7,"N2","human","N2T7","egg",0,1,"2024-09-18 01:53:34","2024-09-18 01:59:43",1.89277777777778,"0:06:09",6.15,0,1,1,0,0,2,0,NA
"1289",1289,1289,"madoqua","guentheri","gunthers_dik_dik",2,7,"N2","human","N2T7","egg",0,1,"2024-09-18 02:46:35","2024-09-18 03:11:37",2.77638888888889,"0:25:02",25.0333333333333,0,1,1,1,0,4,0,NA
"1290",1290,1290,"madoqua","guentheri","gunthers_dik_dik",1,7,"N2","human","N2T7","egg",0,1,"2024-09-18 03:37:45","2024-09-18 03:38:22",3.62916666666667,"0:00:37",0.616666666666667,0,1,1,1,0,4,0,NA
"1291",1291,1291,"loxodonta","africana","african_elephant",1,7,"N2","human","N2T7","millet",0,1,"2024-09-18 14:26:56","2024-09-18 14:27:09",14.4488888888889,"0:00:13",0.216666666666667,1,1,1,1,0,4,0,NA
"1292",1292,1292,"loxodonta","africana","african_elephant",4,7,"N2","human","N2T7","millet",0,1,"2024-09-18 14:45:19","2024-09-18 14:46:10",14.7552777777778,"0:00:51",0.85,1,1,1,1,0,4,0,NA
"1293",1293,1293,"xerus","erythropus","ground_squirrels",1,7,"N2","human","N2T7","millet",1,1,"2024-09-18 15:27:26","2024-09-18 15:32:21",15.4572222222222,"0:04:55",4.91666666666667,1,1,1,1,0,4,0,NA
"1294",1294,1294,"xerus","rutilus","ground_squirrels",1,7,"N2","human","N2T7","millet",1,1,"2024-09-18 15:47:05","2024-09-18 15:47:17",15.7847222222222,"0:00:12",0.2,1,1,1,0,0,2,0,NA
"1295",1295,1295,"xerus","erythropus","ground_squirrels",1,7,"N2","human","N2T7","millet",1,1,"2024-09-18 15:47:32","2024-09-18 15:47:37",15.7922222222222,"0:00:05",0.0833333333333333,1,1,1,1,0,4,0,NA
"1296",1296,1296,"crocuta","crocuta","spotted_hyena",1,7,"N2","human","N2T7","millet",0,1,"2024-09-18 20:53:18","2024-09-18 20:53:45",20.8883333333333,"0:00:27",0.45,0,1,1,1,0,4,0,NA
"1297",1297,1297,"madoqua","guentheri","gunthers_dik_dik",1,7,"N2","human","N2T7","millet",0,1,"2024-09-18 21:44:52","2024-09-18 21:53:19",21.7477777777778,"0:08:27",8.45,0,1,1,0,0,2,0,NA
"1298",1298,1298,"madoqua","guentheri","gunthers_dik_dik",2,7,"N2","human","N2T7","millet",0,1,"2024-09-18 22:16:23","2024-09-18 22:34:45",22.2730555555556,"0:18:22",18.3666666666667,0,1,1,1,0,4,0,NA
"1299",1299,1299,"lepus","lspp","hare",1,7,"N2","human","N2T7","millet",1,1,"2024-09-18 22:36:27","2024-09-18 22:36:33",22.6075,"0:00:06",0.1,0,1,1,1,0,4,0,NA
"1300",1300,1300,"crocuta","crocuta","spotted_hyena",4,7,"N2","human","N2T7","millet",0,1,"2024-09-19 01:16:17","2024-09-19 01:17:11",1.27138888888889,"0:00:54",0.9,0,1,1,1,0,4,0,NA
"1301",1301,1301,"madoqua","guentheri","gunthers_dik_dik",2,7,"N2","human","N2T7","millet",0,1,"2024-09-19 02:50:46","2024-09-19 04:01:37",2.84611111111111,"1:10:51",70.85,0,1,1,1,0,4,0,NA
"1302",1302,1302,"xerus","erythropus","ground_squirrels",1,7,"N2","human","N2T7","millet",1,1,"2024-09-19 08:42:11","2024-09-19 08:42:25",8.70305555555555,"0:00:14",0.233333333333333,1,1,1,1,0,4,0,NA
"1303",1303,1303,"aepyceros","melampus","impala",2,7,"N2","human","N2T7","millet",0,1,"2024-09-19 09:32:15","2024-09-19 10:18:27",9.5375,"0:46:12",46.2,1,1,1,1,1,4,1,NA
"1304",1304,1304,"xerus","rutilus","ground_squirrels",1,7,"N2","human","N2T7","millet",1,1,"2024-09-19 11:18:17","2024-09-19 11:18:23",11.3047222222222,"0:00:06",0.1,1,1,1,1,0,4,0,NA
"1305",1305,1305,"aepyceros","melampus","impala",3,7,"N2","human","N2T7","millet",0,1,"2024-09-19 11:21:41","2024-09-19 11:22:19",11.3613888888889,"0:00:38",0.633333333333333,1,1,1,0,0,2,0,NA
"1306",1306,1306,"madoqua","guentheri","gunthers_dik_dik",1,7,"N2","human","N2T7","millet",0,1,"2024-09-19 22:46:54","2024-09-19 22:50:09",22.7816666666667,"0:03:15",3.25,0,1,1,1,0,4,0,NA
"1307",1307,1307,"ichneumia","albicauda","white_tailed_mongoose",1,7,"N2","human","N2T7","millet",0,1,"2024-09-19 23:07:19","2024-09-19 23:07:25",23.1219444444444,"0:00:06",0.1,0,1,1,1,0,4,0,NA
"1308",1308,1308,"madoqua","guentheri","gunthers_dik_dik",1,7,"N2","human","N2T7","millet",0,1,"2024-09-19 23:26:26","2024-09-19 23:27:55",23.4405555555556,"0:01:29",1.48333333333333,0,1,1,0,0,2,0,NA
"1309",1309,1309,"madoqua","guentheri","gunthers_dik_dik",1,7,"N2","human","N2T7","millet",0,1,"2024-09-20 00:49:25","2024-09-20 00:49:31",0.823611111111111,"0:00:06",0.1,0,1,1,0,0,2,0,NA
"1310",1310,1310,"lepus","lspp","hare",1,7,"N2","human","N2T7","millet",1,1,"2024-09-20 02:31:08","2024-09-20 02:31:24",2.51888888888889,"0:00:16",0.266666666666667,0,1,1,1,0,4,0,NA
"1311",1311,1311,"madoqua","guentheri","gunthers_dik_dik",1,7,"N2","human","N2T7","millet",0,1,"2024-09-20 02:48:39","2024-09-20 03:26:50",2.81083333333333,"0:38:11",38.1833333333333,0,1,1,1,0,4,0,NA
"1312",1312,1312,"madoqua","guentheri","gunthers_dik_dik",1,7,"N2","human","N2T7","millet",0,1,"2024-09-20 05:18:49","2024-09-20 05:19:15",5.31361111111111,"0:00:26",0.433333333333333,0,1,1,0,0,2,0,NA
"1313",1313,1313,"madoqua","guentheri","gunthers_dik_dik",1,7,"N2","human","N2T7","salt",1,1,"2024-09-20 22:01:10","2024-09-20 22:14:41",22.0194444444444,"0:13:31",13.5166666666667,0,1,1,1,1,4,1,NA
"1314",1314,1314,"madoqua","guentheri","gunthers_dik_dik",1,7,"N2","human","N2T7","salt",1,1,"2024-09-20 23:46:19","2024-09-20 23:54:46",23.7719444444444,"0:08:27",8.45,0,1,1,1,1,4,1,NA
"1315",1315,1315,"lepus","lspp","hare",1,7,"N2","human","N2T7","salt",0,1,"2024-09-21 00:11:55","2024-09-21 00:18:12",0.198611111111111,"0:06:17",6.28333333333333,0,1,1,1,1,4,1,NA
"1316",1316,1316,"genetta","gspp","genets",1,7,"N2","human","N2T7","salt",0,1,"2024-09-21 00:33:19","2024-09-21 00:33:20",0.555277777777778,"0:00:01",0.0166666666666667,0,1,1,1,0,4,0,NA
"1317",1317,1317,"madoqua","guentheri","gunthers_dik_dik",2,7,"N2","human","N2T7","salt",1,1,"2024-09-21 01:32:51","2024-09-21 01:46:41",1.5475,"0:13:50",13.8333333333333,0,1,1,1,1,4,1,NA
"1318",1318,1318,"madoqua","guentheri","gunthers_dik_dik",1,7,"N2","human","N2T7","salt",1,1,"2024-09-21 02:44:16","2024-09-21 02:45:31",2.73777777777778,"0:01:15",1.25,0,1,1,1,1,4,1,NA
"1319",1319,1319,"madoqua","guentheri","gunthers_dik_dik",1,7,"N2","human","N2T7","salt",1,1,"2024-09-21 06:49:35","2024-09-21 06:50:41",6.82638888888889,"0:01:06",1.1,1,1,1,1,1,4,1,NA
"1320",1320,1320,"xerus","erythropus","ground_squirrels",1,7,"N2","human","N2T7","salt",0,1,"2024-09-21 08:03:54","2024-09-21 08:03:55",8.065,"0:00:01",0.0166666666666667,1,1,1,1,0,4,0,NA
"1321",1321,1321,"aepyceros","melampus","impala",2,7,"N2","human","N2T7","salt",1,1,"2024-09-21 11:18:37","2024-09-21 12:02:56",11.3102777777778,"0:44:19",44.3166666666667,1,1,1,1,1,4,1,NA
"1322",1322,1322,"madoqua","guentheri","gunthers_dik_dik",2,7,"N2","human","N2T7","salt",1,1,"2024-09-21 22:23:39","2024-09-21 22:39:31",22.3941666666667,"0:15:52",15.8666666666667,0,1,1,1,1,4,1,NA
"1323",1323,1323,"madoqua","guentheri","gunthers_dik_dik",1,7,"N2","human","N2T7","salt",1,1,"2024-09-21 23:27:18","2024-09-21 23:32:45",23.455,"0:05:27",5.45,0,1,1,1,1,4,1,NA
"1324",1324,1324,"madoqua","guentheri","gunthers_dik_dik",1,7,"N2","human","N2T7","salt",1,1,"2024-09-22 00:59:17","2024-09-22 00:59:18",0.988055555555555,"0:00:01",0.0166666666666667,0,1,1,1,1,4,1,NA
"1325",1325,1325,"ichneumia","albicauda","white_tailed_mongoose",1,7,"N2","human","N2T7","salt",0,1,"2024-09-22 02:30:55","2024-09-22 02:35:23",2.51527777777778,"0:04:28",4.46666666666667,0,1,1,1,0,4,0,NA
"1326",1326,1326,"aepyceros","melampus","impala",2,7,"N2","human","N2T7","salt",1,1,"2024-09-22 07:51:02","2024-09-22 08:19:40",7.85055555555556,"0:28:38",28.6333333333333,1,1,1,1,1,4,1,NA
"1327",1327,1327,"lepus","lspp","hare",1,7,"N2","human","N2T8","egg",0,1,"2024-09-16 23:03:19","2024-09-16 23:04:30",23.0552777777778,"0:01:11",1.18333333333333,0,1,1,1,0,3,0,NA
"1328",1328,1328,"xerus","rutilus","ground_squirrels",1,7,"N2","human","N2T8","egg",0,1,"2024-09-17 16:13:46","2024-09-17 16:13:52",16.2294444444444,"0:00:06",0.1,1,1,1,0,0,2,0,NA
"1329",1329,1329,"ichneumia","albicauda","white_tailed_mongoose",1,7,"N2","human","N2T8","egg",1,1,"2024-09-18 00:54:44","2024-09-18 01:01:57",0.912222222222222,"0:07:13",7.21666666666667,0,1,1,1,1,4,1,NA
"1330",1330,1330,"lepus","lspp","hare",1,7,"N2","human","N2T8","egg",0,1,"2024-09-18 02:07:06","2024-09-18 02:07:51",2.11833333333333,"0:00:45",0.75,0,1,1,1,0,4,0,NA
"1331",1331,1331,"aepyceros","melampus","impala",8,7,"N2","human","N2T8","egg",0,1,"2024-09-18 06:26:00","2024-09-18 06:57:36",6.43333333333333,"0:31:36",31.6,1,1,1,1,0,4,0,NA
"1332",1332,1332,"aepyceros","melampus","impala",4,7,"N2","human","N2T8","millet",0,1,"2024-09-18 12:44:57","2024-09-18 13:28:08",12.7491666666667,"0:43:11",43.1833333333333,1,1,1,1,0,4,0,NA
"1333",1333,1333,"aepyceros","melampus","impala",3,7,"N2","human","N2T8","millet",0,1,"2024-09-18 15:28:52","2024-09-18 15:53:40",15.4811111111111,"0:24:48",24.8,1,1,1,1,0,4,0,NA
"1334",1334,1334,"aepyceros","melampus","impala",1,7,"N2","human","N2T8","millet",0,1,"2024-09-18 16:15:22","2024-09-18 16:16:25",16.2561111111111,"0:01:03",1.05,1,1,1,1,0,4,0,NA
"1335",1335,1335,"aepyceros","melampus","impala",1,7,"N2","human","N2T8","millet",0,1,"2024-09-18 16:36:28","2024-09-18 16:36:34",16.6077777777778,"0:00:06",0.1,1,1,1,1,0,4,0,NA
"1336",1336,1336,"aepyceros","melampus","impala",3,7,"N2","human","N2T8","millet",0,1,"2024-09-18 18:42:51","2024-09-18 19:09:54",18.7141666666667,"0:27:03",27.05,0,1,1,1,0,4,0,NA
"1337",1337,1337,"aepyceros","melampus","impala",1,7,"N2","human","N2T8","millet",0,1,"2024-09-18 20:09:20","2024-09-18 20:12:13",20.1555555555556,"0:02:53",2.88333333333333,0,1,1,1,0,4,0,NA
"1338",1338,1338,"aepyceros","melampus","impala",2,7,"N2","human","N2T8","millet",0,1,"2024-09-18 22:27:18","2024-09-18 22:48:34",22.455,"0:21:16",21.2666666666667,0,1,1,1,0,4,0,NA
"1339",1339,1339,"lepus","lspp","hare",1,7,"N2","human","N2T8","millet",1,1,"2024-09-19 00:20:25","2024-09-19 00:21:41",0.340277777777778,"0:01:16",1.26666666666667,0,1,1,1,0,4,0,NA
"1340",1340,1340,"aepyceros","melampus","impala",1,7,"N2","human","N2T8","millet",0,1,"2024-09-19 00:54:14","2024-09-19 01:18:16",0.903888888888889,"0:24:02",24.0333333333333,0,1,1,1,0,4,0,NA
"1341",1341,1341,"aepyceros","melampus","impala",2,7,"N2","human","N2T8","millet",0,1,"2024-09-19 02:57:47","2024-09-19 03:01:49",2.96305555555556,"0:04:02",4.03333333333333,0,1,1,1,1,4,1,NA
"1342",1342,1342,"ichneumia","albicauda","white_tailed_mongoose",1,7,"N2","human","N2T8","millet",0,1,"2024-09-19 04:07:39","2024-09-19 04:07:51",4.1275,"0:00:12",0.2,0,1,1,1,0,4,0,NA
"1343",1343,1343,"aepyceros","melampus","impala",7,7,"N2","human","N2T8","millet",0,1,"2024-09-19 06:49:53","2024-09-19 06:53:37",6.83138888888889,"0:03:44",3.73333333333333,1,1,1,1,0,4,0,NA
"1344",1344,1344,"aepyceros","melampus","impala",1,7,"N2","human","N2T8","millet",0,1,"2024-09-19 09:31:19","2024-09-19 09:35:21",9.52194444444445,"0:04:02",4.03333333333333,1,1,1,1,1,4,1,NA
"1345",1345,1345,"aepyceros","melampus","impala",1,7,"N2","human","N2T8","millet",0,1,"2024-09-19 10:30:55","2024-09-19 10:45:01",10.5152777777778,"0:14:06",14.1,1,1,1,1,1,4,1,NA
"1346",1346,1346,"aepyceros","melampus","impala",1,7,"N2","human","N2T8","millet",0,1,"2024-09-19 11:33:48","2024-09-19 11:51:45",11.5633333333333,"0:17:57",17.95,1,1,1,1,0,4,0,NA
"1347",1347,1347,"aepyceros","melampus","impala",1,7,"N2","human","N2T8","millet",0,1,"2024-09-20 07:14:16","2024-09-20 07:17:24",7.23777777777778,"0:03:08",3.13333333333333,1,1,1,1,0,4,0,NA
"1348",1348,1348,"aepyceros","melampus","impala",2,7,"N2","human","N2T8","salt",1,1,"2024-09-20 16:06:11","2024-09-20 16:09:44",16.1030555555556,"0:03:33",3.55,1,1,1,1,1,4,1,NA
"1349",1349,1349,"aepyceros","melampus","impala",5,7,"N2","human","N2T8","salt",1,1,"2024-09-20 16:46:31","2024-09-20 16:59:04",16.7752777777778,"0:12:33",12.55,1,1,1,1,1,4,1,NA
"1350",1350,1350,"equus","grevyi","grevys_zebra",1,7,"N2","human","N2T8","salt",1,1,"2024-09-20 16:59:04","2024-09-20 17:01:24",16.9844444444444,"0:02:20",2.33333333333333,1,1,1,1,1,4,1,NA
"1351",1351,1351,"aepyceros","melampus","impala",9,7,"N2","human","N2T8","salt",1,1,"2024-09-20 17:45:02","2024-09-20 18:49:47",17.7505555555556,"1:04:45",64.75,1,1,1,1,1,4,1,NA
"1352",1352,1352,"aepyceros","melampus","impala",1,7,"N2","human","N2T8","salt",1,1,"2024-09-20 19:51:45","2024-09-20 20:09:30",19.8625,"0:17:45",17.75,0,1,1,1,1,4,1,NA
"1353",1353,1353,"aepyceros","melampus","impala",15,7,"N2","human","N2T8","salt",1,1,"2024-09-21 02:25:59","2024-09-21 04:46:19",2.43305555555556,"2:20:20",140.333333333333,0,1,1,1,1,4,1,NA
"1354",1354,1354,"aepyceros","melampus","impala",5,7,"N2","human","N2T8","salt",1,1,"2024-09-21 05:04:33","2024-09-21 06:08:16",5.07583333333333,"1:03:43",63.7166666666667,0,1,1,1,1,4,1,NA
"1355",1355,1355,"aepyceros","melampus","impala",9,7,"N2","human","N2T8","salt",1,1,"2024-09-21 08:29:56","2024-09-21 10:15:49",8.49888888888889,"1:45:53",105.883333333333,1,1,1,1,1,4,1,NA
"1356",1356,1356,"aepyceros","melampus","impala",1,7,"N2","human","N2T8","salt",1,1,"2024-09-21 11:27:37","2024-09-21 11:27:39",11.4602777777778,"0:00:02",0.0333333333333333,1,1,1,1,1,4,1,NA
"1357",1357,1357,"aepyceros","melampus","impala",1,7,"N2","human","N2T8","salt",1,1,"2024-09-21 11:44:43","2024-09-21 12:07:59",11.7452777777778,"0:23:16",23.2666666666667,1,1,1,1,1,4,1,NA
"1358",1358,1358,"equus","grevyi","grevys_zebra",1,7,"N2","human","N2T8","salt",1,1,"2024-09-21 12:09:08","2024-09-21 12:41:13",12.1522222222222,"0:32:05",32.0833333333333,1,1,1,1,1,4,1,NA
"1359",1359,1359,"aepyceros","melampus","impala",7,7,"N2","human","N2T8","salt",1,1,"2024-09-21 12:55:23","2024-09-21 14:38:29",12.9230555555556,"1:43:06",103.1,1,1,1,1,1,4,1,NA
"1360",1360,1360,"aepyceros","melampus","impala",5,7,"N2","human","N2T8","salt",1,1,"2024-09-21 15:19:06","2024-09-21 17:40:25",15.3183333333333,"2:21:19",141.316666666667,1,1,1,1,1,4,1,NA
"1361",1361,1361,"lepus","lspp","hare",1,7,"N2","human","N2T8","salt",0,1,"2024-09-21 22:30:47","2024-09-21 22:45:48",22.5130555555556,"0:15:01",15.0166666666667,1,1,1,0,0,2,0,NA
"1362",1362,1362,"aepyceros","melampus","impala",2,7,"N2","human","N2T8","salt",1,1,"2024-09-22 06:29:42","2024-09-22 06:32:48",6.495,"0:03:06",3.1,1,1,1,1,1,4,1,NA
"1363",1363,1363,"lepus","lspp","hare",2,7,"N2","human","N2T9","egg",0,1,"2024-09-16 19:57:49","2024-09-16 20:22:41",19.9636111111111,"0:24:52",24.8666666666667,0,1,1,0,0,2,0,NA
"1364",1364,1364,"lepus","lspp","hare",1,7,"N2","human","N2T9","egg",0,1,"2024-09-16 21:58:58","2024-09-16 22:01:51",21.9827777777778,"0:02:53",2.88333333333333,0,1,1,1,0,4,0,NA
"1365",1365,1365,"madoqua","guentheri","gunthers_dik_dik",1,7,"N2","human","N2T9","egg",0,1,"2024-09-17 02:03:52","2024-09-17 02:06:02",2.06444444444444,"0:02:10",2.16666666666667,0,1,1,1,0,4,0,NA
"1366",1366,1366,"madoqua","guentheri","gunthers_dik_dik",1,7,"N2","human","N2T9","egg",0,1,"2024-09-17 03:22:34","2024-09-17 03:22:58",3.37611111111111,"0:00:24",0.4,0,1,1,0,0,2,0,NA
"1367",1367,1367,"lepus","lspp","hare",1,7,"N2","human","N2T9","egg",0,1,"2024-09-17 19:27:41","2024-09-17 19:38:53",19.4613888888889,"0:11:12",11.2,0,1,1,0,0,2,0,NA
"1368",1368,1368,"madoqua","guentheri","gunthers_dik_dik",2,7,"N2","human","N2T9","egg",0,1,"2024-09-18 00:58:29","2024-09-18 01:03:16",0.974722222222222,"0:04:47",4.78333333333333,0,1,1,0,0,2,0,NA
"1369",1369,1369,"ichneumia","albicauda","white_tailed_mongoose",1,7,"N2","human","N2T9","egg",1,1,"2024-09-18 01:36:40","2024-09-18 01:42:27",1.61111111111111,"0:05:47",5.78333333333333,0,1,1,1,1,4,1,NA
"1370",1370,1370,"madoqua","guentheri","gunthers_dik_dik",2,7,"N2","human","N2T9","egg",0,1,"2024-09-18 01:52:49","2024-09-18 01:55:08",1.88027777777778,"0:02:19",2.31666666666667,0,1,1,1,0,3,0,NA
"1371",1371,1371,"aepyceros","melampus","impala",10,7,"N2","human","N2T9","egg",0,1,"2024-09-18 07:11:56","2024-09-18 08:41:41",7.19888888888889,"1:29:45",89.75,1,1,1,1,0,4,0,NA
"1372",1372,1372,"aepyceros","melampus","impala",1,7,"N2","human","N2T9","egg",0,1,"2024-09-18 10:06:04","2024-09-18 10:13:35",10.1011111111111,"0:07:31",7.51666666666667,1,1,1,1,0,4,0,NA
"1373",1373,1373,"aepyceros","melampus","impala",2,7,"N2","human","N2T9","millet",0,1,"2024-09-18 12:25:38","2024-09-18 12:32:07",12.4272222222222,"0:06:29",6.48333333333333,1,1,1,1,0,4,0,NA
"1374",1374,1374,"loxodonta","africana","african_elephant",3,7,"N2","human","N2T9","millet",0,1,"2024-09-18 13:42:12","2024-09-18 13:51:14",13.7033333333333,"0:09:02",9.03333333333333,1,1,1,1,1,4,1,NA
"1375",1375,1375,"aepyceros","melampus","impala",10,7,"N2","human","N2T9","millet",0,1,"2024-09-18 16:01:01","2024-09-18 18:19:06",16.0169444444444,"2:18:05",138.083333333333,1,1,1,1,1,4,1,NA
"1376",1376,1376,"lepus","lspp","hare",1,7,"N2","human","N2T9","millet",1,1,"2024-09-18 19:24:31","2024-09-18 19:36:06",19.4086111111111,"0:11:35",11.5833333333333,0,1,1,1,1,4,1,NA
"1377",1377,1377,"crocuta","crocuta","spotted_hyena",1,7,"N2","human","N2T9","millet",0,1,"2024-09-18 22:26:43","2024-09-18 22:27:13",22.4452777777778,"0:00:30",0.5,0,1,1,1,0,4,0,NA
"1378",1378,1378,"lepus","lspp","hare",1,7,"N2","human","N2T9","millet",1,1,"2024-09-19 01:36:00","2024-09-19 01:38:15",1.6,"0:02:15",2.25,0,1,1,1,0,4,0,NA
"1379",1379,1379,"aepyceros","melampus","impala",1,7,"N2","human","N2T9","millet",0,1,"2024-09-19 03:11:12","2024-09-19 03:55:21",3.18666666666667,"0:44:09",44.15,0,1,1,1,1,4,1,NA
"1380",1380,1380,"aepyceros","melampus","impala",7,7,"N2","human","N2T9","millet",0,1,"2024-09-19 07:48:55","2024-09-19 08:22:27",7.81527777777778,"0:33:32",33.5333333333333,1,1,1,1,0,4,0,NA
"1381",1381,1381,"aepyceros","melampus","impala",6,7,"N2","human","N2T9","millet",0,1,"2024-09-19 08:39:17","2024-09-19 08:45:43",8.65472222222222,"0:06:26",6.43333333333333,1,1,1,1,0,4,0,NA
"1382",1382,1382,"aepyceros","melampus","impala",5,7,"N2","human","N2T9","millet",0,1,"2024-09-19 09:15:03","2024-09-19 09:53:24",9.25083333333333,"0:38:21",38.35,1,1,1,1,0,4,0,NA
"1383",1383,1383,"aepyceros","melampus","impala",2,7,"N2","human","N2T9","millet",0,1,"2024-09-19 10:03:28","2024-09-19 10:51:58",10.0577777777778,"0:48:30",48.5,1,1,1,1,0,4,0,NA
"1384",1384,1384,"aepyceros","melampus","impala",1,7,"N2","human","N2T9","millet",0,1,"2024-09-19 10:46:14","2024-09-19 10:51:59",10.7705555555556,"0:05:45",5.75,1,1,1,1,0,4,0,NA
"1385",1385,1385,"aepyceros","melampus","impala",1,7,"N2","human","N2T9","millet",0,1,"2024-09-19 11:47:42","2024-09-19 11:53:58",11.795,"0:06:16",6.26666666666667,1,1,1,1,0,4,0,NA
"1386",1386,1386,"equus","grevyi","grevys_zebra",1,7,"N2","human","N2T9","millet",0,1,"2024-09-19 11:54:02","2024-09-19 11:56:32",11.9005555555556,"0:02:30",2.5,1,1,1,1,0,4,0,NA
"1387",1387,1387,"aepyceros","melampus","impala",8,7,"N2","human","N2T9","millet",0,1,"2024-09-19 15:39:56","2024-09-19 15:44:32",15.6655555555556,"0:04:36",4.6,1,1,1,1,0,4,0,NA
"1388",1388,1388,"equus","grevyi","grevys_zebra",1,7,"N2","human","N2T9","millet",0,1,"2024-09-19 15:44:32","2024-09-19 15:44:48",15.7422222222222,"0:00:16",0.266666666666667,1,1,1,1,0,3,0,NA
"1389",1389,1389,"aepyceros","melampus","impala",4,7,"N2","human","N2T9","millet",0,1,"2024-09-19 16:25:15","2024-09-19 16:51:31",16.4208333333333,"0:26:16",26.2666666666667,1,1,1,1,0,4,0,NA
"1390",1390,1390,"equus","grevyi","grevys_zebra",1,7,"N2","human","N2T9","millet",0,1,"2024-09-19 16:51:36","2024-09-19 16:52:13",16.86,"0:00:37",0.616666666666667,1,1,1,1,0,4,0,NA
"1391",1391,1391,"aepyceros","melampus","impala",1,7,"N2","human","N2T9","millet",0,1,"2024-09-19 17:10:04","2024-09-19 17:15:12",17.1677777777778,"0:05:08",5.13333333333333,1,1,1,1,0,4,0,NA
"1392",1392,1392,"equus","grevyi","grevys_zebra",1,7,"N2","human","N2T9","millet",0,1,"2024-09-19 17:11:40","2024-09-19 17:13:35",17.1944444444444,"0:01:55",1.91666666666667,1,1,1,1,0,4,0,NA
"1393",1393,1393,"ichneumia","albicauda","white_tailed_mongoose",1,7,"N2","human","N2T9","millet",0,1,"2024-09-19 22:54:45","2024-09-19 22:54:50",22.9125,"0:00:05",0.0833333333333333,1,1,1,0,0,2,0,NA
"1394",1394,1394,"aepyceros","melampus","impala",1,7,"N2","human","N2T9","millet",0,1,"2024-09-20 07:22:15","2024-09-20 07:24:07",7.37083333333333,"0:01:52",1.86666666666667,1,1,1,1,0,4,0,NA
"1395",1395,1395,"madoqua","guentheri","gunthers_dik_dik",1,7,"N2","human","N2T9","salt",1,1,"2024-09-20 23:56:48","2024-09-21 00:03:13",23.9466666666667,"0:06:25",6.41666666666667,0,1,1,1,0,4,0,NA
"1396",1396,1396,"madoqua","guentheri","gunthers_dik_dik",2,7,"N2","human","N2T9","salt",1,1,"2024-09-21 03:06:56","2024-09-21 03:15:50",3.11555555555556,"0:08:54",8.9,0,1,1,1,1,4,1,NA
"1397",1397,1397,"lepus","lspp","hare",1,7,"N2","human","N2T9","salt",0,1,"2024-09-21 03:27:42","2024-09-21 05:13:00",3.46166666666667,"1:45:18",105.3,0,1,1,0,0,2,0,NA
"1398",1398,1398,"aepyceros","melampus","impala",1,7,"N2","human","N2T9","salt",1,1,"2024-09-21 08:48:19","2024-09-21 11:10:42",8.80527777777778,"2:22:23",142.383333333333,1,1,1,1,0,4,0,NA
"1399",1399,1399,"madoqua","guentheri","gunthers_dik_dik",1,7,"N2","human","N2T9","salt",1,1,"2024-09-21 21:54:53","2024-09-21 21:57:02",21.9147222222222,"0:02:09",2.15,0,1,1,1,0,3,0,NA
"1400",1400,1400,"ichneumia","albicauda","white_tailed_mongoose",1,7,"N2","human","N2T9","salt",0,1,"2024-09-22 01:51:22","2024-09-22 01:51:23",1.85611111111111,"0:00:01",0.0166666666666667,0,1,1,1,1,4,1,NA
"1401",1401,1401,"madoqua","guentheri","gunthers_dik_dik",2,7,"N2","human","N2T9","salt",1,1,"2024-09-22 02:01:12","2024-09-22 02:20:00",2.02,"0:18:48",18.8,0,1,1,1,1,4,1,NA
"1402",1402,1402,"madoqua","guentheri","gunthers_dik_dik",1,7,"N2","human","N2T9","salt",1,1,"2024-09-22 03:19:44","2024-09-22 03:36:43",3.32888888888889,"0:16:59",16.9833333333333,0,1,1,1,0,3,0,NA
"1403",1403,1403,"lepus","lspp","hare",1,7,"N2","human","N2T9","salt",0,1,"2024-09-22 03:59:08","2024-09-22 04:03:54",3.98555555555556,"0:04:46",4.76666666666667,0,1,1,1,1,4,1,NA
"1404",1404,1404,"aepyceros","melampus","impala",3,7,"N2","human","N2T9","salt",1,1,"2024-09-22 07:21:03","2024-09-22 07:27:07",7.35083333333333,"0:06:04",6.06666666666667,1,1,1,1,1,4,1,NA
"1405",1405,1405,"madoqua","guentheri","gunthers_dik_dik",2,7,"N2","human","N2T9","salt",1,1,"2024-09-22 07:40:48","2024-09-22 07:43:14",7.68,"0:02:26",2.43333333333333,1,1,1,1,1,4,1,NA
"1406",1406,1406,"aepyceros","melampus","impala",2,7,"N2","human","N2T9","salt",1,1,"2024-09-22 07:47:12","2024-09-22 08:02:58",7.78666666666667,"0:15:46",15.7666666666667,1,1,1,1,1,4,1,NA
"1407",1407,1407,"lepus","lspp","hare",1,7,"N2","human","N2T10","egg",0,1,"2024-09-16 21:11:48","2024-09-16 21:11:53",21.1966666666667,"0:00:05",0.0833333333333333,0,1,1,0,0,2,0,NA
"1408",1408,1408,"madoqua","guentheri","gunthers_dik_dik",2,7,"N2","human","N2T10","egg",0,1,"2024-09-17 02:13:40","2024-09-17 02:45:47",2.22777777777778,"0:32:07",32.1166666666667,0,1,1,0,0,2,0,NA
"1409",1409,1409,"madoqua","guentheri","gunthers_dik_dik",2,7,"N2","human","N2T10","egg",0,1,"2024-09-17 03:20:47","2024-09-17 03:21:11",3.34638888888889,"0:00:24",0.4,0,1,1,0,0,2,0,NA
"1410",1410,1410,"equus","grevyi","grevys_zebra",1,7,"N2","human","N2T10","egg",0,1,"2024-09-17 15:41:24","2024-09-17 15:41:36",15.69,"0:00:12",0.2,0,1,1,0,0,2,0,NA
"1411",1411,1411,"lepus","lspp","hare",1,7,"N2","human","N2T10","egg",0,1,"2024-09-17 18:45:05","2024-09-17 18:52:07",18.7513888888889,"0:07:02",7.03333333333333,0,1,1,0,0,2,0,NA
"1412",1412,1412,"madoqua","guentheri","gunthers_dik_dik",1,7,"N2","human","N2T10","egg",0,1,"2024-09-17 20:49:49","2024-09-17 21:47:57",20.8302777777778,"0:58:08",58.1333333333333,0,1,1,0,0,2,0,NA
"1413",1413,1413,"ichneumia","albicauda","white_tailed_mongoose",1,7,"N2","human","N2T10","egg",1,1,"2024-09-18 01:51:07","2024-09-18 01:57:09",1.85194444444444,"0:06:02",6.03333333333333,0,1,1,1,1,4,1,NA
"1414",1414,1414,"madoqua","guentheri","gunthers_dik_dik",1,7,"N2","human","N2T10","egg",0,1,"2024-09-18 02:46:39","2024-09-18 02:56:17",2.7775,"0:09:38",9.63333333333333,0,1,1,0,0,2,0,NA
"1415",1415,1415,"aepyceros","melampus","impala",12,7,"N2","human","N2T10","egg",0,1,"2024-09-18 08:28:53","2024-09-18 10:35:57",8.48138888888889,"2:07:04",127.066666666667,1,1,1,1,0,4,0,NA
"1416",1416,1416,"phacochoerus","africanus","common_warthog",1,7,"N2","human","N2T10","egg",0,1,"2024-09-18 08:45:18","2024-09-18 08:49:09",8.755,"0:03:51",3.85,1,1,1,1,0,4,0,NA
"1417",1417,1417,"loxodonta","africana","african_elephant",4,7,"N2","human","N2T10","millet",0,1,"2024-09-18 13:57:42","2024-09-18 14:03:11",13.9616666666667,"0:05:29",5.48333333333333,1,1,1,1,0,4,0,NA
"1418",1418,1418,"aepyceros","melampus","impala",8,7,"N2","human","N2T10","millet",0,1,"2024-09-18 14:19:04","2024-09-18 15:38:06",14.3177777777778,"1:19:02",79.0333333333333,1,1,1,1,1,4,1,NA
"1419",1419,1419,"madoqua","guentheri","gunthers_dik_dik",1,7,"N2","human","N2T10","millet",0,1,"2024-09-18 21:15:28","2024-09-18 21:33:16",21.2577777777778,"0:17:48",17.8,0,1,1,0,0,2,0,NA
"1420",1420,1420,"crocuta","crocuta","spotted_hyena",1,7,"N2","human","N2T10","millet",0,1,"2024-09-18 21:35:23","2024-09-18 21:35:26",21.5897222222222,"0:00:03",0.05,0,1,1,0,0,2,0,NA
"1421",1421,1421,"lepus","lspp","hare",1,7,"N2","human","N2T10","millet",1,1,"2024-09-19 02:37:43","2024-09-19 02:38:29",2.62861111111111,"0:00:46",0.766666666666667,0,1,1,1,0,4,0,NA
"1422",1422,1422,"ichneumia","albicauda","white_tailed_mongoose",1,7,"N2","human","N2T10","millet",0,1,"2024-09-19 04:28:50","2024-09-19 04:28:55",4.48055555555556,"0:00:05",0.0833333333333333,0,1,1,1,0,4,0,NA
"1423",1423,1423,"madoqua","guentheri","gunthers_dik_dik",2,7,"N2","human","N2T10","millet",0,1,"2024-09-19 04:31:41","2024-09-19 04:36:33",4.52805555555556,"0:04:52",4.86666666666667,0,1,1,0,0,2,0,NA
"1424",1424,1424,"aepyceros","melampus","impala",2,7,"N2","human","N2T10","millet",0,1,"2024-09-19 08:10:53","2024-09-19 08:23:20",8.18138888888889,"0:12:27",12.45,1,1,1,1,1,4,1,NA
"1425",1425,1425,"aepyceros","melampus","impala",8,7,"N2","human","N2T10","millet",0,1,"2024-09-19 10:14:33","2024-09-19 12:35:53",10.2425,"2:21:20",141.333333333333,1,1,1,1,1,4,1,NA
"1426",1426,1426,"equus","grevyi","grevys_zebra",1,7,"N2","human","N2T10","millet",0,1,"2024-09-19 17:10:52","2024-09-19 17:11:37",17.1811111111111,"0:00:45",0.75,1,1,1,0,0,2,0,NA
"1427",1427,1427,"lepus","lspp","hare",1,7,"N2","human","N2T10","millet",1,1,"2024-09-19 19:02:10","2024-09-19 19:44:40",19.0361111111111,"0:42:30",42.5,0,1,1,1,1,4,1,NA
"1428",1428,1428,"lepus","lspp","hare",1,7,"N2","human","N2T10","millet",1,1,"2024-09-19 20:03:57","2024-09-19 20:05:47",20.0658333333333,"0:01:50",1.83333333333333,0,1,1,1,1,4,1,NA
"1429",1429,1429,"genetta","gspp","genets",1,7,"N2","human","N2T10","millet",0,1,"2024-09-19 22:44:59","2024-09-19 22:45:04",22.7497222222222,"0:00:05",0.0833333333333333,0,1,1,1,0,3,0,NA
"1430",1430,1430,"madoqua","guentheri","gunthers_dik_dik",1,7,"N2","human","N2T10","millet",0,1,"2024-09-19 23:32:15","2024-09-19 23:38:27",23.5375,"0:06:12",6.2,0,1,1,0,0,2,0,NA
"1431",1431,1431,"ichneumia","albicauda","white_tailed_mongoose",1,7,"N2","human","N2T10","millet",0,1,"2024-09-20 05:09:26","2024-09-20 05:09:38",5.15722222222222,"0:00:12",0.2,0,1,1,1,0,4,0,NA
"1432",1432,1432,"madoqua","guentheri","gunthers_dik_dik",2,7,"N2","human","N2T10","millet",0,1,"2024-09-20 05:13:56","2024-09-20 05:16:07",5.23222222222222,"0:02:11",2.18333333333333,0,1,1,0,0,2,0,NA
"1433",1433,1433,"aepyceros","melampus","impala",1,7,"N2","human","N2T10","millet",0,1,"2024-09-20 07:32:32","2024-09-20 07:39:14",7.54222222222222,"0:06:42",6.7,1,1,1,1,1,4,1,NA
"1434",1434,1434,"aepyceros","melampus","impala",3,7,"N2","human","N2T10","salt",1,1,"2024-09-20 12:01:54","2024-09-20 12:12:44",12.0316666666667,"0:10:50",10.8333333333333,1,1,1,1,1,4,1,NA
"1435",1435,1435,"madoqua","guentheri","gunthers_dik_dik",2,7,"N2","human","N2T10","salt",1,1,"2024-09-21 00:55:57","2024-09-21 01:57:38",0.9325,"1:01:41",61.6833333333333,0,1,1,1,1,4,1,NA
"1436",1436,1436,"aepyceros","melampus","impala",3,7,"N2","human","N2T10","salt",1,1,"2024-09-21 10:45:55","2024-09-21 11:47:28",10.7652777777778,"1:01:33",61.55,1,1,1,1,1,4,1,NA
"1437",1437,1437,"aepyceros","melampus","impala",1,7,"N2","human","N2T10","salt",1,1,"2024-09-21 13:20:30","2024-09-21 13:26:55",13.3416666666667,"0:06:25",6.41666666666667,1,1,1,1,1,4,1,NA
"1438",1438,1438,"aepyceros","melampus","impala",1,7,"N2","human","N2T10","salt",1,1,"2024-09-21 13:53:14","2024-09-21 13:57:13",13.8872222222222,"0:03:59",3.98333333333333,1,1,1,1,1,4,1,NA
"1439",1439,1439,"madoqua","guentheri","gunthers_dik_dik",1,7,"N2","human","N2T10","salt",1,1,"2024-09-21 23:11:33","2024-09-21 23:55:06",23.1925,"0:43:33",43.55,0,1,1,1,1,4,1,NA
"1440",1440,1440,"madoqua","guentheri","gunthers_dik_dik",1,7,"N2","human","N2T10","salt",1,1,"2024-09-22 00:57:39","2024-09-22 01:35:48",0.960833333333333,"0:38:09",38.15,0,1,1,1,1,4,1,NA
"1441",1441,1441,"aepyceros","melampus","impala",1,7,"N2","human","N2T10","salt",1,1,"2024-09-22 07:40:36","2024-09-22 07:44:34",7.67666666666667,"0:03:58",3.96666666666667,1,1,1,1,1,4,1,NA
"1442",1442,1442,"aepyceros","melampus","impala",1,7,"N2","human","N2T10","salt",1,1,"2024-09-22 08:10:03","2024-09-22 08:11:05",8.1675,"0:01:02",1.03333333333333,1,1,1,1,1,4,1,NA
"1443",1443,1443,"aepyceros","melampus","impala",4,7,"N2","human","N2T11","egg",0,1,"2024-09-16 12:32:17","2024-09-16 14:15:35",12.5380555555556,"1:43:18",103.3,1,1,1,0,0,2,0,NA
"1444",1444,1444,"aepyceros","melampus","impala",1,7,"N2","human","N2T11","egg",0,1,"2024-09-16 14:52:49","2024-09-16 15:00:48",14.8802777777778,"0:07:59",7.98333333333333,1,1,1,1,0,3,0,NA
"1445",1445,1445,"aepyceros","melampus","impala",1,7,"N2","human","N2T11","egg",0,1,"2024-09-16 17:40:15","2024-09-16 18:36:35",17.6708333333333,"0:56:20",56.3333333333333,1,1,1,1,0,3,0,NA
"1446",1446,1446,"lepus","lspp","hare",1,7,"N2","human","N2T11","egg",0,1,"2024-09-16 21:37:56","2024-09-16 22:05:59",21.6322222222222,"0:28:03",28.05,0,1,1,1,0,3,0,NA
"1447",1447,1447,"madoqua","guentheri","gunthers_dik_dik",1,7,"N2","human","N2T11","egg",0,1,"2024-09-16 22:42:16","2024-09-16 23:01:34",22.7044444444444,"0:19:18",19.3,0,1,1,1,0,3,0,NA
"1448",1448,1448,"madoqua","guentheri","gunthers_dik_dik",2,7,"N2","human","N2T11","egg",0,1,"2024-09-17 03:39:34","2024-09-17 03:41:21",3.65944444444444,"0:01:47",1.78333333333333,0,1,1,0,0,2,0,NA
"1449",1449,1449,"madoqua","guentheri","gunthers_dik_dik",2,7,"N2","human","N2T11","egg",0,1,"2024-09-17 06:39:40","2024-09-17 06:43:11",6.66111111111111,"0:03:31",3.51666666666667,1,1,1,0,0,2,0,NA
"1450",1450,1450,"aepyceros","melampus","impala",3,7,"N2","human","N2T11","egg",0,1,"2024-09-17 09:12:44","2024-09-17 09:25:27",9.21222222222222,"0:12:43",12.7166666666667,1,1,1,1,0,3,0,NA
"1451",1451,1451,"lepus","lspp","hare",1,7,"N2","human","N2T11","egg",0,1,"2024-09-17 18:47:00","2024-09-17 19:00:36",18.7833333333333,"0:13:36",13.6,0,1,1,0,0,2,0,NA
"1452",1452,1452,"crocuta","crocuta","spotted_hyena",1,7,"N2","human","N2T11","egg",1,1,"2024-09-17 19:01:24","2024-09-17 19:01:38",19.0233333333333,"0:00:14",0.233333333333333,0,1,1,0,0,2,0,NA
"1453",1453,1453,"lepus","lspp","hare",1,7,"N2","human","N2T11","egg",0,1,"2024-09-17 23:06:45","2024-09-17 23:10:34",23.1125,"0:03:49",3.81666666666667,0,1,1,0,0,2,0,NA
"1454",1454,1454,"herpestes","sanguineus","slender_mongoose",1,7,"N2","human","N2T11","egg",1,1,"2024-09-18 07:42:57","2024-09-18 07:43:27",7.71583333333333,"0:00:30",0.5,1,1,1,1,0,3,0,NA
"1455",1455,1455,"aepyceros","melampus","impala",2,7,"N2","human","N2T11","millet",0,1,"2024-09-18 13:47:27","2024-09-18 14:23:36",13.7908333333333,"0:36:09",36.15,1,1,1,1,0,4,0,NA
"1456",1456,1456,"lepus","lspp","hare",1,7,"N2","human","N2T11","millet",1,1,"2024-09-18 19:00:22","2024-09-18 19:16:47",19.0061111111111,"0:16:25",16.4166666666667,0,1,1,0,0,2,0,NA
"1457",1457,1457,"lepus","lspp","hare",1,7,"N2","human","N2T11","millet",1,1,"2024-09-18 20:52:29","2024-09-18 21:00:58",20.8747222222222,"0:08:29",8.48333333333333,0,1,1,0,0,2,0,NA
"1458",1458,1458,"lepus","lspp","hare",1,7,"N2","human","N2T11","millet",1,1,"2024-09-18 21:39:42","2024-09-18 21:54:53",21.6616666666667,"0:15:11",15.1833333333333,0,1,1,1,0,4,0,NA
"1459",1459,1459,"madoqua","guentheri","gunthers_dik_dik",2,7,"N2","human","N2T11","millet",0,1,"2024-09-18 23:05:55","2024-09-18 23:47:00",23.0986111111111,"0:41:05",41.0833333333333,0,1,1,1,0,3,0,NA
"1460",1460,1460,"madoqua","guentheri","gunthers_dik_dik",2,7,"N2","human","N2T11","millet",0,1,"2024-09-19 01:31:55","2024-09-19 01:42:15",1.53194444444444,"0:10:20",10.3333333333333,0,1,1,1,0,3,0,NA
"1461",1461,1461,"lepus","lspp","hare",1,7,"N2","human","N2T11","millet",1,1,"2024-09-19 01:41:34","2024-09-19 01:41:51",1.69277777777778,"0:00:17",0.283333333333333,0,1,1,0,0,2,0,NA
"1462",1462,1462,"madoqua","guentheri","gunthers_dik_dik",3,7,"N2","human","N2T11","millet",0,1,"2024-09-19 02:05:04","2024-09-19 02:52:33",2.08444444444444,"0:47:29",47.4833333333333,0,1,1,0,0,2,0,NA
"1463",1463,1463,"lepus","lspp","hare",1,7,"N2","human","N2T11","millet",1,1,"2024-09-19 02:48:07","2024-09-19 02:48:29",2.80194444444444,"0:00:22",0.366666666666667,0,1,1,0,0,2,0,NA
"1464",1464,1464,"ichneumia","albicauda","white_tailed_mongoose",1,7,"N2","human","N2T11","millet",0,1,"2024-09-19 03:02:04","2024-09-19 03:02:59",3.03444444444444,"0:00:55",0.916666666666667,0,1,1,1,0,4,0,NA
"1465",1465,1465,"madoqua","guentheri","gunthers_dik_dik",1,7,"N2","human","N2T11","millet",0,1,"2024-09-19 03:13:32","2024-09-19 03:23:49",3.22555555555556,"0:10:17",10.2833333333333,0,1,1,0,0,2,0,NA
"1466",1466,1466,"lepus","lspp","hare",1,7,"N2","human","N2T11","millet",1,1,"2024-09-19 03:58:40","2024-09-19 03:59:14",3.97777777777778,"0:00:34",0.566666666666667,0,1,1,0,0,2,0,NA
"1467",1467,1467,"herpestes","sanguineus","slender_mongoose",1,7,"N2","human","N2T11","millet",0,1,"2024-09-19 06:20:00","2024-09-19 06:20:05",6.33333333333333,"0:00:05",0.0833333333333333,1,1,1,0,0,2,0,NA
"1468",1468,1468,"madoqua","guentheri","gunthers_dik_dik",2,7,"N2","human","N2T11","millet",0,1,"2024-09-19 06:59:50","2024-09-19 07:06:54",6.99722222222222,"0:07:04",7.06666666666667,1,1,1,1,0,3,0,NA
"1469",1469,1469,"aepyceros","melampus","impala",2,7,"N2","human","N2T11","millet",0,1,"2024-09-19 07:07:01","2024-09-19 07:18:14",7.11694444444444,"0:11:13",11.2166666666667,1,1,1,0,0,2,0,NA
"1470",1470,1470,"aepyceros","melampus","impala",3,7,"N2","human","N2T11","millet",0,1,"2024-09-19 07:46:39","2024-09-19 08:03:26",7.7775,"0:16:47",16.7833333333333,1,1,1,1,0,3,0,NA
"1471",1471,1471,"herpestes","sanguineus","slender_mongoose",1,7,"N2","human","N2T11","millet",0,1,"2024-09-19 10:28:48","2024-09-19 10:29:52",10.48,"0:01:04",1.06666666666667,1,1,1,1,0,3,0,NA
"1472",1472,1472,"madoqua","guentheri","gunthers_dik_dik",2,7,"N2","human","N2T11","millet",0,1,"2024-09-19 18:33:50","2024-09-19 18:35:09",18.5638888888889,"0:01:19",1.31666666666667,1,1,1,0,0,2,0,NA
"1473",1473,1473,"lepus","lspp","hare",2,7,"N2","human","N2T11","millet",1,1,"2024-09-19 20:26:45","2024-09-19 20:57:09",20.4458333333333,"0:30:24",30.4,0,1,1,1,0,4,0,NA
"1474",1474,1474,"madoqua","guentheri","gunthers_dik_dik",2,7,"N2","human","N2T11","millet",0,1,"2024-09-19 21:32:15","2024-09-19 22:47:43",21.5375,"1:15:28",75.4666666666667,0,1,1,0,0,2,0,NA
"1475",1475,1475,"lepus","lspp","hare",1,7,"N2","human","N2T11","millet",1,1,"2024-09-19 22:42:36","2024-09-19 23:06:22",22.71,"0:23:46",23.7666666666667,0,1,1,0,0,2,0,NA
"1476",1476,1476,"madoqua","guentheri","gunthers_dik_dik",2,7,"N2","human","N2T11","millet",0,1,"2024-09-19 23:05:53","2024-09-20 00:28:30",23.0980555555556,"1:22:37",82.6166666666667,0,1,1,0,0,2,0,NA
"1477",1477,1477,"lepus","lspp","hare",1,7,"N2","human","N2T11","millet",1,1,"2024-09-20 00:14:08","2024-09-20 00:20:08",0.235555555555556,"0:06:00",6,0,1,1,1,0,4,0,NA
"1478",1478,1478,"madoqua","guentheri","gunthers_dik_dik",1,7,"N2","human","N2T11","salt",1,1,"2024-09-20 00:27:23","2024-09-20 00:27:24",0.456388888888889,"0:00:01",0.0166666666666667,0,1,1,0,0,2,0,NA
"1479",1479,1479,"lepus","lspp","hare",1,7,"N2","human","N2T11","millet",1,1,"2024-09-20 00:50:05","2024-09-20 00:54:38",0.834722222222222,"0:04:33",4.55,0,1,1,0,0,2,0,NA
"1480",1480,1480,"madoqua","guentheri","gunthers_dik_dik",2,7,"N2","human","N2T11","millet",0,1,"2024-09-20 00:54:29","2024-09-20 00:57:04",0.908055555555556,"0:02:35",2.58333333333333,0,1,1,0,0,2,0,NA
"1481",1481,1481,"aepyceros","melampus","impala",1,7,"N2","human","N2T11","millet",0,1,"2024-09-20 06:40:08","2024-09-20 06:47:26",6.66888888888889,"0:07:18",7.3,1,1,1,1,0,4,0,NA
"1482",1482,1482,"madoqua","guentheri","gunthers_dik_dik",1,7,"N2","human","N2T11","millet",0,1,"2024-09-20 06:59:47","2024-09-20 07:00:18",6.99638888888889,"0:00:31",0.516666666666667,1,1,1,0,0,2,0,NA
"1483",1483,1483,"aepyceros","melampus","impala",3,7,"N2","human","N2T11","millet",0,1,"2024-09-20 07:23:16","2024-09-20 07:52:22",7.38777777777778,"0:29:06",29.1,1,1,1,1,0,3,0,NA
"1484",1484,1484,"aepyceros","melampus","impala",1,7,"N2","human","N2T11","salt",1,1,"2024-09-20 11:57:00","2024-09-20 12:30:45",11.95,"0:33:45",33.75,1,1,1,0,0,2,0,NA
"1485",1485,1485,"madoqua","guentheri","gunthers_dik_dik",2,7,"N2","human","N2T11","salt",1,1,"2024-09-20 15:50:37","2024-09-20 15:58:05",15.8436111111111,"0:07:28",7.46666666666667,1,1,1,0,0,2,0,NA
"1486",1486,1486,"aepyceros","melampus","impala",2,7,"N2","human","N2T11","salt",1,1,"2024-09-20 16:18:42","2024-09-20 17:23:00",16.3116666666667,"1:04:18",64.3,1,1,1,0,0,2,0,NA
"1487",1487,1487,"madoqua","guentheri","gunthers_dik_dik",1,7,"N2","human","N2T11","salt",1,1,"2024-09-20 18:29:11","2024-09-20 18:29:13",18.4863888888889,"0:00:02",0.0333333333333333,1,1,1,0,0,2,0,NA
"1488",1488,1488,"aepyceros","melampus","impala",4,7,"N2","human","N2T11","salt",1,1,"2024-09-20 18:30:14","2024-09-20 18:44:45",18.5038888888889,"0:14:31",14.5166666666667,0,1,1,1,0,3,0,NA
"1489",1489,1489,"ichneumia","albicauda","white_tailed_mongoose",1,7,"N2","human","N2T11","salt",0,1,"2024-09-20 20:00:34","2024-09-20 20:02:04",20.0094444444444,"0:01:30",1.5,0,1,1,1,1,4,1,NA
"1490",1490,1490,"madoqua","guentheri","gunthers_dik_dik",1,7,"N2","human","N2T11","salt",1,1,"2024-09-20 21:50:21","2024-09-20 22:14:04",21.8391666666667,"0:23:43",23.7166666666667,0,1,1,1,1,4,1,NA
"1491",1491,1491,"aepyceros","melampus","impala",1,7,"N2","human","N2T11","salt",1,1,"2024-09-20 23:08:10","2024-09-20 23:39:18",23.1361111111111,"0:31:08",31.1333333333333,0,1,1,0,0,2,0,NA
"1492",1492,1492,"madoqua","guentheri","gunthers_dik_dik",2,7,"N2","human","N2T11","salt",1,1,"2024-09-21 01:32:43","2024-09-21 02:00:52",1.54527777777778,"0:28:09",28.15,0,1,1,0,0,2,0,NA
"1493",1493,1493,"aepyceros","melampus","impala",1,7,"N2","human","N2T11","salt",1,1,"2024-09-21 03:13:24","2024-09-21 03:36:06",3.22333333333333,"0:22:42",22.7,0,1,1,1,0,3,0,NA
"1494",1494,1494,"madoqua","guentheri","gunthers_dik_dik",2,7,"N2","human","N2T11","salt",1,1,"2024-09-21 04:19:47","2024-09-21 05:26:58",4.32972222222222,"1:07:11",67.1833333333333,0,1,1,1,0,4,0,NA
"1495",1495,1495,"aepyceros","melampus","impala",1,7,"N2","human","N2T11","salt",1,1,"2024-09-21 06:31:21","2024-09-21 06:46:53",6.5225,"0:15:32",15.5333333333333,1,1,1,1,1,4,1,NA
"1496",1496,1496,"madoqua","guentheri","gunthers_dik_dik",2,7,"N2","human","N2T11","salt",1,1,"2024-09-21 06:55:59","2024-09-21 07:09:04",6.93305555555556,"0:13:05",13.0833333333333,1,1,1,1,0,4,0,NA
"1497",1497,1497,"aepyceros","melampus","impala",3,7,"N2","human","N2T11","salt",1,1,"2024-09-21 07:42:00","2024-09-21 10:42:15",7.7,"3:00:15",180.25,1,1,1,1,1,4,1,NA
"1498",1498,1498,"aepyceros","melampus","impala",2,7,"N2","human","N2T11","salt",1,1,"2024-09-21 11:03:39","2024-09-21 12:17:49",11.0608333333333,"1:14:10",74.1666666666667,1,1,1,1,1,4,1,NA
"1499",1499,1499,"aepyceros","melampus","impala",2,7,"N2","human","N2T11","salt",1,1,"2024-09-21 14:28:04","2024-09-21 18:10:17",14.4677777777778,"3:42:13",222.216666666667,1,1,1,1,1,4,1,NA
"1500",1500,1500,"madoqua","guentheri","gunthers_dik_dik",2,7,"N2","human","N2T11","salt",1,1,"2024-09-21 18:13:03","2024-09-21 18:21:37",18.2175,"0:08:34",8.56666666666667,1,1,1,1,0,4,0,NA
"1501",1501,1501,"madoqua","guentheri","gunthers_dik_dik",2,7,"N2","human","N2T11","salt",1,1,"2024-09-21 18:39:43","2024-09-21 18:43:13",18.6619444444444,"0:03:30",3.5,0,1,1,0,0,2,0,NA
"1502",1502,1502,"lepus","lspp","hare",1,7,"N2","human","N2T11","salt",0,1,"2024-09-21 21:47:00","2024-09-21 21:48:51",21.7833333333333,"0:01:51",1.85,0,1,1,1,0,4,0,NA
"1503",1503,1503,"madoqua","guentheri","gunthers_dik_dik",2,7,"N2","human","N2T11","salt",1,1,"2024-09-21 22:34:44","2024-09-21 22:38:07",22.5788888888889,"0:03:23",3.38333333333333,0,1,1,1,0,4,0,NA
"1504",1504,1504,"lepus","lspp","hare",1,7,"N2","human","N2T11","salt",0,1,"2024-09-21 22:55:01","2024-09-21 22:55:02",22.9169444444444,"0:00:01",0.0166666666666667,0,1,1,0,0,2,0,NA
"1505",1505,1505,"lepus","lspp","hare",1,7,"N2","human","N2T11","salt",0,1,"2024-09-21 23:29:46","2024-09-21 23:29:48",23.4961111111111,"0:00:02",0.0333333333333333,0,1,1,0,0,2,0,NA
"1506",1506,1506,"madoqua","guentheri","gunthers_dik_dik",2,7,"N2","human","N2T11","salt",1,1,"2024-09-21 23:52:51","2024-09-22 00:01:49",23.8808333333333,"0:08:58",8.96666666666667,0,1,1,0,0,2,0,NA
"1507",1507,1507,"lepus","lspp","hare",3,7,"N2","human","N2T11","salt",0,1,"2024-09-22 00:10:20","2024-09-22 00:17:30",0.172222222222222,"0:07:10",7.16666666666667,0,1,1,1,0,4,0,NA
"1508",1508,1508,"lepus","lspp","hare",1,7,"N2","human","N2T11","salt",0,1,"2024-09-22 01:32:19","2024-09-22 01:36:36",1.53861111111111,"0:04:17",4.28333333333333,0,1,1,0,0,2,0,NA
"1509",1509,1509,"madoqua","guentheri","gunthers_dik_dik",2,7,"N2","human","N2T11","salt",1,1,"2024-09-22 01:36:34","2024-09-22 01:55:42",1.60944444444444,"0:19:08",19.1333333333333,0,1,1,1,0,4,0,NA
"1510",1510,1510,"lepus","lspp","hare",1,7,"N2","human","N2T11","salt",0,1,"2024-09-22 01:53:18","2024-09-22 01:56:43",1.88833333333333,"0:03:25",3.41666666666667,0,1,1,0,0,2,0,NA
"1511",1511,1511,"madoqua","guentheri","gunthers_dik_dik",2,7,"N2","human","N2T11","salt",1,1,"2024-09-22 02:35:53","2024-09-22 03:25:43",2.59805555555556,"0:49:50",49.8333333333333,0,1,1,0,0,2,0,NA
"1512",1512,1512,"hystrix","cristata","crested_porcupine",1,7,"N2","human","N2T11","salt",0,1,"2024-09-22 03:47:03","2024-09-22 03:52:33",3.78416666666667,"0:05:30",5.5,0,1,1,1,0,4,0,NA
"1513",1513,1513,"madoqua","guentheri","gunthers_dik_dik",2,7,"N2","human","N2T11","salt",1,1,"2024-09-22 04:16:12","2024-09-22 05:07:13",4.27,"0:51:01",51.0166666666667,0,1,1,1,0,4,0,NA
"1514",1514,1514,"aepyceros","melampus","impala",1,7,"N2","human","N2T11","salt",1,1,"2024-09-22 06:33:29","2024-09-22 07:01:52",6.55805555555556,"0:28:23",28.3833333333333,1,1,1,1,1,4,1,NA
"1515",1515,1515,"madoqua","guentheri","gunthers_dik_dik",1,7,"N2","human","N2T11","salt",1,1,"2024-09-22 07:06:05","2024-09-22 07:18:12",7.10138888888889,"0:12:07",12.1166666666667,1,1,1,1,0,4,0,NA
"1516",1516,1516,"aepyceros","melampus","impala",1,7,"N2","human","N2T11","salt",1,1,"2024-09-22 07:24:06","2024-09-22 07:45:44",7.40166666666667,"0:21:38",21.6333333333333,1,1,1,1,1,4,1,NA
"1517",1517,1517,"aepyceros","melampus","impala",3,7,"N2","human","N2T12","egg",0,1,"2024-09-16 12:56:05","2024-09-16 13:19:59",12.9347222222222,"0:23:54",23.9,1,1,1,1,0,3,0,NA
"1518",1518,1518,"aepyceros","melampus","impala",4,7,"N2","human","N2T12","egg",0,1,"2024-09-16 14:45:39","2024-09-16 15:00:17",14.7608333333333,"0:14:38",14.6333333333333,1,1,1,0,0,2,0,NA
"1519",1519,1519,"aepyceros","melampus","impala",1,7,"N2","human","N2T12","egg",0,1,"2024-09-16 15:38:03","2024-09-16 15:39:22",15.6341666666667,"0:01:19",1.31666666666667,1,1,1,1,0,3,0,NA
"1520",1520,1520,"madoqua","guentheri","gunthers_dik_dik",1,7,"N2","human","N2T12","egg",0,1,"2024-09-16 20:05:15","2024-09-16 20:59:31",20.0875,"0:54:16",54.2666666666667,0,1,1,0,0,2,0,NA
"1521",1521,1521,"crocuta","crocuta","spotted_hyena",1,7,"N2","human","N2T12","egg",1,1,"2024-09-16 21:00:23","2024-09-16 21:02:48",21.0063888888889,"0:02:25",2.41666666666667,0,1,1,1,1,4,1,NA
"1522",1522,1522,"madoqua","guentheri","gunthers_dik_dik",2,7,"N2","human","N2T12","egg",0,1,"2024-09-16 22:18:10","2024-09-16 22:44:07",22.3027777777778,"0:25:57",25.95,0,1,1,1,0,3,0,NA
"1523",1523,1523,"madoqua","guentheri","gunthers_dik_dik",2,7,"N2","human","N2T12","egg",0,1,"2024-09-17 01:43:21","2024-09-17 02:09:06",1.7225,"0:25:45",25.75,0,1,1,1,0,3,0,NA
"1524",1524,1524,"madoqua","guentheri","gunthers_dik_dik",1,7,"N2","human","N2T12","egg",0,1,"2024-09-17 02:42:26","2024-09-17 03:04:00",2.70722222222222,"0:21:34",21.5666666666667,0,1,1,1,0,3,0,NA
"1525",1525,1525,"madoqua","guentheri","gunthers_dik_dik",1,7,"N2","human","N2T12","egg",0,1,"2024-09-17 04:09:26","2024-09-17 04:42:21",4.15722222222222,"0:32:55",32.9166666666667,0,1,1,1,0,3,0,NA
"1526",1526,1526,"madoqua","guentheri","gunthers_dik_dik",4,7,"N2","human","N2T12","egg",0,1,"2024-09-17 06:48:36","2024-09-17 06:49:23",6.81,"0:00:47",0.783333333333333,1,1,1,0,0,2,0,NA
"1527",1527,1527,"aepyceros","melampus","impala",1,7,"N2","human","N2T12","egg",0,1,"2024-09-17 08:45:54","2024-09-17 08:47:38",8.765,"0:01:44",1.73333333333333,1,1,1,0,0,2,0,NA
"1528",1528,1528,"madoqua","guentheri","gunthers_dik_dik",2,7,"N2","human","N2T12","egg",0,1,"2024-09-17 08:59:08","2024-09-17 09:10:24",8.98555555555556,"0:11:16",11.2666666666667,1,1,1,0,0,2,0,NA
"1529",1529,1529,"aepyceros","melampus","impala",1,7,"N2","human","N2T12","egg",0,1,"2024-09-17 09:38:47","2024-09-17 09:57:11",9.64638888888889,"0:18:24",18.4,1,1,1,0,0,2,0,NA
"1530",1530,1530,"aepyceros","melampus","impala",5,7,"N2","human","N2T12","egg",0,1,"2024-09-17 10:54:53","2024-09-17 11:21:45",10.9147222222222,"0:26:52",26.8666666666667,1,1,1,1,0,3,0,NA
"1531",1531,1531,"aepyceros","melampus","impala",3,7,"N2","human","N2T12","egg",0,1,"2024-09-17 11:49:30","2024-09-17 12:04:32",11.825,"0:15:02",15.0333333333333,1,1,1,1,0,3,0,NA
"1532",1532,1532,"madoqua","guentheri","gunthers_dik_dik",3,7,"N2","human","N2T12","egg",0,1,"2024-09-17 21:13:06","2024-09-17 21:35:05",21.2183333333333,"0:21:59",21.9833333333333,0,1,1,0,0,2,0,NA
"1533",1533,1533,"lepus","lspp","hare",1,7,"N2","human","N2T12","egg",0,1,"2024-09-17 21:36:41","2024-09-17 21:58:16",21.6113888888889,"0:21:35",21.5833333333333,0,1,1,1,0,3,0,NA
"1534",1534,1534,"madoqua","guentheri","gunthers_dik_dik",3,7,"N2","human","N2T12","egg",0,1,"2024-09-17 21:58:51","2024-09-17 22:27:56",21.9808333333333,"0:29:05",29.0833333333333,0,1,1,0,0,2,0,NA
"1535",1535,1535,"madoqua","guentheri","gunthers_dik_dik",2,7,"N2","human","N2T12","egg",0,1,"2024-09-17 23:05:58","2024-09-17 23:57:50",23.0994444444444,"0:51:52",51.8666666666667,0,1,1,1,0,3,0,NA
"1536",1536,1536,"madoqua","guentheri","gunthers_dik_dik",2,7,"N2","human","N2T12","egg",0,1,"2024-09-18 01:07:07","2024-09-18 01:17:54",1.11861111111111,"0:10:47",10.7833333333333,0,1,1,1,0,3,0,NA
"1537",1537,1537,"madoqua","guentheri","gunthers_dik_dik",2,7,"N2","human","N2T12","egg",0,1,"2024-09-18 02:09:10","2024-09-18 02:09:53",2.15277777777778,"0:00:43",0.716666666666667,0,1,1,1,0,3,0,NA
"1538",1538,1538,"madoqua","guentheri","gunthers_dik_dik",1,7,"N2","human","N2T12","egg",0,1,"2024-09-18 04:10:52","2024-09-18 04:29:57",4.18111111111111,"0:19:05",19.0833333333333,0,1,1,1,0,3,0,NA
"1539",1539,1539,"madoqua","guentheri","gunthers_dik_dik",2,7,"N2","human","N2T12","egg",0,1,"2024-09-18 08:15:16","2024-09-18 09:28:43",8.25444444444445,"1:13:27",73.45,1,1,1,1,0,3,0,NA
"1540",1540,1540,"aepyceros","melampus","impala",4,7,"N2","human","N2T12","egg",0,1,"2024-09-18 10:22:07","2024-09-18 10:28:37",10.3686111111111,"0:06:30",6.5,1,1,1,1,0,3,0,NA
"1541",1541,1541,"aepyceros","melampus","impala",8,7,"N2","human","N2T12","egg",0,1,"2024-09-18 11:29:35","2024-09-18 11:53:08",11.4930555555556,"0:23:33",23.55,1,1,1,1,0,4,0,NA
"1542",1542,1542,"aepyceros","melampus","impala",2,7,"N2","human","N2T12","millet",0,1,"2024-09-18 13:22:21","2024-09-18 13:28:22",13.3725,"0:06:01",6.01666666666667,1,1,1,1,0,4,0,NA
"1543",1543,1543,"aepyceros","melampus","impala",2,7,"N2","human","N2T12","millet",0,1,"2024-09-18 13:58:45","2024-09-18 14:13:02",13.9791666666667,"0:14:17",14.2833333333333,1,1,1,0,0,2,0,NA
"1544",1544,1544,"madoqua","guentheri","gunthers_dik_dik",2,7,"N2","human","N2T12","millet",0,1,"2024-09-18 20:52:50","2024-09-18 21:12:57",20.8805555555556,"0:20:07",20.1166666666667,0,1,1,0,0,2,0,NA
"1545",1545,1545,"crocuta","crocuta","spotted_hyena",1,7,"N2","human","N2T12","millet",0,1,"2024-09-18 21:13:13","2024-09-18 21:13:26",21.2202777777778,"0:00:13",0.216666666666667,0,1,1,0,0,2,0,NA
"1546",1546,1546,"lepus","lspp","hare",1,7,"N2","human","N2T12","millet",1,1,"2024-09-18 21:13:13","2024-09-18 21:51:18",21.2202777777778,"0:38:05",38.0833333333333,0,1,1,1,0,3,0,NA
"1547",1547,1547,"madoqua","guentheri","gunthers_dik_dik",3,7,"N2","human","N2T12","millet",0,1,"2024-09-18 21:13:13","2024-09-18 23:43:23",21.2202777777778,"2:30:10",150.166666666667,0,1,1,0,0,2,0,NA
"1548",1548,1548,"hyaena","hyaena","striped_hyena",1,7,"N2","human","N2T12","millet",0,1,"2024-09-18 23:44:03","2024-09-18 23:45:43",23.7341666666667,"0:01:40",1.66666666666667,0,1,1,1,0,3,0,NA
"1549",1549,1549,"lepus","lspp","hare",1,7,"N2","human","N2T12","millet",1,1,"2024-09-19 00:01:44","2024-09-19 00:02:01",0.0288888888888889,"0:00:17",0.283333333333333,0,1,1,0,0,2,0,NA
"1550",1550,1550,"madoqua","guentheri","gunthers_dik_dik",3,7,"N2","human","N2T12","millet",0,1,"2024-09-19 00:17:28","2024-09-19 00:32:03",0.291111111111111,"0:14:35",14.5833333333333,0,1,1,0,0,2,0,NA
"1551",1551,1551,"madoqua","guentheri","gunthers_dik_dik",1,7,"N2","human","N2T12","millet",0,1,"2024-09-19 01:56:37","2024-09-19 02:57:48",1.94361111111111,"1:01:11",61.1833333333333,0,1,1,0,0,2,0,NA
"1552",1552,1552,"genetta","gspp","genets",1,7,"N2","human","N2T12","millet",0,1,"2024-09-19 03:15:13","2024-09-19 03:15:18",3.25361111111111,"0:00:05",0.0833333333333333,0,1,1,0,0,2,0,NA
"1553",1553,1553,"madoqua","guentheri","gunthers_dik_dik",1,7,"N2","human","N2T12","millet",0,1,"2024-09-19 04:00:27","2024-09-19 04:06:23",4.0075,"0:05:56",5.93333333333333,0,1,1,1,0,3,0,NA
"1554",1554,1554,"ichneumia","albicauda","white_tailed_mongoose",1,7,"N2","human","N2T12","millet",0,1,"2024-09-19 04:34:32","2024-09-19 04:34:45",4.57555555555555,"0:00:13",0.216666666666667,0,1,1,1,0,3,0,NA
"1555",1555,1555,"lepus","lspp","hare",1,7,"N2","human","N2T12","millet",1,1,"2024-09-19 05:16:44","2024-09-19 05:20:44",5.27888888888889,"0:04:00",4,0,1,1,0,0,2,0,NA
"1556",1556,1556,"herpestes","sanguineus","slender_mongoose",1,7,"N2","human","N2T12","millet",0,1,"2024-09-19 15:25:31","2024-09-19 15:25:38",15.4252777777778,"0:00:07",0.116666666666667,1,1,0,0,0,1,0,NA
"1557",1557,1557,"madoqua","guentheri","gunthers_dik_dik",1,7,"N2","human","N2T12","millet",0,1,"2024-09-19 18:27:07","2024-09-19 18:31:19",18.4519444444444,"0:04:12",4.2,1,1,1,1,0,3,0,NA
"1558",1558,1558,"hyaena","hyaena","striped_hyena",1,7,"N2","human","N2T12","millet",0,1,"2024-09-19 20:08:30","2024-09-19 20:08:39",20.1416666666667,"0:00:09",0.15,0,1,1,1,0,3,0,NA
"1559",1559,1559,"madoqua","guentheri","gunthers_dik_dik",3,7,"N2","human","N2T12","millet",0,1,"2024-09-19 20:32:19","2024-09-19 21:44:03",20.5386111111111,"1:11:44",71.7333333333333,0,1,1,0,0,2,0,NA
"1560",1560,1560,"madoqua","guentheri","gunthers_dik_dik",1,7,"N2","human","N2T12","millet",0,1,"2024-09-19 22:23:37","2024-09-19 22:24:50",22.3936111111111,"0:01:13",1.21666666666667,0,1,0,0,0,1,0,NA
"1561",1561,1561,"lepus","lspp","hare",1,7,"N2","human","N2T12","millet",1,1,"2024-09-19 22:42:07","2024-09-19 22:42:07",22.7019444444444,"0:00:01",0.01666667,0,1,0,0,0,1,0,NA
"1562",1562,1562,"madoqua","guentheri","gunthers_dik_dik",2,7,"N2","human","N2T12","millet",0,1,"2024-09-19 22:50:02","2024-09-19 23:54:46",22.8338888888889,"1:04:44",64.7333333333333,0,1,1,1,0,3,0,NA
"1563",1563,1563,"madoqua","guentheri","gunthers_dik_dik",2,7,"N2","human","N2T12","millet",0,1,"2024-09-20 00:14:30","2024-09-20 00:50:16",0.241666666666667,"0:35:46",35.7666666666667,0,1,1,1,0,3,0,NA
"1564",1564,1564,"madoqua","guentheri","gunthers_dik_dik",1,7,"N2","human","N2T12","millet",0,1,"2024-09-20 01:14:47","2024-09-20 01:36:19",1.24638888888889,"0:21:32",21.5333333333333,0,1,1,0,0,2,0,NA
"1565",1565,1565,"genetta","gspp","genets",1,7,"N2","human","N2T12","millet",0,1,"2024-09-20 02:09:30","2024-09-20 02:09:35",2.15833333333333,"0:00:05",0.0833333333333333,0,1,0,0,0,1,0,NA
"1566",1566,1566,"lepus","lspp","hare",1,7,"N2","human","N2T12","millet",1,1,"2024-09-20 02:54:58","2024-09-20 02:57:43",2.91611111111111,"0:02:45",2.75,0,1,1,1,0,3,0,NA
"1567",1567,1567,"madoqua","guentheri","gunthers_dik_dik",3,7,"N2","human","N2T12","millet",0,1,"2024-09-20 03:08:26","2024-09-20 03:49:33",3.14055555555556,"0:41:07",41.1166666666667,0,1,1,0,0,2,0,NA
"1568",1568,1568,"madoqua","guentheri","gunthers_dik_dik",3,7,"N2","human","N2T12","millet",0,1,"2024-09-20 04:14:08","2024-09-20 04:44:40",4.23555555555556,"0:30:32",30.5333333333333,0,1,1,0,0,2,0,NA
"1569",1569,1569,"mus","mspp","nocturnal_rodent",1,7,"N2","human","N2T12","millet",1,1,"2024-09-20 04:55:28","2024-09-20 04:55:33",4.92444444444445,"0:00:05",0.0833333333333333,0,1,0,0,0,1,0,NA
"1570",1570,1570,"ichneumia","albicauda","white_tailed_mongoose",1,7,"N2","human","N2T12","millet",0,1,"2024-09-20 05:19:01","2024-09-20 05:19:11",5.31694444444444,"0:00:10",0.166666666666667,0,1,1,1,0,3,0,NA
"1571",1571,1571,"madoqua","guentheri","gunthers_dik_dik",2,7,"N2","human","N2T12","millet",0,1,"2024-09-20 06:04:17","2024-09-20 06:11:47",6.07138888888889,"0:07:30",7.5,0,1,1,0,0,2,0,NA
"1572",1572,1572,"aepyceros","melampus","impala",6,7,"N2","human","N2T12","millet",0,1,"2024-09-20 06:40:14","2024-09-20 07:59:03",6.67055555555556,"1:18:49",78.8166666666667,1,1,1,1,0,3,0,NA
"1573",1573,1573,"phacochoerus","africanus","common_warthog",1,7,"N2","human","N2T12","millet",0,1,"2024-09-20 07:59:06","2024-09-20 08:04:37",7.985,"0:05:31",5.51666666666667,1,1,1,0,0,2,0,NA
"1574",1574,1574,"aepyceros","melampus","impala",1,7,"N2","human","N2T12","salt",1,1,"2024-09-20 11:50:58","2024-09-20 12:16:16",11.8494444444444,"0:25:18",25.3,1,1,1,1,0,3,0,NA
"1575",1575,1575,"madoqua","guentheri","gunthers_dik_dik",2,7,"N2","human","N2T12","salt",1,1,"2024-09-20 17:10:06","2024-09-20 17:39:11",17.1683333333333,"0:29:05",29.0833333333333,1,1,1,1,1,4,1,NA
"1576",1576,1576,"equus","quagga","plains_zebra",2,7,"N2","human","N2T12","salt",1,1,"2024-09-20 21:02:15","2024-09-20 21:03:43",21.0375,"0:01:28",1.46666666666667,0,1,0,0,0,1,0,NA
"1577",1577,1577,"madoqua","guentheri","gunthers_dik_dik",2,7,"N2","human","N2T12","salt",1,1,"2024-09-20 22:03:40","2024-09-21 00:20:33",22.0611111111111,"2:16:53",136.883333333333,0,1,1,0,0,2,0,NA
"1578",1578,1578,"ichneumia","albicauda","white_tailed_mongoose",1,7,"N2","human","N2T12","salt",0,1,"2024-09-21 00:42:24","2024-09-21 00:42:25",0.706666666666667,"0:00:01",0.0166666666666667,0,1,1,1,0,3,0,NA
"1579",1579,1579,"ichneumia","albicauda","white_tailed_mongoose",1,7,"N2","human","N2T12","salt",0,1,"2024-09-21 00:42:24","2024-09-21 00:42:25",0.706666666666667,"0:00:01",0.0166666666666667,0,1,1,1,0,3,0,NA
"1580",1580,1580,"lepus","lspp","hare",1,7,"N2","human","N2T12","salt",0,1,"2024-09-21 00:58:35","2024-09-21 01:18:26",0.976388888888889,"0:19:51",19.85,0,1,1,0,0,2,0,NA
"1581",1581,1581,"madoqua","guentheri","gunthers_dik_dik",3,7,"N2","human","N2T12","salt",1,1,"2024-09-21 02:10:44","2024-09-21 04:03:06",2.17888888888889,"1:52:22",112.366666666667,0,1,1,1,1,4,1,NA
"1582",1582,1582,"lepus","lspp","hare",1,7,"N2","human","N2T12","salt",0,1,"2024-09-21 04:01:21","2024-09-21 04:01:22",4.0225,"0:00:01",0.0166666666666667,0,1,0,0,0,1,0,NA
"1583",1583,1583,"madoqua","guentheri","gunthers_dik_dik",1,7,"N2","human","N2T12","salt",1,1,"2024-09-21 04:20:53","2024-09-21 04:28:58",4.34805555555555,"0:08:05",8.08333333333333,0,1,1,0,0,2,0,NA
"1584",1584,1584,"madoqua","guentheri","gunthers_dik_dik",1,7,"N2","human","N2T12","salt",1,1,"2024-09-21 04:49:18","2024-09-21 05:04:56",4.82166666666667,"0:15:38",15.6333333333333,0,1,1,1,0,3,0,NA
"1585",1585,1585,"madoqua","guentheri","gunthers_dik_dik",1,7,"N2","human","N2T12","salt",1,1,"2024-09-21 05:24:18","2024-09-21 05:33:42",5.405,"0:09:24",9.4,0,1,1,0,0,2,0,NA
"1586",1586,1586,"lepus","lspp","hare",1,7,"N2","human","N2T12","salt",0,1,"2024-09-21 05:39:52","2024-09-21 05:39:53",5.66444444444444,"0:00:01",0.0166666666666667,0,1,1,0,0,2,0,NA
"1587",1587,1587,"madoqua","guentheri","gunthers_dik_dik",1,7,"N2","human","N2T12","salt",1,1,"2024-09-21 07:41:23","2024-09-21 07:52:23",7.68972222222222,"0:11:00",11,1,1,1,1,0,3,0,NA
"1588",1588,1588,"madoqua","guentheri","gunthers_dik_dik",1,7,"N2","human","N2T12","salt",1,1,"2024-09-21 10:46:24","2024-09-21 10:58:42",10.7733333333333,"0:12:18",12.3,1,1,1,1,0,3,0,NA
"1589",1589,1589,"madoqua","guentheri","gunthers_dik_dik",1,7,"N2","human","N2T12","salt",1,1,"2024-09-21 12:14:47","2024-09-21 12:14:49",12.2463888888889,"0:00:02",0.0333333333333333,1,1,1,1,0,3,0,NA
"1590",1590,1590,"aepyceros","melampus","impala",5,7,"N2","human","N2T12","salt",1,1,"2024-09-21 12:41:01","2024-09-21 13:43:11",12.6836111111111,"1:02:10",62.1666666666667,1,1,1,1,1,4,1,NA
"1591",1591,1591,"aepyceros","melampus","impala",12,7,"N2","human","N2T12","salt",1,1,"2024-09-21 15:12:52","2024-09-21 18:27:32",15.2144444444444,"3:14:40",194.666666666667,1,1,1,1,1,4,1,NA
"1592",1592,1592,"madoqua","guentheri","gunthers_dik_dik",1,7,"N2","human","N2T12","salt",1,1,"2024-09-21 18:40:05","2024-09-21 18:56:04",18.6680555555556,"0:15:59",15.9833333333333,0,1,1,0,0,2,0,NA
"1593",1593,1593,"lepus","lspp","hare",2,7,"N2","human","N2T12","salt",0,1,"2024-09-21 18:50:56","2024-09-21 18:53:48",18.8488888888889,"0:02:52",2.86666666666667,0,1,1,1,0,4,0,NA
"1594",1594,1594,"crocuta","crocuta","spotted_hyena",1,7,"N2","human","N2T12","salt",0,1,"2024-09-21 22:02:19","2024-09-21 22:02:20",22.0386111111111,"0:00:01",0.0166666666666667,0,1,0,0,0,1,0,NA
"1595",1595,1595,"madoqua","guentheri","gunthers_dik_dik",2,7,"N2","human","N2T12","salt",1,1,"2024-09-21 22:05:20","2024-09-21 22:55:12",22.0888888888889,"0:49:52",49.8666666666667,0,1,1,1,1,4,1,NA
"1596",1596,1596,"lepus","lspp","hare",2,7,"N2","human","N2T12","salt",0,1,"2024-09-21 22:59:28","2024-09-21 23:10:21",22.9911111111111,"0:10:53",10.8833333333333,0,1,1,1,0,4,0,NA
"1597",1597,1597,"madoqua","guentheri","gunthers_dik_dik",1,7,"N2","human","N2T12","salt",1,1,"2024-09-21 23:04:57","2024-09-21 23:43:42",23.0825,"0:38:45",38.75,0,1,1,1,0,4,0,NA
"1598",1598,1598,"madoqua","guentheri","gunthers_dik_dik",1,7,"N2","human","N2T12","salt",1,1,"2024-09-22 00:46:29","2024-09-22 00:46:30",0.774722222222222,"0:00:01",0.0166666666666667,0,1,1,0,0,2,0,NA
"1599",1599,1599,"lepus","lspp","hare",1,7,"N2","human","N2T12","salt",0,1,"2024-09-22 01:15:40","2024-09-22 01:41:55",1.26111111111111,"0:26:15",26.25,0,1,1,1,0,3,0,NA
"1600",1600,1600,"madoqua","guentheri","gunthers_dik_dik",3,7,"N2","human","N2T12","salt",1,1,"2024-09-22 02:03:34","2024-09-22 03:04:25",2.05944444444444,"1:00:51",60.85,0,1,1,1,1,4,1,NA
"1601",1601,1601,"lepus","lspp","hare",1,7,"N2","human","N2T12","salt",0,1,"2024-09-22 03:26:08","2024-09-22 03:27:09",3.43555555555556,"0:01:01",1.01666666666667,0,1,1,0,0,2,0,NA
"1602",1602,1602,"madoqua","guentheri","gunthers_dik_dik",1,7,"N2","human","N2T12","salt",1,1,"2024-09-22 03:48:24","2024-09-22 03:48:25",3.80666666666667,"0:00:01",0.0166666666666667,0,1,1,0,0,2,0,NA
"1603",1603,1603,"madoqua","guentheri","gunthers_dik_dik",1,7,"N2","human","N2T12","salt",1,1,"2024-09-22 04:40:05","2024-09-22 04:40:07",4.66805555555556,"0:00:02",0.0333333333333333,0,1,0,0,0,1,0,NA
"1604",1604,1604,"lepus","lspp","hare",1,7,"N2","human","N2T12","salt",0,1,"2024-09-22 06:27:12","2024-09-22 06:27:14",6.45333333333333,"0:00:02",0.0333333333333333,1,1,0,0,0,1,0,NA
"1605",1605,1605,"aepyceros","melampus","impala",2,7,"N2","human","N2T12","salt",1,1,"2024-09-22 07:08:28","2024-09-22 07:19:03",7.14111111111111,"0:10:35",10.5833333333333,1,1,1,1,1,4,1,NA
"1606",1606,1606,"aepyceros","melampus","impala",5,7,"S2","control","S2T1","egg",0,1,"2024-09-16 14:01:13","2024-09-16 14:07:10",14.0202777777778,"0:05:57",5.95,1,1,1,0,0,2,0,NA
"1607",1607,1607,"aepyceros","melampus","impala",8,7,"S2","control","S2T1","egg",0,1,"2024-09-16 17:22:34","2024-09-16 17:27:03",17.3761111111111,"0:04:29",4.48333333333333,1,1,1,1,0,3,0,NA
"1608",1608,1608,"madoqua","guentheri","gunthers_dik_dik",1,7,"S2","control","S2T1","egg",0,1,"2024-09-16 21:17:01","2024-09-16 21:17:50",21.2836111111111,"0:00:49",0.816666666666667,0,1,1,0,0,2,0,NA
"1609",1609,1609,"madoqua","guentheri","gunthers_dik_dik",1,7,"S2","control","S2T1","egg",0,1,"2024-09-16 22:15:07","2024-09-16 22:15:12",22.2519444444444,"0:00:05",0.0833333333333333,0,1,0,0,0,1,0,NA
"1610",1610,1610,"madoqua","guentheri","gunthers_dik_dik",2,7,"S2","control","S2T1","egg",0,1,"2024-09-17 02:19:19","2024-09-17 02:19:43",2.32194444444444,"0:00:24",0.4,0,1,1,0,0,2,0,NA
"1611",1611,1611,"madoqua","guentheri","gunthers_dik_dik",3,7,"S2","control","S2T1","egg",0,1,"2024-09-17 03:16:05","2024-09-17 03:37:44",3.26805555555556,"0:21:39",21.65,0,1,1,0,0,2,0,NA
"1612",1612,1612,"canis","mesomelas","black_backed_jackal",3,7,"S2","control","S2T1","egg",1,1,"2024-09-17 04:09:45","2024-09-17 04:10:02",4.1625,"0:00:17",0.283333333333333,0,1,1,1,0,3,0,NA
"1613",1613,1613,"canis","mesomelas","black_backed_jackal",3,7,"S2","control","S2T1","egg",1,1,"2024-09-17 08:19:06","2024-09-17 08:19:20",8.31833333333333,"0:00:14",0.233333333333333,1,1,1,0,0,2,0,NA
"1614",1614,1614,"madoqua","guentheri","gunthers_dik_dik",2,7,"S2","control","S2T1","egg",0,1,"2024-09-17 16:12:11","2024-09-17 16:12:17",16.2030555555556,"0:00:06",0.1,1,1,1,0,0,2,0,NA
"1615",1615,1615,"crocuta","crocuta","spotted_hyena",1,7,"S2","control","S2T1","egg",0,1,"2024-09-17 18:37:32","2024-09-17 18:37:36",18.6255555555556,"0:00:04",0.0666666666666667,0,1,0,0,0,1,0,NA
"1616",1616,1616,"madoqua","guentheri","gunthers_dik_dik",2,7,"S2","control","S2T1","egg",0,1,"2024-09-17 19:07:56","2024-09-17 19:11:06",19.1322222222222,"0:03:10",3.16666666666667,0,1,1,0,0,2,0,NA
"1617",1617,1617,"lepus","lspp","hare",1,7,"S2","control","S2T1","egg",0,1,"2024-09-17 22:03:49","2024-09-17 22:03:54",22.0636111111111,"0:00:05",0.0833333333333333,0,1,1,0,0,2,0,NA
"1618",1618,1618,"madoqua","guentheri","gunthers_dik_dik",1,7,"S2","control","S2T1","egg",0,1,"2024-09-17 22:46:52","2024-09-17 22:46:57",22.7811111111111,"0:00:05",0.0833333333333333,0,1,1,1,0,3,0,NA
"1619",1619,1619,"madoqua","guentheri","gunthers_dik_dik",1,7,"S2","control","S2T1","egg",0,1,"2024-09-18 01:09:06","2024-09-18 01:09:11",1.15166666666667,"0:00:05",0.0833333333333333,0,1,1,0,0,2,0,NA
"1620",1620,1620,"madoqua","guentheri","gunthers_dik_dik",2,7,"S2","control","S2T1","egg",0,1,"2024-09-18 02:30:15","2024-09-18 02:40:56",2.50416666666667,"0:10:41",10.6833333333333,0,1,1,0,0,2,0,NA
"1621",1621,1621,"madoqua","guentheri","gunthers_dik_dik",2,7,"S2","control","S2T1","egg",0,1,"2024-09-18 03:15:34","2024-09-18 03:15:41",3.25944444444444,"0:00:07",0.116666666666667,0,1,1,0,0,2,0,NA
"1622",1622,1622,"madoqua","guentheri","gunthers_dik_dik",2,7,"S2","control","S2T1","egg",0,1,"2024-09-18 05:04:15","2024-09-18 05:10:38",5.07083333333333,"0:06:23",6.38333333333333,0,1,1,1,0,3,0,NA
"1623",1623,1623,"madoqua","guentheri","gunthers_dik_dik",2,7,"S2","control","S2T1","millet",0,1,"2024-09-18 09:18:44","2024-09-18 09:29:13",9.31222222222222,"0:10:29",10.4833333333333,1,1,1,1,0,3,0,NA
"1624",1624,1624,"madoqua","guentheri","gunthers_dik_dik",1,7,"S2","control","S2T1","millet",0,1,"2024-09-18 10:41:33","2024-09-18 10:56:46",10.6925,"0:15:13",15.2166666666667,1,1,1,0,0,2,0,NA
"1625",1625,1625,"aepyceros","melampus","impala",13,7,"S2","control","S2T1","millet",0,1,"2024-09-18 10:57:44","2024-09-18 12:16:46",10.9622222222222,"1:19:02",79.0333333333333,1,1,1,1,0,3,0,NA
"1626",1626,1626,"equus","grevyi","grevys_zebra",1,7,"S2","control","S2T1","millet",0,1,"2024-09-18 12:16:44","2024-09-18 12:18:43",12.2788888888889,"0:01:59",1.98333333333333,1,1,1,1,0,3,0,NA
"1627",1627,1627,"aepyceros","melampus","impala",3,7,"S2","control","S2T1","millet",0,1,"2024-09-18 13:19:53","2024-09-18 13:25:50",13.3313888888889,"0:05:57",5.95,1,1,1,1,0,3,0,NA
"1628",1628,1628,"equus","grevyi","grevys_zebra",1,7,"S2","control","S2T1","millet",0,1,"2024-09-18 13:26:00","2024-09-18 13:31:25",13.4333333333333,"0:05:25",5.41666666666667,1,1,1,0,0,2,0,NA
"1629",1629,1629,"madoqua","guentheri","gunthers_dik_dik",2,7,"S2","control","S2T1","millet",0,1,"2024-09-18 14:04:05","2024-09-18 14:28:12",14.0680555555556,"0:24:07",24.1166666666667,1,1,1,0,0,2,0,NA
"1630",1630,1630,"canis","mesomelas","black_backed_jackal",1,7,"S2","control","S2T1","millet",0,1,"2024-09-18 18:23:23","2024-09-18 18:23:32",18.3897222222222,"0:00:09",0.15,1,1,0,0,0,1,0,NA
"1631",1631,1631,"madoqua","guentheri","gunthers_dik_dik",2,7,"S2","control","S2T1","millet",0,1,"2024-09-18 18:58:37","2024-09-18 19:51:46",18.9769444444444,"0:53:09",53.15,0,1,1,1,0,3,0,NA
"1632",1632,1632,"lepus","lspp","hare",1,7,"S2","control","S2T1","millet",1,1,"2024-09-18 20:48:16","2024-09-18 21:03:30",20.8044444444444,"0:15:14",15.2333333333333,0,1,1,0,0,2,0,NA
"1633",1633,1633,"madoqua","guentheri","gunthers_dik_dik",3,7,"S2","control","S2T1","millet",0,1,"2024-09-19 00:12:29","2024-09-19 00:32:46",0.208055555555556,"0:20:17",20.2833333333333,0,1,1,0,0,2,0,NA
"1634",1634,1634,"madoqua","guentheri","gunthers_dik_dik",2,7,"S2","control","S2T1","millet",0,1,"2024-09-19 01:05:59","2024-09-19 01:26:18",1.09972222222222,"0:20:19",20.3166666666667,0,1,1,0,0,2,0,NA
"1635",1635,1635,"madoqua","guentheri","gunthers_dik_dik",1,7,"S2","control","S2T1","millet",0,1,"2024-09-19 01:59:00","2024-09-19 01:59:55",1.98333333333333,"0:00:55",0.916666666666667,0,1,1,0,0,2,0,NA
"1636",1636,1636,"madoqua","guentheri","gunthers_dik_dik",2,7,"S2","control","S2T1","millet",0,1,"2024-09-19 02:25:42","2024-09-19 02:58:00",2.42833333333333,"0:32:18",32.3,0,1,1,0,0,2,0,NA
"1637",1637,1637,"madoqua","guentheri","gunthers_dik_dik",2,7,"S2","control","S2T1","millet",0,1,"2024-09-19 03:57:06","2024-09-19 04:25:22",3.95166666666667,"0:28:16",28.2666666666667,0,1,1,0,0,2,0,NA
"1638",1638,1638,"madoqua","guentheri","gunthers_dik_dik",2,7,"S2","control","S2T1","millet",0,1,"2024-09-19 04:46:23","2024-09-19 05:46:59",4.77305555555556,"1:00:36",60.6,0,1,1,0,0,2,0,NA
"1639",1639,1639,"crocuta","crocuta","spotted_hyena",1,7,"S2","control","S2T1","millet",0,1,"2024-09-19 05:59:27","2024-09-19 06:00:42",5.99083333333333,"0:01:15",1.25,0,1,1,0,0,2,0,NA
"1640",1640,1640,"aepyceros","melampus","impala",2,7,"S2","control","S2T1","millet",0,1,"2024-09-19 10:14:07","2024-09-19 10:14:21",10.2352777777778,"0:00:14",0.233333333333333,1,1,1,0,0,2,0,NA
"1641",1641,1641,"xerus","rutilus","ground_squirrels",1,7,"S2","control","S2T1","millet",1,1,"2024-09-19 10:46:25","2024-09-19 10:55:31",10.7736111111111,"0:09:06",9.1,1,1,1,0,0,2,0,NA
"1642",1642,1642,"crocuta","crocuta","spotted_hyena",1,7,"S2","control","S2T1","millet",0,1,"2024-09-19 18:43:52","2024-09-19 18:43:56",18.7311111111111,"0:00:04",0.0666666666666667,0,1,1,0,0,2,0,NA
"1643",1643,1643,"madoqua","guentheri","gunthers_dik_dik",1,7,"S2","control","S2T1","millet",0,1,"2024-09-19 18:55:49","2024-09-19 18:55:55",18.9302777777778,"0:00:06",0.1,0,1,0,0,0,1,0,NA
"1644",1644,1644,"lepus","lspp","hare",2,7,"S2","control","S2T1","millet",1,1,"2024-09-19 20:01:16","2024-09-19 20:31:17",20.0211111111111,"0:30:01",30.0166666666667,0,1,1,1,0,3,0,NA
"1645",1645,1645,"madoqua","guentheri","gunthers_dik_dik",1,7,"S2","control","S2T1","millet",0,1,"2024-09-19 20:22:09","2024-09-19 20:31:17",20.3691666666667,"0:09:08",9.13333333333333,0,1,1,0,0,2,0,NA
"1646",1646,1646,"madoqua","guentheri","gunthers_dik_dik",1,7,"S2","control","S2T1","millet",0,1,"2024-09-19 20:50:12","2024-09-19 21:04:58",20.8366666666667,"0:14:46",14.7666666666667,0,1,1,0,0,2,0,NA
"1647",1647,1647,"madoqua","guentheri","gunthers_dik_dik",1,7,"S2","control","S2T1","millet",0,1,"2024-09-19 21:57:30","2024-09-19 22:01:56",21.9583333333333,"0:04:26",4.43333333333333,0,1,1,1,0,3,0,NA
"1648",1648,1648,"madoqua","guentheri","gunthers_dik_dik",1,7,"S2","control","S2T1","millet",0,1,"2024-09-19 22:41:48","2024-09-19 22:42:21",22.6966666666667,"0:00:33",0.55,0,1,1,0,0,2,0,NA
"1649",1649,1649,"madoqua","guentheri","gunthers_dik_dik",1,7,"S2","control","S2T1","millet",0,1,"2024-09-19 23:10:45","2024-09-19 23:11:00",23.1791666666667,"0:00:15",0.25,0,1,1,0,0,2,0,NA
"1650",1650,1650,"madoqua","guentheri","gunthers_dik_dik",1,7,"S2","control","S2T1","millet",0,1,"2024-09-19 23:43:06","2024-09-19 23:43:31",23.7183333333333,"0:00:25",0.416666666666667,0,1,1,0,0,2,0,NA
"1651",1651,1651,"madoqua","guentheri","gunthers_dik_dik",2,7,"S2","control","S2T1","millet",0,1,"2024-09-20 01:03:25","2024-09-20 02:16:03",1.05694444444444,"1:12:38",72.6333333333333,0,1,1,1,0,3,0,NA
"1652",1652,1652,"madoqua","guentheri","gunthers_dik_dik",1,7,"S2","control","S2T1","millet",0,1,"2024-09-20 03:03:57","2024-09-20 03:51:45",3.06583333333333,"0:47:48",47.8,0,1,1,1,0,3,0,NA
"1653",1653,1653,"ichneumia","albicauda","white_tailed_mongoose",1,7,"S2","control","S2T1","millet",0,1,"2024-09-20 03:25:20","2024-09-20 03:25:31",3.42222222222222,"0:00:11",0.183333333333333,0,1,1,0,0,2,0,NA
"1654",1654,1654,"lepus","lspp","hare",1,7,"S2","control","S2T1","millet",1,1,"2024-09-20 05:16:07","2024-09-20 05:19:37",5.26861111111111,"0:03:30",3.5,0,1,1,0,0,2,0,NA
"1655",1655,1655,"tragelaphus","imberis","lesser_kudu",1,7,"S2","control","S2T1","millet",0,1,"2024-09-20 07:14:24","2024-09-20 07:14:58",7.24,"0:00:34",0.566666666666667,1,1,1,0,0,2,0,NA
"1656",1656,1656,"madoqua","guentheri","gunthers_dik_dik",1,7,"S2","control","S2T1","salt",1,1,"2024-09-20 14:24:26","2024-09-20 14:26:22",14.4072222222222,"0:01:56",1.93333333333333,1,1,1,0,0,2,0,NA
"1657",1657,1657,"madoqua","guentheri","gunthers_dik_dik",2,7,"S2","control","S2T1","salt",1,1,"2024-09-20 18:55:55","2024-09-20 19:09:47",18.9319444444444,"0:13:52",13.8666666666667,0,1,1,0,0,2,0,NA
"1658",1658,1658,"lepus","lspp","hare",1,7,"S2","control","S2T1","salt",0,1,"2024-09-20 19:23:00","2024-09-20 19:23:01",19.3833333333333,"0:00:01",0.0166666666666667,0,1,0,0,0,1,0,NA
"1659",1659,1659,"crocuta","crocuta","spotted_hyena",1,7,"S2","control","S2T1","salt",0,1,"2024-09-20 19:56:42","2024-09-20 19:56:43",19.945,"0:00:01",0.0166666666666667,0,1,1,0,0,2,0,NA
"1660",1660,1660,"lepus","lspp","hare",1,7,"S2","control","S2T1","salt",0,1,"2024-09-20 20:43:12","2024-09-20 20:43:14",20.72,"0:00:02",0.0333333333333333,0,1,1,0,0,2,0,NA
"1661",1661,1661,"hyaena","hyaena","striped_hyena",1,7,"S2","control","S2T1","salt",0,1,"2024-09-20 21:05:14","2024-09-20 21:05:15",21.0872222222222,"0:00:01",0.0166666666666667,0,1,1,0,0,2,0,NA
"1662",1662,1662,"hyaena","hyaena","striped_hyena",2,7,"S2","control","S2T1","salt",0,1,"2024-09-20 21:09:30","2024-09-20 21:12:19",21.1583333333333,"0:02:49",2.81666666666667,0,1,1,0,0,2,0,NA
"1663",1663,1663,"genetta","gspp","genets",1,7,"S2","control","S2T1","salt",0,1,"2024-09-20 21:30:11","2024-09-20 21:30:12",21.5030555555556,"0:00:01",0.0166666666666667,0,1,0,0,0,1,0,NA
"1664",1664,1664,"madoqua","guentheri","gunthers_dik_dik",2,7,"S2","control","S2T1","salt",1,1,"2024-09-20 21:56:53","2024-09-20 21:56:55",21.9480555555556,"0:00:02",0.0333333333333333,0,1,1,0,0,2,0,NA
"1665",1665,1665,"lepus","lspp","hare",1,7,"S2","control","S2T1","salt",0,1,"2024-09-20 21:56:53","2024-09-20 22:05:43",21.9480555555556,"0:08:50",8.83333333333333,0,1,1,0,0,2,0,NA
"1666",1666,1666,"lepus","lspp","hare",1,7,"S2","control","S2T1","salt",0,1,"2024-09-20 22:34:48","2024-09-20 22:36:49",22.58,"0:02:01",2.01666666666667,0,1,1,1,0,4,0,NA
"1667",1667,1667,"lepus","lspp","hare",1,7,"S2","control","S2T1","salt",0,1,"2024-09-20 23:01:41","2024-09-20 23:15:30",23.0280555555556,"0:13:49",13.8166666666667,0,1,0,0,0,1,0,NA
"1668",1668,1668,"madoqua","guentheri","gunthers_dik_dik",3,7,"S2","control","S2T1","salt",1,1,"2024-09-20 23:31:02","2024-09-21 00:10:13",23.5172222222222,"0:39:11",39.1833333333333,0,1,1,1,1,4,1,NA
"1669",1669,1669,"madoqua","guentheri","gunthers_dik_dik",1,7,"S2","control","S2T1","salt",1,1,"2024-09-21 02:35:32","2024-09-21 02:41:26",2.59222222222222,"0:05:54",5.9,0,1,1,0,0,2,0,NA
"1670",1670,1670,"lepus","lspp","hare",1,7,"S2","control","S2T1","salt",0,1,"2024-09-21 02:49:58","2024-09-21 02:53:33",2.83277777777778,"0:03:35",3.58333333333333,0,1,1,0,0,2,0,NA
"1671",1671,1671,"madoqua","guentheri","gunthers_dik_dik",1,7,"S2","control","S2T1","salt",1,1,"2024-09-21 03:31:51","2024-09-21 03:45:43",3.53083333333333,"0:13:52",13.8666666666667,0,1,1,0,0,2,0,NA
"1672",1672,1672,"madoqua","guentheri","gunthers_dik_dik",1,7,"S2","control","S2T1","salt",1,1,"2024-09-21 17:43:08","2024-09-21 17:50:48",17.7188888888889,"0:07:40",7.66666666666667,1,1,1,0,0,2,0,NA
"1673",1673,1673,"aepyceros","melampus","impala",1,7,"S2","control","S2T1","salt",1,1,"2024-09-21 18:29:13","2024-09-21 18:29:14",18.4869444444444,"0:00:01",0.0166666666666667,1,1,1,0,0,2,0,NA
"1674",1674,1674,"madoqua","guentheri","gunthers_dik_dik",1,7,"S2","control","S2T1","salt",1,1,"2024-09-21 18:51:23","2024-09-21 19:07:55",18.8563888888889,"0:16:32",16.5333333333333,0,1,1,1,1,4,1,NA
"1675",1675,1675,"madoqua","guentheri","gunthers_dik_dik",1,7,"S2","control","S2T1","salt",1,1,"2024-09-21 20:28:32","2024-09-21 20:31:08",20.4755555555556,"0:02:36",2.6,0,1,1,0,0,2,0,NA
"1676",1676,1676,"madoqua","guentheri","gunthers_dik_dik",1,7,"S2","control","S2T1","salt",1,1,"2024-09-21 22:16:22","2024-09-21 22:41:52",22.2727777777778,"0:25:30",25.5,0,1,1,0,0,2,0,NA
"1677",1677,1677,"madoqua","guentheri","gunthers_dik_dik",2,7,"S2","control","S2T1","salt",1,1,"2024-09-21 23:03:02","2024-09-21 23:43:54",23.0505555555556,"0:40:52",40.8666666666667,0,1,1,0,0,2,0,NA
"1678",1678,1678,"madoqua","guentheri","gunthers_dik_dik",1,7,"S2","control","S2T1","salt",1,1,"2024-09-22 00:09:51","2024-09-22 00:19:03",0.164166666666667,"0:09:12",9.2,0,1,1,1,0,4,0,NA
"1679",1679,1679,"madoqua","guentheri","gunthers_dik_dik",1,7,"S2","control","S2T1","salt",1,1,"2024-09-22 00:51:23","2024-09-22 00:51:24",0.856388888888889,"0:00:01",0.0166666666666667,0,1,1,0,0,2,0,NA
"1680",1680,1680,"madoqua","guentheri","gunthers_dik_dik",1,7,"S2","control","S2T1","salt",1,1,"2024-09-22 02:24:36","2024-09-22 02:31:24",2.41,"0:06:48",6.8,0,1,1,0,0,2,0,NA
"1681",1681,1681,"madoqua","guentheri","gunthers_dik_dik",1,7,"S2","control","S2T1","salt",1,1,"2024-09-22 03:44:25","2024-09-22 04:01:56",3.74027777777778,"0:17:31",17.5166666666667,0,1,0,0,0,1,0,NA
"1682",1682,1682,"syncerus","caffer","cape_buffalo",1,7,"S2","control","S2T1","salt",1,1,"2024-09-22 05:57:42","2024-09-22 05:57:44",5.96166666666667,"0:00:02",0.0333333333333333,0,1,1,0,0,2,0,NA
"1683",1683,1683,"aepyceros","melampus","impala",2,7,"S2","control","S2T1","salt",1,1,"2024-09-22 09:40:26","2024-09-22 09:41:29",9.67388888888889,"0:01:03",1.05,1,1,1,1,0,3,0,NA
"1684",1684,1684,"equus","grevyi","grevys_zebra",2,7,"S2","control","S2T1","salt",1,1,"2024-09-22 09:46:44","2024-09-22 10:04:45",9.77888888888889,"0:18:01",18.0166666666667,1,1,1,1,1,4,1,NA
"1685",1685,1685,"aepyceros","melampus","impala",2,7,"S2","control","S2T1","salt",1,1,"2024-09-22 10:03:41","2024-09-22 10:03:42",10.0613888888889,"0:00:01",0.0166666666666667,1,1,1,0,0,2,0,NA
"1686",1686,1686,"crocuta","crocuta","spotted_hyena",1,7,"S2","control","S2T2","egg",1,1,"2024-09-17 03:44:49","2024-09-17 03:50:51",3.74694444444444,"0:06:02",6.03333333333333,0,1,1,1,1,4,1,NA
"1687",1687,1687,"madoqua","guentheri","gunthers_dik_dik",1,7,"S2","control","S2T2","egg",0,1,"2024-09-17 04:00:53","2024-09-17 04:00:59",4.01472222222222,"0:00:06",0.1,0,1,1,0,0,2,0,NA
"1688",1688,1688,"madoqua","guentheri","gunthers_dik_dik",1,7,"S2","control","S2T2","egg",0,1,"2024-09-17 04:34:33","2024-09-17 04:34:39",4.57583333333333,"0:00:06",0.1,0,1,1,0,0,2,0,NA
"1689",1689,1689,"madoqua","guentheri","gunthers_dik_dik",1,7,"S2","control","S2T2","egg",0,1,"2024-09-17 06:18:56","2024-09-17 06:40:17",6.31555555555556,"0:21:21",21.35,1,1,1,0,0,2,0,NA
"1690",1690,1690,"madoqua","guentheri","gunthers_dik_dik",1,7,"S2","control","S2T2","egg",0,1,"2024-09-17 07:52:27","2024-09-17 08:15:09",7.87416666666667,"0:22:42",22.7,1,1,1,0,0,2,0,NA
"1691",1691,1691,"equus","grevyi","grevys_zebra",1,7,"S2","control","S2T2","egg",0,1,"2024-09-17 08:26:19","2024-09-17 08:33:36",8.43861111111111,"0:07:17",7.28333333333333,1,1,1,1,0,4,0,NA
"1692",1692,1692,"madoqua","guentheri","gunthers_dik_dik",1,7,"S2","control","S2T2","egg",0,1,"2024-09-17 18:37:30","2024-09-17 18:37:36",18.625,"0:00:06",0.1,1,1,1,0,0,2,0,NA
"1693",1693,1693,"crocuta","crocuta","spotted_hyena",1,7,"S2","control","S2T2","egg",1,1,"2024-09-17 23:11:13","2024-09-17 23:14:29",23.1869444444444,"0:03:16",3.26666666666667,0,1,1,1,1,4,1,NA
"1694",1694,1694,"aepyceros","melampus","impala",4,7,"S2","control","S2T2","egg",0,1,"2024-09-18 02:15:19","2024-09-18 04:36:05",2.25527777777778,"2:20:46",140.766666666667,0,1,1,1,0,3,0,NA
"1695",1695,1695,"madoqua","guentheri","gunthers_dik_dik",2,7,"S2","control","S2T2","egg",0,1,"2024-09-18 04:38:14","2024-09-18 04:39:32",4.63722222222222,"0:01:18",1.3,0,1,1,0,0,2,0,NA
"1696",1696,1696,"aepyceros","melampus","impala",4,7,"S2","control","S2T2","egg",0,1,"2024-09-18 05:47:50","2024-09-18 07:02:25",5.79722222222222,"1:14:35",74.5833333333333,0,1,1,1,0,3,0,NA
"1697",1697,1697,"equus","grevyi","grevys_zebra",1,7,"S2","control","S2T2","egg",0,1,"2024-09-18 06:01:10","2024-09-18 06:02:46",6.01944444444444,"0:01:36",1.6,0,1,1,1,0,3,0,NA
"1698",1698,1698,"equus","grevyi","grevys_zebra",1,7,"S2","control","S2T2","egg",0,1,"2024-09-18 07:02:26","2024-09-18 07:06:30",7.04055555555556,"0:04:04",4.06666666666667,0,1,1,1,0,4,0,NA
"1699",1699,1699,"madoqua","guentheri","gunthers_dik_dik",1,7,"S2","control","S2T2","millet",0,1,"2024-09-18 09:30:51","2024-09-18 09:31:41",9.51416666666667,"0:00:50",0.833333333333333,0,1,1,0,0,2,0,NA
"1700",1700,1700,"proteles","cristata","aardwolf",1,7,"S2","control","S2T2","millet",0,1,"2024-09-18 23:16:55","2024-09-18 23:16:58",23.2819444444444,"0:00:03",0.05,0,1,0,0,0,1,0,NA
"1701",1701,1701,"aepyceros","melampus","impala",2,7,"S2","control","S2T2","millet",0,1,"2024-09-19 02:49:16","2024-09-19 02:55:23",2.82111111111111,"0:06:07",6.11666666666667,0,1,1,1,0,3,0,NA
"1702",1702,1702,"madoqua","guentheri","gunthers_dik_dik",2,7,"S2","control","S2T2","millet",0,1,"2024-09-19 04:08:04","2024-09-19 04:17:30",4.13444444444445,"0:09:26",9.43333333333333,0,1,1,0,0,2,0,NA
"1703",1703,1703,"madoqua","guentheri","gunthers_dik_dik",1,7,"S2","control","S2T2","millet",0,1,"2024-09-19 04:46:05","2024-09-19 04:48:20",4.76805555555556,"0:02:15",2.25,0,1,1,0,0,2,0,NA
"1704",1704,1704,"crocuta","crocuta","spotted_hyena",1,7,"S2","control","S2T2","millet",0,1,"2024-09-19 05:00:27","2024-09-19 05:01:04",5.0075,"0:00:37",0.616666666666667,0,1,1,0,0,2,0,NA
"1705",1705,1705,"madoqua","guentheri","gunthers_dik_dik",1,7,"S2","control","S2T2","millet",0,1,"2024-09-19 06:15:20","2024-09-19 06:15:25",6.25555555555556,"0:00:05",0.0833333333333333,1,1,1,0,0,2,0,NA
"1706",1706,1706,"aepyceros","melampus","impala",8,7,"S2","control","S2T2","millet",0,1,"2024-09-19 07:26:45","2024-09-19 07:38:06",7.44583333333333,"0:11:21",11.35,1,1,1,1,0,4,0,NA
"1707",1707,1707,"equus","grevyi","grevys_zebra",1,7,"S2","control","S2T2","millet",0,1,"2024-09-19 07:38:08","2024-09-19 07:44:04",7.63555555555556,"0:05:56",5.93333333333333,1,1,1,1,0,4,0,NA
"1708",1708,1708,"ichneumia","albicauda","white_tailed_mongoose",1,7,"S2","control","S2T2","millet",0,1,"2024-09-19 21:58:24","2024-09-19 21:59:23",21.9733333333333,"0:00:59",0.983333333333333,0,1,1,1,0,3,0,NA
"1709",1709,1709,"lepus","lspp","hare",1,7,"S2","control","S2T2","millet",1,1,"2024-09-20 01:18:56","2024-09-20 01:19:02",1.31555555555556,"0:00:06",0.1,0,1,1,0,0,2,0,NA
"1710",1710,1710,"madoqua","guentheri","gunthers_dik_dik",1,7,"S2","control","S2T2","millet",0,1,"2024-09-20 07:17:32","2024-09-20 07:18:47",7.29222222222222,"0:01:15",1.25,1,1,1,0,0,2,0,NA
"1711",1711,1711,"madoqua","guentheri","gunthers_dik_dik",2,7,"S2","control","S2T2","millet",0,1,"2024-09-20 08:36:00","2024-09-20 08:42:47",8.6,"0:06:47",6.78333333333333,1,1,1,0,0,2,0,NA
"1712",1712,1712,"madoqua","guentheri","gunthers_dik_dik",2,7,"S2","control","S2T2","millet",0,1,"2024-09-20 09:52:57","2024-09-20 10:03:53",9.8825,"0:10:56",10.9333333333333,1,1,1,0,0,2,0,NA
"1713",1713,1713,"madoqua","guentheri","gunthers_dik_dik",2,7,"S2","control","S2T2","salt",1,1,"2024-09-21 03:32:10","2024-09-21 03:38:51",3.53611111111111,"0:06:41",6.68333333333333,0,1,1,1,0,4,0,NA
"1714",1714,1714,"crocuta","crocuta","spotted_hyena",1,7,"S2","control","S2T2","salt",0,1,"2024-09-21 05:24:11","2024-09-21 05:25:16",5.40305555555556,"0:01:05",1.08333333333333,0,1,1,1,1,4,1,NA
"1715",1715,1715,"crocuta","crocuta","spotted_hyena",1,7,"S2","control","S2T2","salt",0,1,"2024-09-21 18:01:51","2024-09-21 18:01:53",18.0308333333333,"0:00:02",0.0333333333333333,1,1,1,0,0,2,0,NA
"1716",1716,1716,"madoqua","guentheri","gunthers_dik_dik",2,7,"S2","control","S2T2","salt",1,1,"2024-09-21 21:00:51","2024-09-21 21:12:59",21.0141666666667,"0:12:08",12.1333333333333,0,1,1,1,0,4,0,NA
"1717",1717,1717,"madoqua","guentheri","gunthers_dik_dik",1,7,"S2","control","S2T2","salt",1,1,"2024-09-21 23:28:59","2024-09-21 23:29:01",23.4830555555556,"0:00:02",0.0333333333333333,0,1,1,0,0,2,0,NA
"1718",1718,1718,"madoqua","guentheri","gunthers_dik_dik",2,7,"S2","control","S2T2","salt",1,1,"2024-09-21 23:51:17","2024-09-21 23:52:20",23.8547222222222,"0:01:03",1.05,0,1,1,0,0,2,0,NA
"1719",1719,1719,"madoqua","guentheri","gunthers_dik_dik",2,7,"S2","control","S2T2","salt",1,1,"2024-09-22 02:48:56","2024-09-22 02:52:13",2.81555555555556,"0:03:17",3.28333333333333,0,1,1,1,1,4,1,NA
"1720",1720,1720,"madoqua","guentheri","gunthers_dik_dik",2,7,"S2","control","S2T2","salt",1,1,"2024-09-22 05:31:23","2024-09-22 05:31:25",5.52305555555556,"0:00:02",0.0333333333333333,0,1,1,1,0,4,0,NA
"1721",1721,1721,"madoqua","guentheri","gunthers_dik_dik",2,7,"S2","control","S2T2","salt",1,1,"2024-09-22 08:17:06","2024-09-22 08:19:35",8.285,"0:02:29",2.48333333333333,1,1,1,1,0,4,0,NA
"1722",1722,1722,"crocuta","crocuta","spotted_hyena",1,7,"S2","control","S2T3","egg",1,1,"2024-09-17 18:52:45","2024-09-17 18:57:11",18.8791666666667,"0:04:26",4.43333333333333,0,1,1,1,1,4,1,NA
"1723",1723,1723,"crocuta","crocuta","spotted_hyena",1,7,"S2","control","S2T3","egg",1,1,"2024-09-17 22:50:10","2024-09-17 22:52:01",22.8361111111111,"0:01:51",1.85,0,1,1,1,0,3,0,NA
"1724",1724,1724,"genetta","gspp","genets",1,7,"S2","control","S2T3","egg",1,1,"2024-09-18 04:45:27","2024-09-18 04:45:39",4.7575,"0:00:12",0.2,0,0,0,0,0,0,0,NA
"1725",1725,1725,"loxodonta","africana","african_elephant",1,7,"S2","control","S2T3","egg",0,0,"2024-09-18 12:47:42","2024-09-18 12:50:29",12.795,"0:02:47",2.78333333333333,1,1,1,1,0,3,0,NA
"1726",1726,1726,"genetta","gspp","genets",1,7,"S2","control","S2T3","egg",1,0,"2024-09-18 18:56:20","2024-09-18 18:56:26",18.9388888888889,"0:00:06",0.1,0,0,0,0,0,0,0,NA
"1727",1727,1727,"crocuta","crocuta","spotted_hyena",1,7,"S2","control","S2T3","egg",1,0,"2024-09-18 19:11:02","2024-09-18 19:11:05",19.1838888888889,"0:00:03",0.05,0,1,0,0,0,1,0,NA
"1728",1728,1728,"hyaena","hyaena","striped_hyena",1,7,"S2","control","S2T3","egg",1,0,"2024-09-19 01:11:47","2024-09-19 01:12:18",1.19638888888889,"0:00:31",0.516666666666667,0,1,0,0,0,1,0,NA
"1729",1729,1729,"crocuta","crocuta","spotted_hyena",1,7,"S2","control","S2T3","egg",1,0,"2024-09-19 04:02:55","2024-09-19 04:04:59",4.04861111111111,"0:02:04",2.06666666666667,0,1,1,0,0,2,0,NA
"1730",1730,1730,"madoqua","guentheri","gunthers_dik_dik",1,7,"S2","control","S2T3","millet",0,1,"2024-09-19 21:27:20","2024-09-19 21:34:29",21.4555555555556,"0:07:09",7.15,0,1,1,1,0,3,0,NA
"1731",1731,1731,"ichneumia","albicauda","white_tailed_mongoose",1,7,"S2","control","S2T3","millet",0,1,"2024-09-19 22:37:25","2024-09-19 22:37:45",22.6236111111111,"0:00:20",0.333333333333333,0,1,1,0,0,2,0,NA
"1732",1732,1732,"madoqua","guentheri","gunthers_dik_dik",2,7,"S2","control","S2T3","millet",0,1,"2024-09-20 01:21:13","2024-09-20 01:44:34",1.35361111111111,"0:23:21",23.35,0,1,1,1,1,4,1,NA
"1733",1733,1733,"madoqua","guentheri","gunthers_dik_dik",2,7,"S2","control","S2T3","millet",0,1,"2024-09-20 08:05:10","2024-09-20 08:45:55",8.08611111111111,"0:40:45",40.75,1,1,1,1,1,4,1,NA
"1734",1734,1734,"madoqua","guentheri","gunthers_dik_dik",2,7,"S2","control","S2T3","salt",1,1,"2024-09-20 17:21:12","2024-09-20 17:25:50",17.3533333333333,"0:04:38",4.63333333333333,1,1,1,1,1,4,1,NA
"1735",1735,1735,"madoqua","guentheri","gunthers_dik_dik",2,7,"S2","control","S2T3","salt",1,1,"2024-09-20 22:23:39","2024-09-20 22:43:32",22.3941666666667,"0:19:53",19.8833333333333,0,1,1,1,1,4,1,NA
"1736",1736,1736,"madoqua","guentheri","gunthers_dik_dik",2,7,"S2","control","S2T3","salt",1,1,"2024-09-21 05:51:12","2024-09-21 06:32:20",5.85333333333333,"0:41:08",41.1333333333333,1,1,1,1,1,4,1,NA
"1737",1737,1737,"madoqua","guentheri","gunthers_dik_dik",2,7,"S2","control","S2T3","salt",1,1,"2024-09-21 07:39:30","2024-09-21 08:51:51",7.65833333333333,"1:12:21",72.35,1,1,1,1,1,4,1,NA
"1738",1738,1738,"madoqua","guentheri","gunthers_dik_dik",2,7,"S2","control","S2T3","salt",1,1,"2024-09-21 16:05:11","2024-09-21 16:32:42",16.0863888888889,"0:27:31",27.5166666666667,1,1,1,1,1,4,1,NA
"1739",1739,1739,"madoqua","guentheri","gunthers_dik_dik",2,7,"S2","control","S2T3","salt",1,1,"2024-09-22 01:02:50","2024-09-22 01:17:26",1.04722222222222,"0:14:36",14.6,1,1,1,1,1,4,1,NA
"1740",1740,1740,"aepyceros","melampus","impala",3,7,"S2","control","S2T4","egg",0,1,"2024-09-16 14:30:52","2024-09-16 14:31:27",14.5144444444444,"0:00:35",0.583333333333333,1,1,1,1,0,3,0,NA
"1741",1741,1741,"aepyceros","melampus","impala",2,7,"S2","control","S2T4","egg",0,1,"2024-09-16 14:30:53","2024-09-16 14:31:27",14.5147222222222,"0:00:34",0.566666666666667,1,1,1,1,0,3,0,NA
"1742",1742,1742,"madoqua","guentheri","gunthers_dik_dik",2,7,"S2","control","S2T4","egg",0,1,"2024-09-16 19:23:25","2024-09-16 19:37:39",19.3902777777778,"0:14:14",14.2333333333333,0,1,1,1,0,3,0,NA
"1743",1743,1743,"madoqua","guentheri","gunthers_dik_dik",2,7,"S2","control","S2T4","egg",0,1,"2024-09-16 19:23:26","2024-09-16 19:37:39",19.3905555555556,"0:14:13",14.2166666666667,0,1,1,1,0,3,0,NA
"1744",1744,1744,"ichneumia","albicauda","white_tailed_mongoose",1,7,"S2","control","S2T4","egg",1,1,"2024-09-16 21:28:16","2024-09-16 21:29:27",21.4711111111111,"0:01:11",1.18333333333333,0,1,1,0,0,2,0,NA
"1745",1745,1745,"ichneumia","albicauda","white_tailed_mongoose",1,7,"S2","control","S2T4","egg",1,1,"2024-09-16 21:28:16","2024-09-16 21:29:27",21.4711111111111,"0:01:11",1.18333333333333,0,1,1,0,0,2,0,NA
"1746",1746,1746,"madoqua","guentheri","gunthers_dik_dik",1,7,"S2","control","S2T4","egg",0,1,"2024-09-17 00:23:04","2024-09-17 00:23:27",0.384444444444444,"0:00:23",0.383333333333333,0,1,1,0,0,2,0,NA
"1747",1747,1747,"ichneumia","albicauda","white_tailed_mongoose",1,7,"S2","control","S2T4","egg",1,1,"2024-09-17 01:29:10","2024-09-17 01:29:26",1.48611111111111,"0:00:16",0.266666666666667,0,1,1,0,0,2,0,NA
"1748",1748,1748,"madoqua","guentheri","gunthers_dik_dik",2,7,"S2","control","S2T4","millet",0,1,"2024-09-19 21:25:00","2024-09-19 21:41:46",21.4166666666667,"0:16:46",16.7666666666667,0,1,1,1,0,4,0,NA
"1749",1749,1749,"lepus","lspp","hare",1,7,"S2","control","S2T4","millet",1,1,"2024-09-19 22:36:39","2024-09-19 22:36:44",22.6108333333333,"0:00:05",0.0833333333333333,0,1,1,1,0,4,0,NA
"1750",1750,1750,"canis","mesomelas","black_backed_jackal",2,7,"S2","control","S2T5","egg",1,1,"2024-09-16 10:12:58","2024-09-16 10:13:05",10.2161111111111,"0:00:07",0.116666666666667,1,1,1,0,0,2,0,NA
"1751",1751,1751,"crocuta","crocuta","spotted_hyena",1,7,"S2","control","S2T5","egg",1,1,"2024-09-17 03:46:13","2024-09-17 03:46:34",3.77027777777778,"0:00:21",0.35,0,1,1,0,0,2,0,NA
"1752",1752,1752,"crocuta","crocuta","spotted_hyena",1,7,"S2","control","S2T5","egg",1,1,"2024-09-17 18:02:50","2024-09-17 18:03:57",18.0472222222222,"0:01:07",1.11666666666667,1,1,1,1,0,3,0,NA
"1753",1753,1753,"crocuta","crocuta","spotted_hyena",1,7,"S2","control","S2T5","egg",1,1,"2024-09-17 18:38:15","2024-09-17 18:38:37",18.6375,"0:00:22",0.366666666666667,1,1,1,1,0,3,0,NA
"1754",1754,1754,"crocuta","crocuta","spotted_hyena",1,7,"S2","control","S2T5","egg",1,1,"2024-09-17 22:16:22","2024-09-17 22:21:32",22.2727777777778,"0:05:10",5.16666666666667,0,1,1,1,0,4,0,NA
"1755",1755,1755,"crocuta","crocuta","spotted_hyena",1,7,"S2","control","S2T5","egg",1,1,"2024-09-17 23:22:02","2024-09-17 23:24:03",23.3672222222222,"0:02:01",2.01666666666667,0,1,1,1,0,4,0,NA
"1756",1756,1756,"tragelaphus","oryx","common_eland",6,7,"S2","control","S2T5","egg",0,0,"2024-09-18 13:57:55","2024-09-18 13:58:36",13.9652777777778,"0:00:41",0.683333333333333,1,1,1,0,0,2,0,NA
"1757",1757,1757,"aepyceros","melampus","impala",1,7,"S2","control","S2T5","egg",0,0,"2024-09-18 14:18:11","2024-09-18 14:19:54",14.3030555555556,"0:01:43",1.71666666666667,1,1,1,1,0,3,0,NA
"1758",1758,1758,"canis","mesomelas","black_backed_jackal",1,7,"S2","control","S2T5","egg",1,0,"2024-09-18 18:44:28","2024-09-18 18:49:17",18.7411111111111,"0:04:49",4.81666666666667,0,1,1,0,0,2,0,NA
"1759",1759,1759,"lepus","lspp","hare",1,7,"S2","control","S2T5","egg",0,0,"2024-09-18 21:59:48","2024-09-18 21:59:53",21.9966666666667,"0:00:05",0.0833333333333333,0,1,1,0,0,2,0,NA
"1760",1760,1760,"hyaena","hyaena","striped_hyena",1,7,"S2","control","S2T5","egg",1,0,"2024-09-19 00:36:58","2024-09-19 00:37:04",0.616111111111111,"0:00:06",0.1,0,1,0,0,0,1,0,NA
"1761",1761,1761,"madoqua","guentheri","gunthers_dik_dik",2,7,"S2","control","S2T5","egg",0,0,"2024-09-19 00:56:49","2024-09-19 00:58:07",0.946944444444444,"0:01:18",1.3,0,1,1,0,0,2,0,NA
"1762",1762,1762,"lepus","lspp","hare",1,7,"S2","control","S2T5","egg",0,0,"2024-09-19 00:58:30","2024-09-19 01:06:07",0.975,"0:07:37",7.61666666666667,0,1,1,0,0,2,0,NA
"1763",1763,1763,"hyaena","hyaena","striped_hyena",1,7,"S2","control","S2T5","egg",1,0,"2024-09-19 01:20:31","2024-09-19 01:20:50",1.34194444444444,"0:00:19",0.316666666666667,0,1,1,0,0,2,0,NA
"1764",1764,1764,"madoqua","guentheri","gunthers_dik_dik",3,7,"S2","control","S2T5","egg",0,0,"2024-09-19 02:18:27","2024-09-19 03:16:26",2.3075,"0:57:59",57.9833333333333,0,1,1,1,0,3,0,NA
"1765",1765,1765,"madoqua","guentheri","gunthers_dik_dik",3,7,"S2","control","S2T5","egg",0,0,"2024-09-19 04:05:26","2024-09-19 04:34:55",4.09055555555556,"0:29:29",29.4833333333333,0,1,1,1,0,3,0,NA
"1766",1766,1766,"madoqua","guentheri","gunthers_dik_dik",3,7,"S2","control","S2T5","egg",0,0,"2024-09-19 05:22:48","2024-09-19 05:36:12",5.38,"0:13:24",13.4,0,1,1,1,0,3,0,NA
"1767",1767,1767,"madoqua","guentheri","gunthers_dik_dik",2,7,"S2","control","S2T5","egg",0,0,"2024-09-19 06:07:48","2024-09-19 06:18:59",6.13,"0:11:11",11.1833333333333,1,1,1,1,0,3,0,NA
"1768",1768,1768,"aepyceros","melampus","impala",3,7,"S2","control","S2T5","millet",0,1,"2024-09-19 17:07:21","2024-09-19 17:09:06",17.1225,"0:01:45",1.75,1,1,1,0,0,2,0,NA
"1769",1769,1769,"equus","grevyi","grevys_zebra",1,7,"S2","control","S2T5","millet",0,1,"2024-09-19 18:02:05","2024-09-19 18:03:19",18.0347222222222,"0:01:14",1.23333333333333,1,1,1,1,0,3,0,NA
"1770",1770,1770,"madoqua","guentheri","gunthers_dik_dik",3,7,"S2","control","S2T5","millet",0,1,"2024-09-19 18:49:17","2024-09-19 18:50:03",18.8213888888889,"0:00:46",0.766666666666667,0,1,1,1,1,4,1,NA
"1771",1771,1771,"madoqua","guentheri","gunthers_dik_dik",1,7,"S2","control","S2T5","millet",0,1,"2024-09-19 21:31:26","2024-09-19 21:44:56",21.5238888888889,"0:13:30",13.5,0,1,1,1,0,3,0,NA
"1772",1772,1772,"madoqua","guentheri","gunthers_dik_dik",2,7,"S2","control","S2T5","millet",0,1,"2024-09-20 00:16:25","2024-09-20 00:23:25",0.273611111111111,"0:07:00",7,0,1,1,1,1,4,1,NA
"1773",1773,1773,"madoqua","guentheri","gunthers_dik_dik",1,7,"S2","control","S2T5","millet",0,1,"2024-09-20 01:48:26","2024-09-20 01:48:31",1.80722222222222,"0:00:05",0.0833333333333333,0,1,1,1,1,4,1,NA
"1774",1774,1774,"madoqua","guentheri","gunthers_dik_dik",1,7,"S2","control","S2T5","millet",0,1,"2024-09-20 03:41:49","2024-09-20 03:56:53",3.69694444444444,"0:15:04",15.0666666666667,0,1,1,0,0,2,0,NA
"1775",1775,1775,"madoqua","guentheri","gunthers_dik_dik",1,7,"S2","control","S2T5","millet",0,1,"2024-09-20 04:21:51","2024-09-20 04:37:34",4.36416666666667,"0:15:43",15.7166666666667,0,1,1,1,1,4,1,NA
"1776",1776,1776,"madoqua","guentheri","gunthers_dik_dik",2,7,"S2","control","S2T5","millet",0,1,"2024-09-20 05:21:25","2024-09-20 05:34:07",5.35694444444444,"0:12:42",12.7,0,1,1,1,1,4,1,NA
"1777",1777,1777,"madoqua","guentheri","gunthers_dik_dik",2,7,"S2","control","S2T5","millet",0,1,"2024-09-20 07:00:40","2024-09-20 07:10:01",7.01111111111111,"0:09:21",9.35,1,1,1,0,0,2,0,NA
"1778",1778,1778,"aepyceros","melampus","impala",6,7,"S2","control","S2T5","millet",0,1,"2024-09-20 08:56:55","2024-09-20 08:59:47",8.94861111111111,"0:02:52",2.86666666666667,1,1,1,0,0,2,0,NA
"1779",1779,1779,"crocuta","crocuta","spotted_hyena",1,7,"S2","control","S2T5","salt",0,1,"2024-09-20 19:28:35","2024-09-20 19:39:36",19.4763888888889,"0:11:01",11.0166666666667,0,1,1,0,0,2,0,NA
"1780",1780,1780,"equus","grevyi","grevys_zebra",1,7,"S2","control","S2T5","salt",1,1,"2024-09-20 21:00:55","2024-09-20 21:05:32",21.0152777777778,"0:04:37",4.61666666666667,0,1,1,1,1,4,1,NA
"1781",1781,1781,"madoqua","guentheri","gunthers_dik_dik",2,7,"S2","control","S2T5","salt",1,1,"2024-09-21 05:58:37","2024-09-21 06:06:05",5.97694444444444,"0:07:28",7.46666666666667,0,1,1,1,1,4,1,NA
"1782",1782,1782,"madoqua","guentheri","gunthers_dik_dik",1,7,"S2","control","S2T5","salt",1,1,"2024-09-21 10:59:42","2024-09-21 11:00:53",10.995,"0:01:11",1.18333333333333,1,1,1,1,1,4,1,NA
"1783",1783,1783,"madoqua","guentheri","gunthers_dik_dik",1,7,"S2","control","S2T5","salt",1,1,"2024-09-21 14:38:29","2024-09-21 14:57:41",14.6413888888889,"0:19:12",19.2,1,1,1,1,0,3,0,NA
"1784",1784,1784,"madoqua","guentheri","gunthers_dik_dik",2,7,"S2","control","S2T5","salt",1,1,"2024-09-21 15:38:27","2024-09-21 15:40:38",15.6408333333333,"0:02:11",2.18333333333333,1,1,1,1,1,4,1,NA
"1785",1785,1785,"equus","grevyi","grevys_zebra",1,7,"S2","control","S2T5","salt",1,1,"2024-09-21 20:58:01","2024-09-21 21:03:31",20.9669444444444,"0:05:30",5.5,0,1,1,1,1,4,1,NA
"1786",1786,1786,"madoqua","guentheri","gunthers_dik_dik",2,7,"S2","control","S2T5","salt",1,1,"2024-09-21 22:39:01","2024-09-21 23:00:04",22.6502777777778,"0:21:03",21.05,0,1,1,1,1,4,1,NA
"1787",1787,1787,"madoqua","guentheri","gunthers_dik_dik",3,7,"S2","control","S2T5","salt",1,1,"2024-09-22 04:25:23","2024-09-22 04:43:38",4.42305555555556,"0:18:15",18.25,0,1,1,1,1,4,1,NA
"1788",1788,1788,"canis","mesomelas","black_backed_jackal",1,7,"S2","control","S2T6","egg",1,1,"2024-09-16 10:20:09","2024-09-16 10:20:17",10.3358333333333,"0:00:08",0.133333333333333,1,1,1,0,0,2,0,NA
"1789",1789,1789,"aepyceros","melampus","impala",1,7,"S2","control","S2T6","egg",0,1,"2024-09-16 15:46:29","2024-09-16 15:46:31",15.7747222222222,"0:00:02",0.0333333333333333,1,1,0,0,0,1,0,NA
"1790",1790,1790,"madoqua","guentheri","gunthers_dik_dik",2,7,"S2","control","S2T6","egg",0,1,"2024-09-16 17:53:29","2024-09-16 17:54:47",17.8913888888889,"0:01:18",1.3,1,1,1,0,0,2,0,NA
"1791",1791,1791,"madoqua","guentheri","gunthers_dik_dik",1,7,"S2","control","S2T6","egg",0,1,"2024-09-16 18:40:20","2024-09-16 18:40:22",18.6722222222222,"0:00:02",0.0333333333333333,0,0,0,0,0,0,0,NA
"1792",1792,1792,"lepus","lspp","hare",1,7,"S2","control","S2T6","egg",0,1,"2024-09-16 19:53:40","2024-09-16 20:10:01",19.8944444444444,"0:16:21",16.35,0,1,0,0,0,1,0,NA
"1793",1793,1793,"madoqua","guentheri","gunthers_dik_dik",1,7,"S2","control","S2T6","egg",0,1,"2024-09-16 20:15:46","2024-09-16 20:15:52",20.2627777777778,"0:00:06",0.1,0,1,1,0,0,2,0,NA
"1794",1794,1794,"lepus","lspp","hare",1,7,"S2","control","S2T6","egg",0,1,"2024-09-16 20:49:26","2024-09-16 20:50:10",20.8238888888889,"0:00:44",0.733333333333333,0,0,1,0,0,1,0,NA
"1795",1795,1795,"canis","mesomelas","black_backed_jackal",1,7,"S2","control","S2T6","egg",1,1,"2024-09-16 21:38:28","2024-09-16 21:38:33",21.6411111111111,"0:00:05",0.0833333333333333,0,1,0,0,0,1,0,NA
"1796",1796,1796,"lepus","lspp","hare",2,7,"S2","control","S2T6","egg",0,1,"2024-09-16 22:59:05","2024-09-16 23:33:22",22.9847222222222,"0:34:17",34.2833333333333,0,1,1,0,0,2,0,NA
"1797",1797,1797,"lepus","lspp","hare",1,7,"S2","control","S2T6","egg",0,1,"2024-09-17 00:09:18","2024-09-17 00:09:24",0.155,"0:00:06",0.1,0,0,0,0,0,0,0,NA
"1798",1798,1798,"madoqua","guentheri","gunthers_dik_dik",2,7,"S2","control","S2T6","egg",0,1,"2024-09-17 00:21:08","2024-09-17 01:02:42",0.352222222222222,"0:41:34",41.5666666666667,0,1,1,0,0,2,0,NA
"1799",1799,1799,"lepus","lspp","hare",1,7,"S2","control","S2T6","egg",0,1,"2024-09-17 02:20:51","2024-09-17 02:21:03",2.3475,"0:00:12",0.2,0,0,0,0,0,0,0,NA
"1800",1800,1800,"madoqua","guentheri","gunthers_dik_dik",2,7,"S2","control","S2T6","egg",0,1,"2024-09-17 02:29:10","2024-09-17 02:29:31",2.48611111111111,"0:00:21",0.35,0,1,1,0,0,2,0,NA
"1801",1801,1801,"madoqua","guentheri","gunthers_dik_dik",1,7,"S2","control","S2T6","egg",0,1,"2024-09-17 02:49:18","2024-09-17 02:53:14",2.82166666666667,"0:03:56",3.93333333333333,0,1,1,0,0,2,0,NA
"1802",1802,1802,"madoqua","guentheri","gunthers_dik_dik",1,7,"S2","control","S2T6","egg",0,1,"2024-09-17 03:09:17","2024-09-17 03:10:03",3.15472222222222,"0:00:46",0.766666666666667,0,1,1,0,0,2,0,NA
"1803",1803,1803,"crocuta","crocuta","spotted_hyena",1,7,"S2","control","S2T6","egg",1,1,"2024-09-17 03:46:04","2024-09-17 03:47:19",3.76777777777778,"0:01:15",1.25,0,1,0,0,0,1,0,NA
"1804",1804,1804,"madoqua","guentheri","gunthers_dik_dik",2,7,"S2","control","S2T6","egg",0,1,"2024-09-17 08:46:06","2024-09-17 08:46:11",8.76833333333333,"0:00:05",0.0833333333333333,1,0,0,0,0,0,0,NA
"1805",1805,1805,"madoqua","guentheri","gunthers_dik_dik",2,7,"S2","control","S2T6","egg",0,1,"2024-09-17 12:58:26","2024-09-17 13:18:52",12.9738888888889,"0:20:26",20.4333333333333,1,1,0,0,0,1,0,NA
"1806",1806,1806,"madoqua","guentheri","gunthers_dik_dik",2,7,"S2","control","S2T6","egg",0,1,"2024-09-17 18:00:42","2024-09-17 18:00:44",18.0116666666667,"0:00:02",0.0333333333333333,1,1,0,0,0,1,0,NA
"1807",1807,1807,"crocuta","crocuta","spotted_hyena",1,7,"S2","control","S2T6","egg",1,1,"2024-09-17 19:03:47","2024-09-17 19:03:50",19.0630555555556,"0:00:03",0.05,0,1,0,0,0,1,0,NA
"1808",1808,1808,"lepus","lspp","hare",1,7,"S2","control","S2T6","egg",0,1,"2024-09-17 19:41:40","2024-09-17 19:41:59",19.6944444444444,"0:00:19",0.316666666666667,0,0,0,0,0,0,0,NA
"1809",1809,1809,"lepus","lspp","hare",1,7,"S2","control","S2T6","egg",0,1,"2024-09-17 20:26:41","2024-09-17 20:43:18",20.4447222222222,"0:16:37",16.6166666666667,0,1,1,0,0,2,0,NA
"1810",1810,1810,"canis","mesomelas","black_backed_jackal",1,7,"S2","control","S2T6","egg",1,1,"2024-09-17 21:11:44","2024-09-17 21:12:21",21.1955555555556,"0:00:37",0.616666666666667,0,1,0,0,0,1,0,NA
"1811",1811,1811,"madoqua","guentheri","gunthers_dik_dik",1,7,"S2","control","S2T6","egg",0,1,"2024-09-17 21:59:37","2024-09-17 21:59:42",21.9936111111111,"0:00:05",0.0833333333333333,0,1,1,0,0,2,0,"camera cut off as dik dik was walking towards eggs"
"1812",1812,1812,"madoqua","guentheri","gunthers_dik_dik",1,7,"S2","control","S2T6","egg",0,1,"2024-09-17 22:36:04","2024-09-17 22:36:13",22.6011111111111,"0:00:09",0.15,0,0,0,0,0,0,0,NA
"1813",1813,1813,"crocuta","crocuta","spotted_hyena",1,7,"S2","control","S2T6","egg",1,1,"2024-09-17 22:58:43","2024-09-17 23:07:33",22.9786111111111,"0:08:50",8.83333333333333,1,1,1,1,1,4,1,NA
"1814",1814,1814,"crocuta","crocuta","spotted_hyena",1,7,"S2","control","S2T6","egg",1,1,"2024-09-17 23:28:25","2024-09-17 23:29:38",23.4736111111111,"0:01:13",1.21666666666667,0,1,0,0,0,1,0,NA
"1815",1815,1815,"madoqua","guentheri","gunthers_dik_dik",1,7,"S2","control","S2T6","egg",0,1,"2024-09-18 00:03:01","2024-09-18 00:03:18",0.0502777777777778,"0:00:17",0.283333333333333,0,1,0,0,0,1,0,NA
"1816",1816,1816,"lepus","lspp","hare",1,7,"S2","control","S2T6","egg",0,1,"2024-09-18 00:17:21","2024-09-18 00:17:49",0.289166666666667,"0:00:28",0.466666666666667,0,0,0,0,0,0,0,NA
"1817",1817,1817,"lepus","lspp","hare",1,7,"S2","control","S2T6","egg",0,1,"2024-09-18 01:13:32","2024-09-18 01:13:37",1.22555555555556,"0:00:05",0.0833333333333333,0,0,0,0,0,0,0,NA
"1818",1818,1818,"madoqua","guentheri","gunthers_dik_dik",1,7,"S2","control","S2T6","egg",0,1,"2024-09-18 01:45:45","2024-09-18 01:45:54",1.7625,"0:00:09",0.15,0,0,0,0,0,0,0,NA
"1819",1819,1819,"aepyceros","melampus","impala",1,7,"S2","control","S2T6","egg",0,0,"2024-09-18 15:46:56","2024-09-18 15:47:08",15.7822222222222,"0:00:12",0.2,1,1,1,0,0,2,0,NA
"1820",1820,1820,"madoqua","guentheri","gunthers_dik_dik",1,7,"S2","control","S2T6","egg",0,0,"2024-09-18 16:14:59","2024-09-18 16:15:13",16.2497222222222,"0:00:14",0.233333333333333,1,0,0,0,0,0,0,NA
"1821",1821,1821,"crocuta","crocuta","spotted_hyena",1,7,"S2","control","S2T6","egg",1,0,"2024-09-18 19:05:31","2024-09-18 19:05:32",19.0919444444444,"0:00:01",0.0166666666666667,0,1,0,0,0,1,0,NA
"1822",1822,1822,"lepus","lspp","hare",1,7,"S2","control","S2T6","egg",0,0,"2024-09-18 21:00:39","2024-09-18 21:00:44",21.0108333333333,"0:00:05",0.0833333333333333,0,0,0,0,0,0,0,NA
"1823",1823,1823,"lepus","lspp","hare",1,7,"S2","control","S2T6","egg",0,0,"2024-09-18 22:03:34","2024-09-18 22:03:46",22.0594444444444,"0:00:12",0.2,0,1,1,0,0,2,0,NA
"1824",1824,1824,"madoqua","guentheri","gunthers_dik_dik",1,7,"S2","control","S2T6","egg",0,0,"2024-09-18 22:25:48","2024-09-18 22:25:54",22.43,"0:00:06",0.1,0,0,0,0,0,0,0,NA
"1825",1825,1825,"madoqua","guentheri","gunthers_dik_dik",1,7,"S2","control","S2T6","egg",0,0,"2024-09-19 00:08:47","2024-09-19 00:08:50",0.146388888888889,"0:00:03",0.05,0,1,0,0,0,1,0,NA
"1826",1826,1826,"equus","grevyi","grevys_zebra",1,7,"S2","control","S2T6","egg",0,0,"2024-09-19 00:10:13","2024-09-19 00:18:31",0.170277777777778,"0:08:18",8.3,0,1,0,0,0,1,0,NA
"1827",1827,1827,"lepus","lspp","hare",1,7,"S2","control","S2T6","egg",0,0,"2024-09-19 02:27:49","2024-09-19 02:42:14",2.46361111111111,"0:14:25",14.4166666666667,0,0,0,0,0,0,0,NA
"1828",1828,1828,"crocuta","crocuta","spotted_hyena",1,7,"S2","control","S2T6","egg",1,0,"2024-09-19 03:55:11","2024-09-19 03:55:11",3.91972222222222,"0:00:01",0.01666667,0,1,1,0,0,2,0,NA
"1829",1829,1829,"madoqua","guentheri","gunthers_dik_dik",1,7,"S2","control","S2T6","egg",0,0,"2024-09-19 05:24:15","2024-09-19 05:24:38",5.40416666666667,"0:00:23",0.383333333333333,0,1,0,0,0,1,0,NA
"1830",1830,1830,"lepus","lspp","hare",1,7,"S2","control","S2T6","egg",0,0,"2024-09-19 05:25:04","2024-09-19 05:26:30",5.41777777777778,"0:01:26",1.43333333333333,0,0,1,0,0,1,0,NA
"1831",1831,1831,"crocuta","crocuta","spotted_hyena",1,7,"S2","control","S2T6","egg",1,0,"2024-09-19 05:34:22","2024-09-19 05:34:46",5.57277777777778,"0:00:24",0.4,0,1,1,0,0,2,0,NA
"1832",1832,1832,"canis","mesomelas","black_backed_jackal",1,7,"S2","control","S2T6","egg",1,0,"2024-09-19 07:41:15","2024-09-19 07:41:56",7.6875,"0:00:41",0.683333333333333,1,1,1,0,0,2,0,NA
"1833",1833,1833,"hyaena","hyaena","striped_hyena",1,7,"S2","control","S2T6","millet",0,1,"2024-09-19 17:34:13","2024-09-19 17:34:13",17.5702777777778,"0:00:01",0.01666667,1,1,0,0,0,1,0,NA
"1834",1834,1834,"lepus","lspp","hare",2,7,"S2","control","S2T6","millet",1,1,"2024-09-19 20:56:06","2024-09-19 21:08:52",20.935,"0:12:46",12.7666666666667,0,1,1,0,0,2,0,NA
"1835",1835,1835,"crocuta","crocuta","spotted_hyena",1,7,"S2","control","S2T6","millet",0,1,"2024-09-19 21:12:01","2024-09-19 21:12:04",21.2002777777778,"0:00:03",0.05,0,1,0,0,0,1,0,NA
"1836",1836,1836,"madoqua","guentheri","gunthers_dik_dik",1,7,"S2","control","S2T6","millet",0,1,"2024-09-19 21:54:20","2024-09-19 21:54:24",21.9055555555556,"0:00:04",0.0666666666666667,0,1,0,0,0,1,0,NA
"1837",1837,1837,"lepus","lspp","hare",1,7,"S2","control","S2T6","millet",1,1,"2024-09-19 22:06:04","2024-09-19 22:08:40",22.1011111111111,"0:02:36",2.6,0,1,0,0,0,1,0,NA
"1838",1838,1838,"madoqua","guentheri","gunthers_dik_dik",1,7,"S2","control","S2T6","millet",0,1,"2024-09-20 00:58:33","2024-09-20 00:59:27",0.975833333333333,"0:00:54",0.9,1,1,1,0,0,2,0,NA
"1839",1839,1839,"madoqua","guentheri","gunthers_dik_dik",1,7,"S2","control","S2T6","millet",0,1,"2024-09-20 01:44:40","2024-09-20 01:44:40",1.74444444444444,"0:00:01",0.01666667,0,1,0,0,0,1,0,NA
"1840",1840,1840,"crocuta","crocuta","spotted_hyena",1,7,"S2","control","S2T6","millet",0,1,"2024-09-20 02:52:02","2024-09-20 02:52:11",2.86722222222222,"0:00:09",0.15,0,1,1,0,0,2,0,NA
"1841",1841,1841,"madoqua","guentheri","gunthers_dik_dik",1,7,"S2","control","S2T6","millet",0,1,"2024-09-20 03:26:47","2024-09-20 03:26:53",3.44638888888889,"0:00:06",0.1,0,1,0,0,0,1,0,NA
"1842",1842,1842,"madoqua","guentheri","gunthers_dik_dik",2,7,"S2","control","S2T6","millet",0,1,"2024-09-20 04:01:52","2024-09-20 04:33:45",4.03111111111111,"0:31:53",31.8833333333333,0,1,1,0,0,2,0,NA
"1843",1843,1843,"aepyceros","melampus","impala",2,7,"S2","control","S2T6","millet",0,1,"2024-09-20 06:42:22","2024-09-20 06:48:54",6.70611111111111,"0:06:32",6.53333333333333,1,1,1,1,0,3,0,NA
"1844",1844,1844,"madoqua","guentheri","gunthers_dik_dik",2,7,"S2","control","S2T6","millet",0,1,"2024-09-20 07:56:26","2024-09-20 07:56:31",7.94055555555556,"0:00:05",0.0833333333333333,1,1,0,0,0,1,0,NA
"1845",1845,1845,"madoqua","guentheri","gunthers_dik_dik",1,7,"S2","control","S2T6","millet",0,1,"2024-09-20 08:23:19","2024-09-20 08:23:33",8.38861111111111,"0:00:14",0.233333333333333,1,1,0,0,0,1,0,NA
"1846",1846,1846,"madoqua","guentheri","gunthers_dik_dik",1,7,"S2","control","S2T6","millet",0,1,"2024-09-20 09:16:45","2024-09-20 09:16:50",9.27916666666667,"0:00:05",0.0833333333333333,1,1,1,0,0,2,0,NA
"1847",1847,1847,"madoqua","guentheri","gunthers_dik_dik",1,7,"S2","control","S2T6","millet",0,1,"2024-09-20 10:15:53","2024-09-20 10:19:22",10.2647222222222,"0:03:29",3.48333333333333,1,1,0,0,0,1,0,NA
"1848",1848,1848,"madoqua","guentheri","gunthers_dik_dik",1,7,"S2","control","S2T6","salt",1,1,"2024-09-20 14:50:03","2024-09-20 14:50:04",14.8341666666667,"0:00:01",0.0166666666666667,1,0,0,0,0,0,0,NA
"1849",1849,1849,"crocuta","crocuta","spotted_hyena",1,7,"S2","control","S2T6","salt",0,1,"2024-09-20 19:29:05","2024-09-20 19:45:37",19.4847222222222,"0:16:32",16.5333333333333,0,1,1,1,0,3,0,NA
"1850",1850,1850,"equus","grevyi","grevys_zebra",1,7,"S2","control","S2T6","salt",1,1,"2024-09-20 20:37:42","2024-09-20 20:58:38",20.6283333333333,"0:20:56",20.9333333333333,0,1,1,1,1,4,1,NA
"1851",1851,1851,"lepus","lspp","hare",1,7,"S2","control","S2T6","salt",0,1,"2024-09-20 21:11:31","2024-09-20 21:26:23",21.1919444444444,"0:14:52",14.8666666666667,0,0,0,0,0,0,0,NA
"1852",1852,1852,"ichneumia","albicauda","white_tailed_mongoose",1,7,"S2","control","S2T6","salt",0,1,"2024-09-20 21:43:31","2024-09-20 21:43:32",21.7252777777778,"0:00:01",0.0166666666666667,0,1,1,1,0,3,0,NA
"1853",1853,1853,"hyaena","hyaena","striped_hyena",1,7,"S2","control","S2T6","salt",0,1,"2024-09-20 22:12:48","2024-09-20 22:12:49",22.2133333333333,"0:00:01",0.0166666666666667,0,1,1,0,0,2,0,"camera cut off"
"1854",1854,1854,"madoqua","guentheri","gunthers_dik_dik",2,7,"S2","control","S2T6","salt",1,1,"2024-09-20 23:10:50","2024-09-20 23:15:18",23.1805555555556,"0:04:28",4.46666666666667,0,1,1,0,0,2,0,NA
"1855",1855,1855,"lepus","lspp","hare",1,7,"S2","control","S2T6","salt",0,1,"2024-09-20 23:26:56","2024-09-20 23:26:57",23.4488888888889,"0:00:01",0.0166666666666667,0,0,0,0,0,0,0,NA
"1856",1856,1856,"madoqua","guentheri","gunthers_dik_dik",2,7,"S2","control","S2T6","salt",1,1,"2024-09-20 23:38:21","2024-09-20 23:40:44",23.6391666666667,"0:02:23",2.38333333333333,0,1,1,0,0,2,0,"dik diks were investigating but something scared them off"
"1857",1857,1857,"lepus","lspp","hare",1,7,"S2","control","S2T6","salt",0,1,"2024-09-20 23:49:27","2024-09-20 23:49:28",23.8241666666667,"0:00:01",0.0166666666666667,0,1,0,0,0,1,0,NA
"1858",1858,1858,"lepus","lspp","hare",1,7,"S2","control","S2T6","salt",0,1,"2024-09-21 00:45:56","2024-09-21 00:45:56",0.765555555555556,"0:00:01",0.01666667,0,0,0,0,0,0,0,NA
"1859",1859,1859,"lepus","lspp","hare",1,7,"S2","control","S2T6","salt",0,1,"2024-09-21 01:36:49","2024-09-21 01:36:50",1.61361111111111,"0:00:01",0.0166666666666667,0,0,0,0,0,0,0,NA
"1860",1860,1860,"crocuta","crocuta","spotted_hyena",1,7,"S2","control","S2T6","salt",0,1,"2024-09-21 02:28:33","2024-09-21 02:28:34",2.47583333333333,"0:00:01",0.0166666666666667,0,1,1,1,0,3,0,NA
"1861",1861,1861,"madoqua","guentheri","gunthers_dik_dik",2,7,"S2","control","S2T6","salt",1,1,"2024-09-21 03:26:17","2024-09-21 03:28:10",3.43805555555556,"0:01:53",1.88333333333333,0,1,0,0,0,1,0,NA
"1862",1862,1862,"lepus","lspp","hare",1,7,"S2","control","S2T6","salt",0,1,"2024-09-21 04:17:19","2024-09-21 04:28:29",4.28861111111111,"0:11:10",11.1666666666667,0,0,0,0,0,0,0,NA
"1863",1863,1863,"madoqua","guentheri","gunthers_dik_dik",2,7,"S2","control","S2T6","salt",1,1,"2024-09-21 05:05:56","2024-09-21 05:11:42",5.09888888888889,"0:05:46",5.76666666666667,0,1,1,0,0,2,0,NA
"1864",1864,1864,"hyaena","hyaena","striped_hyena",1,7,"S2","control","S2T6","salt",0,1,"2024-09-21 05:12:47","2024-09-21 05:12:48",5.21305555555556,"0:00:01",0.0166666666666667,0,1,1,0,0,2,0,NA
"1865",1865,1865,"hyaena","hyaena","striped_hyena",1,7,"S2","control","S2T6","salt",0,1,"2024-09-21 06:02:48","2024-09-21 06:02:49",6.04666666666667,"0:00:01",0.0166666666666667,0,1,1,0,0,2,0,NA
"1866",1866,1866,"madoqua","guentheri","gunthers_dik_dik",2,7,"S2","control","S2T6","salt",1,1,"2024-09-21 07:04:23","2024-09-21 07:07:23",7.07305555555556,"0:03:00",3,0,1,1,0,0,2,0,NA
"1867",1867,1867,"madoqua","guentheri","gunthers_dik_dik",1,7,"S2","control","S2T6","salt",1,1,"2024-09-21 08:07:46","2024-09-21 08:07:47",8.12944444444445,"0:00:01",0.0166666666666667,0,1,0,0,0,1,0,NA
"1868",1868,1868,"xerus","rutilus","ground_squirrels",1,7,"S2","control","S2T6","salt",0,1,"2024-09-21 10:44:18","2024-09-21 10:44:18",10.7383333333333,"0:00:01",0.01666667,1,1,0,0,0,1,0,NA
"1869",1869,1869,"equus","grevyi","grevys_zebra",1,7,"S2","control","S2T6","salt",1,1,"2024-09-21 11:51:54","2024-09-21 12:19:53",11.865,"0:27:59",27.9833333333333,1,1,1,1,1,4,1,NA
"1870",1870,1870,"madoqua","guentheri","gunthers_dik_dik",1,7,"S2","control","S2T6","salt",1,1,"2024-09-21 14:54:32","2024-09-21 14:56:24",14.9088888888889,"0:01:52",1.86666666666667,1,1,1,1,1,4,1,NA
"1871",1871,1871,"madoqua","guentheri","gunthers_dik_dik",1,7,"S2","control","S2T6","salt",1,1,"2024-09-21 15:56:24","2024-09-21 15:56:25",15.94,"0:00:01",0.0166666666666667,1,1,1,0,0,2,0,NA
"1872",1872,1872,"xerus","erythropus","ground_squirrels",1,7,"S2","control","S2T6","salt",0,1,"2024-09-21 16:13:52","2024-09-21 16:13:52",16.2311111111111,"0:00:01",0.01666667,1,1,0,0,0,1,0,NA
"1873",1873,1873,"madoqua","guentheri","gunthers_dik_dik",1,7,"S2","control","S2T6","salt",1,1,"2024-09-21 16:16:38","2024-09-21 16:16:39",16.2772222222222,"0:00:01",0.0166666666666667,1,1,1,0,0,2,0,NA
"1874",1874,1874,"madoqua","guentheri","gunthers_dik_dik",1,7,"S2","control","S2T6","salt",1,1,"2024-09-21 17:05:31","2024-09-21 17:29:52",17.0919444444444,"0:24:21",24.35,1,1,0,0,0,1,0,NA
"1875",1875,1875,"madoqua","guentheri","gunthers_dik_dik",1,7,"S2","control","S2T6","salt",1,1,"2024-09-21 18:35:55","2024-09-21 18:35:56",18.5986111111111,"0:00:01",0.0166666666666667,1,1,1,0,0,2,0,NA
"1876",1876,1876,"crocuta","crocuta","spotted_hyena",1,7,"S2","control","S2T6","salt",0,1,"2024-09-21 18:57:37","2024-09-21 18:57:38",18.9602777777778,"0:00:01",0.0166666666666667,0,1,0,0,0,1,0,NA
"1877",1877,1877,"ichneumia","albicauda","white_tailed_mongoose",1,7,"S2","control","S2T6","salt",0,1,"2024-09-21 19:32:38","2024-09-21 19:32:39",19.5438888888889,"0:00:01",0.0166666666666667,0,1,1,1,0,3,0,NA
"1878",1878,1878,"lepus","lspp","hare",1,7,"S2","control","S2T6","salt",0,1,"2024-09-21 20:44:18","2024-09-21 20:44:19",20.7383333333333,"0:00:01",0.0166666666666667,0,0,1,0,0,1,0,NA
"1879",1879,1879,"lepus","lspp","hare",1,7,"S2","control","S2T6","salt",0,1,"2024-09-21 21:37:36","2024-09-21 21:37:37",21.6266666666667,"0:00:01",0.0166666666666667,0,0,0,0,0,0,0,NA
"1880",1880,1880,"lepus","lspp","hare",1,7,"S2","control","S2T6","salt",0,1,"2024-09-21 21:57:28","2024-09-21 21:57:29",21.9577777777778,"0:00:01",0.0166666666666667,0,1,1,0,0,2,0,NA
"1881",1881,1881,"madoqua","guentheri","gunthers_dik_dik",1,7,"S2","control","S2T6","salt",1,1,"2024-09-21 22:33:43","2024-09-21 22:34:57",22.5619444444444,"0:01:14",1.23333333333333,1,1,1,1,1,0,1,NA
"1882",1882,1882,"madoqua","guentheri","gunthers_dik_dik",2,7,"S2","control","S2T6","salt",1,1,"2024-09-21 22:51:37","2024-09-21 23:15:55",22.8602777777778,"0:24:18",24.3,0,1,1,0,0,2,0,NA
"1883",1883,1883,"lepus","lspp","hare",1,7,"S2","control","S2T6","salt",0,1,"2024-09-21 22:51:37","2024-09-21 23:05:52",22.8602777777778,"0:14:15",14.25,0,0,0,0,0,0,0,NA
"1884",1884,1884,"lepus","lspp","hare",1,7,"S2","control","S2T6","salt",0,1,"2024-09-21 23:43:05","2024-09-21 23:43:06",23.7180555555556,"0:00:01",0.0166666666666667,0,0,0,0,0,0,0,NA
"1885",1885,1885,"canis","mesomelas","black_backed_jackal",1,7,"S2","control","S2T6","salt",0,1,"2024-09-22 00:54:12","2024-09-22 00:54:14",0.903333333333333,"0:00:02",0.0333333333333333,0,1,0,0,0,1,0,NA
"1886",1886,1886,"crocuta","crocuta","spotted_hyena",1,7,"S2","control","S2T6","salt",0,1,"2024-09-22 00:59:07","2024-09-22 00:59:08",0.985277777777778,"0:00:01",0.0166666666666667,0,1,1,0,0,2,0,NA
"1887",1887,1887,"madoqua","guentheri","gunthers_dik_dik",2,7,"S2","control","S2T6","salt",1,1,"2024-09-22 02:33:59","2024-09-22 02:36:59",2.56638888888889,"0:03:00",3,0,1,1,0,0,2,0,NA
"1888",1888,1888,"madoqua","guentheri","gunthers_dik_dik",1,7,"S2","control","S2T6","salt",1,1,"2024-09-22 03:01:29","2024-09-22 03:01:30",3.02472222222222,"0:00:01",0.0166666666666667,0,1,0,0,0,1,0,NA
"1889",1889,1889,"madoqua","guentheri","gunthers_dik_dik",1,7,"S2","control","S2T6","salt",1,1,"2024-09-22 03:37:01","2024-09-22 03:37:02",3.61694444444444,"0:00:01",0.0166666666666667,0,1,0,0,0,1,0,NA
"1890",1890,1890,"ichneumia","albicauda","white_tailed_mongoose",1,7,"S2","control","S2T6","salt",0,1,"2024-09-22 03:48:31","2024-09-22 03:48:32",3.80861111111111,"0:00:01",0.0166666666666667,0,1,1,1,0,3,0,NA
"1891",1891,1891,"panthera","pardus","leopard",1,7,"S2","control","S2T6","salt",1,1,"2024-09-22 03:54:48","2024-09-22 03:54:49",3.91333333333333,"0:00:01",0.0166666666666667,0,1,0,0,0,1,0,NA
"1892",1892,1892,"madoqua","guentheri","gunthers_dik_dik",1,7,"S2","control","S2T6","salt",1,1,"2024-09-22 04:27:37","2024-09-22 04:37:41",4.46027777777778,"0:10:04",10.0666666666667,0,1,1,1,1,4,1,NA
"1893",1893,1893,"lepus","lspp","hare",1,7,"S2","control","S2T6","salt",0,1,"2024-09-22 04:54:19","2024-09-22 05:04:10",4.90527777777778,"0:09:51",9.85,0,1,0,0,0,1,0,NA
"1894",1894,1894,"canis","mesomelas","black_backed_jackal",1,7,"S2","control","S2T6","salt",0,1,"2024-09-22 06:22:07","2024-09-22 06:22:09",6.36861111111111,"0:00:02",0.0333333333333333,0,1,1,0,0,2,0,NA
"1895",1895,1895,"madoqua","guentheri","gunthers_dik_dik",1,7,"S2","control","S2T6","salt",1,1,"2024-09-22 09:12:26","2024-09-22 09:17:59",9.20722222222222,"0:05:33",5.55,1,1,1,1,1,4,1,NA
"1896",1896,1896,"aepyceros","melampus","impala",2,7,"S2","control","S2T6","salt",1,0,"2024-09-22 11:45:16","2024-09-22 11:45:18",11.7544444444444,"0:00:02",0.0333333333333333,1,0,0,0,0,0,0,NA
"1897",1897,1897,"canis","mesomelas","black_backed_jackal",1,7,"S2","control","S2T6","salt",0,0,"2024-09-22 19:02:59","2024-09-22 19:03:00",19.0497222222222,"0:00:01",0.0166666666666667,0,0,0,0,0,0,0,NA
"1898",1898,1898,"madoqua","guentheri","gunthers_dik_dik",1,7,"S2","control","S2T6","salt",1,0,"2024-09-22 19:21:21","2024-09-22 19:21:22",19.3558333333333,"0:00:01",0.0166666666666667,0,0,0,0,0,0,0,NA
"1899",1899,1899,"lepus","lspp","hare",1,7,"S2","control","S2T6","salt",0,0,"2024-09-22 21:00:31","2024-09-22 21:31:06",21.0086111111111,"0:30:35",30.5833333333333,0,1,0,0,0,1,0,NA
"1900",1900,1900,"crocuta","crocuta","spotted_hyena",1,7,"S2","control","S2T6","salt",0,0,"2024-09-22 22:11:39","2024-09-22 22:14:10",22.1941666666667,"0:02:31",2.51666666666667,0,1,0,0,0,1,0,NA
"1901",1901,1901,"hyaena","hyaena","striped_hyena",1,7,"S2","control","S2T6","salt",0,0,"2024-09-22 22:20:44","2024-09-22 22:20:45",22.3455555555556,"0:00:01",0.0166666666666667,0,0,0,0,0,0,0,"took the food left behind by the spotted hyena"
"1902",1902,1902,"crocuta","crocuta","spotted_hyena",1,7,"S2","control","S2T6","salt",0,0,"2024-09-22 23:38:47","2024-09-22 23:38:48",23.6463888888889,"0:00:01",0.0166666666666667,0,1,0,0,0,1,0,NA
"1903",1903,1903,"madoqua","guentheri","gunthers_dik_dik",2,7,"S2","control","S2T6","salt",1,0,"2024-09-22 23:43:44","2024-09-22 23:59:59",23.7288888888889,"0:16:15",16.25,0,1,1,0,0,2,0,NA
"1904",1904,1904,"lepus","lspp","hare",1,7,"S2","control","S2T7","egg",0,1,"2024-09-16 23:31:26","2024-09-17 00:09:02",23.5238888888889,"0:37:36",37.6,0,1,1,0,0,2,0,NA
"1905",1905,1905,"madoqua","guentheri","gunthers_dik_dik",1,7,"S2","control","S2T7","egg",0,1,"2024-09-17 12:11:21","2024-09-17 12:24:00",12.1891666666667,"0:12:39",12.65,1,1,1,0,0,2,0,NA
"1906",1906,1906,"madoqua","guentheri","gunthers_dik_dik",1,7,"S2","control","S2T7","egg",0,1,"2024-09-17 17:36:42","2024-09-17 17:37:38",17.6116666666667,"0:00:56",0.933333333333333,1,1,1,0,0,2,0,NA
"1907",1907,1907,"madoqua","guentheri","gunthers_dik_dik",1,7,"S2","control","S2T7","egg",0,1,"2024-09-18 01:21:00","2024-09-18 01:21:10",1.35,"0:00:10",0.166666666666667,0,1,1,0,0,2,0,NA
"1908",1908,1908,"lepus","lspp","hare",2,7,"S2","control","S2T7","millet",1,1,"2024-09-18 20:19:13","2024-09-18 20:30:15",20.3202777777778,"0:11:02",11.0333333333333,0,1,1,0,0,2,0,NA
"1909",1909,1909,"lepus","lspp","hare",1,7,"S2","control","S2T7","millet",1,1,"2024-09-19 02:31:39","2024-09-19 02:31:44",2.5275,"0:00:05",0.0833333333333333,0,1,1,0,0,2,0,NA
"1910",1910,1910,"tragelaphus","imberis","lesser_kudu",1,7,"S2","control","S2T7","millet",0,1,"2024-09-19 07:30:13","2024-09-19 07:30:53",7.50361111111111,"0:00:40",0.666666666666667,1,1,1,0,0,2,0,NA
"1911",1911,1911,"tragelaphus","imberis","lesser_kudu",1,7,"S2","control","S2T7","millet",0,1,"2024-09-19 09:03:22","2024-09-19 09:18:06",9.05611111111111,"0:14:44",14.7333333333333,1,1,1,0,0,2,0,NA
"1912",1912,1912,"madoqua","guentheri","gunthers_dik_dik",1,7,"S2","control","S2T7","millet",0,1,"2024-09-20 00:25:19","2024-09-20 00:25:24",0.421944444444444,"0:00:05",0.0833333333333333,0,1,1,0,0,2,0,NA
"1913",1913,1913,"tragelaphus","imberis","lesser_kudu",1,7,"S2","control","S2T7","millet",0,1,"2024-09-20 02:42:38","2024-09-20 03:11:09",2.71055555555556,"0:28:31",28.5166666666667,0,1,1,1,0,3,0,NA
"1914",1914,1914,"madoqua","guentheri","gunthers_dik_dik",1,7,"S2","control","S2T7","millet",0,1,"2024-09-20 04:13:03","2024-09-20 04:18:55",4.2175,"0:05:52",5.86666666666667,0,1,1,0,0,2,0,NA
"1915",1915,1915,"madoqua","guentheri","gunthers_dik_dik",2,7,"S2","control","S2T7","millet",0,1,"2024-09-20 06:28:44","2024-09-20 06:41:03",6.47888888888889,"0:12:19",12.3166666666667,1,1,1,0,0,2,0,NA
"1916",1916,1916,"madoqua","guentheri","gunthers_dik_dik",2,7,"S2","control","S2T7","millet",0,1,"2024-09-20 08:28:57","2024-09-20 08:32:07",8.4825,"0:03:10",3.16666666666667,1,1,1,0,0,2,0,NA
"1917",1917,1917,"madoqua","guentheri","gunthers_dik_dik",2,7,"S2","control","S2T7","millet",0,1,"2024-09-20 08:28:57","2024-09-20 08:32:07",8.4825,"0:03:10",3.16666666666667,1,1,1,0,0,2,0,NA
"1918",1918,1918,"herpestes","sanguineus","slender_mongoose",1,7,"S2","control","S2T7","salt",0,1,"2024-09-20 11:02:10","2024-09-20 11:02:12",11.0361111111111,"0:00:02",0.0333333333333333,1,1,0,0,0,1,0,NA
"1919",1919,1919,"ictonyx","striatus","zorilla",1,7,"S2","control","S2T7","salt",0,1,"2024-09-20 23:52:45","2024-09-21 00:59:35",23.8791666666667,"1:06:50",66.8333333333333,0,1,1,0,0,2,0,NA
"1920",1920,1920,"lepus","lspp","hare",1,7,"S2","control","S2T7","salt",0,1,"2024-09-21 01:28:45","2024-09-21 01:55:41",1.47916666666667,"0:26:56",26.9333333333333,0,1,0,0,0,1,0,NA
"1921",1921,1921,"hyaena","hyaena","striped_hyena",1,7,"S2","control","S2T7","salt",0,1,"2024-09-21 06:07:36","2024-09-21 06:07:38",6.12666666666667,"0:00:02",0.0333333333333333,0,1,0,0,0,1,0,NA
"1922",1922,1922,"madoqua","guentheri","gunthers_dik_dik",1,7,"S2","control","S2T7","salt",1,1,"2024-09-21 08:22:03","2024-09-21 08:24:11",8.3675,"0:02:08",2.13333333333333,1,1,1,1,1,4,1,NA
"1923",1923,1923,"madoqua","guentheri","gunthers_dik_dik",2,7,"S2","control","S2T7","salt",1,1,"2024-09-21 08:58:21","2024-09-21 09:02:34",8.9725,"0:04:13",4.21666666666667,1,1,1,1,1,4,1,NA
"1924",1924,1924,"aepyceros","melampus","impala",4,7,"S2","control","S2T7","salt",1,1,"2024-09-21 10:36:17","2024-09-21 10:38:22",10.6047222222222,"0:02:05",2.08333333333333,1,1,1,1,1,4,1,NA
"1925",1925,1925,"madoqua","guentheri","gunthers_dik_dik",1,7,"S2","control","S2T7","salt",1,1,"2024-09-21 17:19:11","2024-09-21 17:23:22",17.3197222222222,"0:04:11",4.18333333333333,1,1,1,0,0,2,0,NA
"1926",1926,1926,"ichneumia","albicauda","white_tailed_mongoose",1,7,"S2","control","S2T7","salt",0,1,"2024-09-21 22:13:42","2024-09-21 22:13:43",22.2283333333333,"0:00:01",0.0166666666666667,0,1,1,1,0,4,0,NA
"1927",1927,1927,"madoqua","guentheri","gunthers_dik_dik",1,7,"S2","control","S2T7","salt",1,1,"2024-09-22 01:44:05","2024-09-22 01:48:04",1.73472222222222,"0:03:59",3.98333333333333,0,1,1,0,0,2,0,NA
"1928",1928,1928,"madoqua","guentheri","gunthers_dik_dik",1,7,"S2","control","S2T7","salt",1,1,"2024-09-22 02:29:30","2024-09-22 02:33:59",2.49166666666667,"0:04:29",4.48333333333333,0,1,1,1,0,4,0,NA
"1929",1929,1929,"helogale","parvula","dwarf_mongoose",2,7,"S2","control","S2T7","salt",0,1,"2024-09-22 08:01:20","2024-09-22 08:02:55",8.02222222222222,"0:01:35",1.58333333333333,1,1,1,1,0,3,0,NA
"1930",1930,1930,"madoqua","guentheri","gunthers_dik_dik",2,7,"S2","control","S2T8","egg",0,1,"2024-09-16 11:12:00","2024-09-16 11:18:46",11.2,"0:06:46",6.76666666666667,1,1,1,0,0,2,0,NA
"1931",1931,1931,"xerus","rutilus","ground_squirrels",1,7,"S2","control","S2T8","egg",0,1,"2024-09-16 12:12:42","2024-09-16 12:13:39",12.2116666666667,"0:00:57",0.95,1,1,1,0,0,2,0,NA
"1932",1932,1932,"madoqua","guentheri","gunthers_dik_dik",3,7,"S2","control","S2T8","egg",0,1,"2024-09-16 15:28:44","2024-09-16 16:19:15",15.4788888888889,"0:50:31",50.5166666666667,1,1,1,0,0,2,0,NA
"1933",1933,1933,"xerus","erythropus","ground_squirrels",1,7,"S2","control","S2T8","egg",0,1,"2024-09-16 16:23:17","2024-09-16 16:30:13",16.3880555555556,"0:06:56",6.93333333333333,1,1,1,1,0,3,0,NA
"1934",1934,1934,"madoqua","guentheri","gunthers_dik_dik",3,7,"S2","control","S2T8","egg",0,1,"2024-09-16 16:37:09","2024-09-16 16:53:32",16.6191666666667,"0:16:23",16.3833333333333,1,1,1,0,0,2,0,NA
"1935",1935,1935,"madoqua","guentheri","gunthers_dik_dik",3,7,"S2","control","S2T8","egg",0,1,"2024-09-16 18:27:59","2024-09-16 18:28:55",18.4663888888889,"0:00:56",0.933333333333333,1,1,1,0,0,2,0,NA
"1936",1936,1936,"madoqua","guentheri","gunthers_dik_dik",2,7,"S2","control","S2T8","egg",0,1,"2024-09-16 22:09:08","2024-09-16 22:41:25",22.1522222222222,"0:32:17",32.2833333333333,0,1,1,0,0,2,0,NA
"1937",1937,1937,"madoqua","guentheri","gunthers_dik_dik",2,7,"S2","control","S2T8","egg",0,1,"2024-09-16 23:24:47","2024-09-16 23:52:23",23.4130555555556,"0:27:36",27.6,0,1,1,0,0,2,0,NA
"1938",1938,1938,"ictonyx","striatus","zorilla",1,7,"S2","control","S2T8","egg",1,1,"2024-09-17 01:53:32","2024-09-17 01:53:38",1.89222222222222,"0:00:06",0.1,0,1,1,0,0,2,0,NA
"1939",1939,1939,"madoqua","guentheri","gunthers_dik_dik",2,7,"S2","control","S2T8","egg",0,1,"2024-09-17 03:51:38","2024-09-17 04:01:59",3.86055555555556,"0:10:21",10.35,0,1,1,0,0,2,0,NA
"1940",1940,1940,"madoqua","guentheri","gunthers_dik_dik",2,7,"S2","control","S2T8","egg",0,1,"2024-09-17 04:50:36","2024-09-17 04:52:08",4.84333333333333,"0:01:32",1.53333333333333,0,1,1,0,0,2,0,NA
"1941",1941,1941,"madoqua","guentheri","gunthers_dik_dik",1,7,"S2","control","S2T8","egg",0,1,"2024-09-17 06:31:25","2024-09-17 06:31:37",6.52361111111111,"0:00:12",0.2,1,1,1,0,0,2,0,NA
"1942",1942,1942,"helogale","parvula","dwarf_mongoose",5,7,"S2","control","S2T8","egg",1,1,"2024-09-17 08:55:44","2024-09-17 09:39:17",8.92888888888889,"0:43:33",43.55,1,1,1,1,1,4,1,NA
"1943",1943,1943,"madoqua","guentheri","gunthers_dik_dik",3,7,"S2","control","S2T8","egg",0,1,"2024-09-17 09:35:21","2024-09-17 09:46:35",9.58916666666667,"0:11:14",11.2333333333333,1,1,1,0,0,2,0,NA
"1944",1944,1944,"madoqua","guentheri","gunthers_dik_dik",1,7,"S2","control","S2T8","egg",0,1,"2024-09-17 11:21:43","2024-09-17 11:25:54",11.3619444444444,"0:04:11",4.18333333333333,1,1,1,0,0,2,0,NA
"1945",1945,1945,"madoqua","guentheri","gunthers_dik_dik",2,7,"S2","control","S2T8","egg",0,1,"2024-09-17 18:05:53","2024-09-17 18:09:23",18.0980555555556,"0:03:30",3.5,1,1,0,0,0,1,0,NA
"1946",1946,1946,"madoqua","guentheri","gunthers_dik_dik",1,7,"S2","control","S2T8","egg",0,1,"2024-09-17 18:58:16","2024-09-17 18:58:22",18.9711111111111,"0:00:06",0.1,0,1,1,0,0,2,0,NA
"1947",1947,1947,"madoqua","guentheri","gunthers_dik_dik",1,7,"S2","control","S2T8","egg",0,1,"2024-09-18 02:27:49","2024-09-18 02:27:54",2.46361111111111,"0:00:05",0.0833333333333333,0,1,1,0,0,2,0,NA
"1948",1948,1948,"madoqua","guentheri","gunthers_dik_dik",1,7,"S2","control","S2T8","egg",0,1,"2024-09-18 04:37:10","2024-09-18 05:15:44",4.61944444444445,"0:38:34",38.5666666666667,0,1,1,0,0,2,0,NA
"1949",1949,1949,"madoqua","guentheri","gunthers_dik_dik",1,7,"S2","control","S2T8","egg",0,1,"2024-09-18 05:34:14","2024-09-18 05:47:33",5.57055555555556,"0:13:19",13.3166666666667,0,1,1,0,0,2,0,NA
"1950",1950,1950,"madoqua","guentheri","gunthers_dik_dik",1,7,"S2","control","S2T8","egg",0,1,"2024-09-18 06:44:43","2024-09-18 06:44:48",6.74527777777778,"0:00:05",0.0833333333333333,1,1,1,0,0,2,0,NA
"1951",1951,1951,"madoqua","guentheri","gunthers_dik_dik",2,7,"S2","control","S2T8","egg",0,1,"2024-09-18 07:06:37","2024-09-18 08:15:53",7.11027777777778,"1:09:16",69.2666666666667,1,1,1,0,0,2,0,NA
"1952",1952,1952,"madoqua","guentheri","gunthers_dik_dik",2,7,"S2","control","S2T8","egg",0,1,"2024-09-18 08:40:34","2024-09-18 09:28:02",8.67611111111111,"0:47:28",47.4666666666667,1,1,1,0,0,2,0,NA
"1953",1953,1953,"madoqua","guentheri","gunthers_dik_dik",2,7,"S2","control","S2T8","egg",0,1,"2024-09-18 09:44:37","2024-09-18 09:48:29",9.74361111111111,"0:03:52",3.86666666666667,1,1,1,0,0,2,0,NA
"1954",1954,1954,"madoqua","guentheri","gunthers_dik_dik",3,7,"S2","control","S2T8","egg",0,1,"2024-09-18 12:28:21","2024-09-18 12:28:29",12.4725,"0:00:08",0.133333333333333,1,1,1,0,0,2,0,NA
"1955",1955,1955,"madoqua","guentheri","gunthers_dik_dik",2,7,"S2","control","S2T8","millet",0,1,"2024-09-18 20:32:13","2024-09-18 20:32:19",20.5369444444444,"0:00:06",0.1,0,1,1,0,0,2,0,NA
"1956",1956,1956,"madoqua","guentheri","gunthers_dik_dik",1,7,"S2","control","S2T8","millet",0,1,"2024-09-18 21:18:43","2024-09-18 21:31:27",21.3119444444444,"0:12:44",12.7333333333333,0,1,1,0,0,2,0,NA
"1957",1957,1957,"madoqua","guentheri","gunthers_dik_dik",2,7,"S2","control","S2T8","millet",0,1,"2024-09-18 21:57:32","2024-09-18 21:57:37",21.9588888888889,"0:00:05",0.0833333333333333,0,1,0,0,0,1,0,NA
"1958",1958,1958,"madoqua","guentheri","gunthers_dik_dik",1,7,"S2","control","S2T8","millet",0,1,"2024-09-18 23:23:44","2024-09-18 23:58:57",23.3955555555556,"0:35:13",35.2166666666667,0,1,1,0,0,2,0,NA
"1959",1959,1959,"ichneumia","albicauda","white_tailed_mongoose",1,7,"S2","control","S2T8","millet",0,1,"2024-09-18 23:58:59","2024-09-18 23:59:34",23.9830555555556,"0:00:35",0.583333333333333,0,1,0,0,0,1,0,NA
"1960",1960,1960,"madoqua","guentheri","gunthers_dik_dik",2,7,"S2","control","S2T8","millet",0,1,"2024-09-19 00:23:18","2024-09-19 00:23:23",0.388333333333333,"0:00:05",0.0833333333333333,0,1,1,0,0,2,0,NA
"1961",1961,1961,"madoqua","guentheri","gunthers_dik_dik",1,7,"S2","control","S2T8","millet",0,1,"2024-09-19 06:11:51","2024-09-19 06:20:20",6.1975,"0:08:29",8.48333333333333,1,1,1,0,0,2,0,NA
"1962",1962,1962,"madoqua","guentheri","gunthers_dik_dik",2,7,"S2","control","S2T8","millet",0,1,"2024-09-19 12:53:29","2024-09-19 12:56:00",12.8913888888889,"0:02:31",2.51666666666667,1,1,1,0,0,2,0,NA
"1963",1963,1963,"madoqua","guentheri","gunthers_dik_dik",3,7,"S2","control","S2T8","millet",0,1,"2024-09-19 21:24:38","2024-09-19 21:24:43",21.4105555555556,"0:00:05",0.0833333333333333,0,1,1,0,0,2,0,NA
"1964",1964,1964,"madoqua","guentheri","gunthers_dik_dik",2,7,"S2","control","S2T8","millet",0,1,"2024-09-19 22:08:04","2024-09-19 22:11:41",22.1344444444444,"0:03:37",3.61666666666667,0,1,1,0,0,2,0,NA
"1965",1965,1965,"madoqua","guentheri","gunthers_dik_dik",2,7,"S2","control","S2T8","millet",0,1,"2024-09-19 23:20:14","2024-09-19 23:20:19",23.3372222222222,"0:00:05",0.0833333333333333,0,1,1,0,0,2,0,NA
"1966",1966,1966,"madoqua","guentheri","gunthers_dik_dik",3,7,"S2","control","S2T8","millet",0,1,"2024-09-20 04:22:39","2024-09-20 04:31:08",4.3775,"0:08:29",8.48333333333333,0,1,1,0,0,2,0,NA
"1967",1967,1967,"madoqua","guentheri","gunthers_dik_dik",2,7,"S2","control","S2T8","millet",0,1,"2024-09-20 06:35:33","2024-09-20 06:38:35",6.5925,"0:03:02",3.03333333333333,1,1,1,0,0,2,0,NA
"1968",1968,1968,"madoqua","guentheri","gunthers_dik_dik",2,7,"S2","control","S2T8","millet",0,1,"2024-09-20 07:17:53","2024-09-20 07:27:31",7.29805555555556,"0:09:38",9.63333333333333,1,1,1,0,0,2,0,NA
"1969",1969,1969,"madoqua","guentheri","gunthers_dik_dik",2,7,"S2","control","S2T8","millet",0,1,"2024-09-20 07:45:49","2024-09-20 08:10:42",7.76361111111111,"0:24:53",24.8833333333333,1,1,1,0,0,2,0,NA
"1970",1970,1970,"madoqua","guentheri","gunthers_dik_dik",2,7,"S2","control","S2T8","millet",0,1,"2024-09-20 09:12:51","2024-09-20 09:20:53",9.21416666666667,"0:08:02",8.03333333333333,1,1,1,0,0,2,0,NA
"1971",1971,1971,"madoqua","guentheri","gunthers_dik_dik",2,7,"S2","control","S2T8","millet",0,1,"2024-09-20 09:38:34","2024-09-20 09:52:50",9.64277777777778,"0:14:16",14.2666666666667,1,1,1,0,0,2,0,NA
"1972",1972,1972,"madoqua","guentheri","gunthers_dik_dik",2,7,"S2","control","S2T8","salt",1,1,"2024-09-20 14:55:21","2024-09-20 15:07:13",14.9225,"0:11:52",11.8666666666667,1,1,1,1,0,4,0,NA
"1973",1973,1973,"madoqua","guentheri","gunthers_dik_dik",2,7,"S2","control","S2T8","salt",1,1,"2024-09-20 15:35:15","2024-09-20 15:48:13",15.5875,"0:12:58",12.9666666666667,1,1,1,0,0,2,0,NA
"1974",1974,1974,"madoqua","guentheri","gunthers_dik_dik",3,7,"S2","control","S2T8","salt",1,1,"2024-09-20 21:02:33","2024-09-20 21:03:53",21.0425,"0:01:20",1.33333333333333,0,1,1,1,0,4,0,NA
"1975",1975,1975,"madoqua","guentheri","gunthers_dik_dik",2,7,"S2","control","S2T8","salt",1,1,"2024-09-22 09:30:07","2024-09-22 09:30:09",9.50194444444444,"0:00:02",0.0333333333333333,1,1,1,0,0,2,0,NA
"1976",1976,1976,"aepyceros","melampus","impala",3,7,"S2","control","S2T8","salt",1,1,"2024-09-22 10:31:53","2024-09-22 10:32:56",10.5313888888889,"0:01:03",1.05,1,1,1,0,0,2,0,NA
"1977",1977,1977,"canis","mesomelas","black_backed_jackal",2,7,"S2","control","S2T9","egg",1,1,"2024-09-16 10:23:04","2024-09-16 10:23:23",10.3844444444444,"0:00:19",538.3,1,1,0,0,0,1,0,NA
"1978",1978,1978,"aepyceros","melampus","impala",10,7,"S2","control","S2T9","egg",0,1,"2024-09-16 18:41:28","2024-09-16 20:57:02",18.6911111111111,"2:15:34",135.566666666667,0,1,1,1,0,3,0,NA
"1979",1979,1979,"equus","grevyi","grevys_zebra",1,7,"S2","control","S2T9","egg",0,1,"2024-09-16 18:41:50","2024-09-16 18:42:29",18.6972222222222,"0:00:39",0.65,0,1,1,0,0,2,0,NA
"1980",1980,1980,"equus","grevyi","grevys_zebra",1,7,"S2","control","S2T9","egg",0,1,"2024-09-16 19:46:56","2024-09-16 19:49:49",19.7822222222222,"0:02:53",2.88333333333333,0,1,1,0,0,2,0,NA
"1981",1981,1981,"aepyceros","melampus","impala",1,7,"S2","control","S2T9","egg",0,1,"2024-09-16 21:09:20","2024-09-16 21:11:55",21.1555555555556,"0:02:35",2.58333333333333,0,1,1,0,0,2,0,NA
"1982",1982,1982,"canis","mesomelas","black_backed_jackal",1,7,"S2","control","S2T9","egg",1,1,"2024-09-16 21:31:31","2024-09-16 21:32:32",21.5252777777778,"0:01:01",1.01666666666667,0,1,1,0,0,2,0,NA
"1983",1983,1983,"aepyceros","melampus","impala",12,7,"S2","control","S2T9","egg",0,1,"2024-09-17 06:12:59","2024-09-17 07:06:21",6.21638888888889,"0:53:22",53.3666666666667,1,1,1,0,0,2,0,NA
"1984",1984,1984,"aepyceros","melampus","impala",6,7,"S2","control","S2T9","egg",0,1,"2024-09-17 07:36:36","2024-09-17 08:53:49",7.61,"1:17:13",77.2166666666667,1,1,1,1,0,3,0,NA
"1985",1985,1985,"xerus","rutilus","ground_squirrels",1,7,"S2","control","S2T9","egg",0,1,"2024-09-17 09:55:51","2024-09-17 09:55:56",9.93083333333333,"0:00:05",0.0833333333333333,1,1,1,0,0,2,0,NA
"1986",1986,1986,"aepyceros","melampus","impala",4,7,"S2","control","S2T9","egg",0,1,"2024-09-17 13:42:11","2024-09-17 13:42:31",13.7030555555556,"0:00:20",0.333333333333333,1,0,1,0,0,1,0,NA
"1987",1987,1987,"equus","grevyi","grevys_zebra",1,7,"S2","control","S2T9","egg",0,1,"2024-09-17 21:17:43","2024-09-17 21:18:22",21.2952777777778,"0:00:39",0.65,0,1,1,0,0,2,0,NA
"1988",1988,1988,"crocuta","crocuta","spotted_hyena",1,7,"S2","control","S2T9","egg",1,1,"2024-09-17 21:40:51","2024-09-17 21:43:10",21.6808333333333,"0:02:19",2.31666666666667,0,1,1,0,0,2,0,NA
"1989",1989,1989,"equus","grevyi","grevys_zebra",1,7,"S2","control","S2T9","egg",0,1,"2024-09-18 00:39:20","2024-09-18 00:39:36",0.655555555555556,"0:00:16",0.266666666666667,0,1,1,0,0,2,0,NA
"1990",1990,1990,"aepyceros","melampus","impala",6,7,"S2","control","S2T9","millet",0,1,"2024-09-18 17:59:12","2024-09-18 18:13:29",17.9866666666667,"0:14:17",14.2833333333333,1,1,1,1,0,3,0,NA
"1991",1991,1991,"equus","grevyi","grevys_zebra",1,7,"S2","control","S2T9","millet",0,1,"2024-09-18 23:19:32","2024-09-18 23:19:43",23.3255555555556,"0:00:11",0.183333333333333,0,1,1,0,0,2,0,NA
"1992",1992,1992,"crocuta","crocuta","spotted_hyena",1,7,"S2","control","S2T9","millet",0,1,"2024-09-19 06:25:17","2024-09-19 06:25:31",6.42138888888889,"0:00:14",0.233333333333333,1,1,1,0,0,2,0,NA
"1993",1993,1993,"aepyceros","melampus","impala",8,7,"S2","control","S2T9","millet",0,1,"2024-09-19 23:58:53","2024-09-20 03:09:11",23.9813888888889,"3:10:18",190.3,0,1,1,1,0,3,0,NA
"1994",1994,1994,"aepyceros","melampus","impala",4,7,"S2","control","S2T9","millet",0,1,"2024-09-20 03:26:38","2024-09-20 03:41:05",3.44388888888889,"0:14:27",14.45,0,1,1,1,0,3,0,NA
"1995",1995,1995,"aepyceros","melampus","impala",3,7,"S2","control","S2T9","millet",0,1,"2024-09-20 04:13:10","2024-09-20 04:43:57",4.21944444444444,"0:30:47",30.7833333333333,0,1,1,1,0,3,0,NA
"1996",1996,1996,"aepyceros","melampus","impala",5,7,"S2","control","S2T9","millet",0,1,"2024-09-20 05:05:38","2024-09-20 05:15:57",5.09388888888889,"0:10:19",10.3166666666667,0,1,1,1,0,3,0,NA
"1997",1997,1997,"aepyceros","melampus","impala",1,7,"S2","control","S2T9","millet",0,1,"2024-09-20 05:43:35","2024-09-20 05:43:56",5.72638888888889,"0:00:21",0.35,0,1,1,0,0,2,0,NA
"1998",1998,1998,"aepyceros","melampus","impala",10,7,"S2","control","S2T9","millet",0,1,"2024-09-20 06:53:05","2024-09-20 07:26:30",6.88472222222222,"0:33:25",33.4166666666667,1,1,1,1,0,3,0,NA
"1999",1999,1999,"aepyceros","melampus","impala",24,7,"S2","control","S2T9","salt",1,1,"2024-09-20 16:40:23","2024-09-20 18:19:35",16.6730555555556,"1:39:12",99.2,1,1,1,1,1,4,1,NA
"2000",2000,2000,"aepyceros","melampus","impala",1,7,"S2","control","S2T9","salt",1,1,"2024-09-20 22:58:06","2024-09-20 23:01:47",22.9683333333333,"0:03:41",3.68333333333333,0,1,1,1,1,4,1,NA
"2001",2001,2001,"aepyceros","melampus","impala",1,7,"S2","control","S2T9","salt",1,1,"2024-09-20 23:32:55","2024-09-20 23:32:57",23.5486111111111,"0:00:02",0.0333333333333333,0,1,1,0,0,2,0,NA
"2002",2002,2002,"aepyceros","melampus","impala",4,7,"S2","control","S2T9","salt",1,1,"2024-09-21 04:49:00","2024-09-21 06:16:54",4.81666666666667,"1:27:54",87.9,0,1,1,1,1,4,1,NA
"2003",2003,2003,"aepyceros","melampus","impala",14,7,"S2","control","S2T9","salt",1,1,"2024-09-21 07:00:01","2024-09-21 09:20:10",7.00027777777778,"2:20:09",140.15,1,1,1,1,1,4,1,NA
"2004",2004,2004,"aepyceros","melampus","impala",8,7,"S2","control","S2T9","salt",1,1,"2024-09-21 09:40:21","2024-09-21 11:20:23",9.6725,"1:40:02",100.033333333333,1,1,1,1,1,4,1,NA
"2005",2005,2005,"aepyceros","melampus","impala",2,7,"S2","control","S2T9","salt",1,1,"2024-09-21 16:35:06","2024-09-21 16:56:35",16.585,"0:21:29",21.4833333333333,1,1,1,1,1,4,1,NA
"2006",2006,2006,"aepyceros","melampus","impala",4,7,"S2","control","S2T9","salt",1,1,"2024-09-21 17:24:13","2024-09-21 17:28:27",17.4036111111111,"0:04:14",4.23333333333333,1,1,1,1,1,4,1,NA
"2007",2007,2007,"aepyceros","melampus","impala",5,7,"S2","control","S2T9","salt",1,1,"2024-09-21 17:43:50","2024-09-21 17:44:52",17.7305555555556,"0:01:02",1.03333333333333,1,1,1,1,1,4,1,NA
"2008",2008,2008,"aepyceros","melampus","impala",4,7,"S2","control","S2T9","salt",1,1,"2024-09-22 07:05:01","2024-09-22 08:05:53",7.08361111111111,"1:00:52",60.8666666666667,1,1,1,1,1,4,1,NA
"2009",2009,2009,"aepyceros","melampus","impala",6,7,"S2","control","S2T9","salt",1,1,"2024-09-22 08:34:50","2024-09-22 09:58:51",8.58055555555556,"1:24:01",84.0166666666667,1,1,1,1,1,4,1,NA
"2010",2010,2010,"equus","grevyi","grevys_zebra",1,7,"S2","control","S2T9","salt",1,1,"2024-09-22 09:58:50","2024-09-22 10:11:54",9.98055555555556,"0:13:04",13.0666666666667,1,1,1,1,1,4,1,NA
"2011",2011,2011,"madoqua","guentheri","gunthers_dik_dik",1,7,"S2","control","S2T10","egg",0,1,"2024-09-16 16:05:37","2024-09-16 16:34:00",16.0936111111111,"0:28:23",28.3833333333333,1,1,1,0,0,2,0,NA
"2012",2012,2012,"madoqua","guentheri","gunthers_dik_dik",1,7,"S2","control","S2T10","egg",0,1,"2024-09-16 18:31:34","2024-09-16 18:31:48",18.5261111111111,"0:00:14",0.233333333333333,1,1,1,0,0,2,0,NA
"2013",2013,2013,"madoqua","guentheri","gunthers_dik_dik",1,7,"S2","control","S2T10","egg",0,1,"2024-09-16 20:57:00","2024-09-16 20:57:11",20.95,"0:00:11",0.183333333333333,0,1,1,0,0,2,0,NA
"2014",2014,2014,"madoqua","guentheri","gunthers_dik_dik",1,7,"S2","control","S2T10","egg",0,1,"2024-09-16 22:30:14","2024-09-16 22:41:25",22.5038888888889,"0:11:11",11.1833333333333,0,1,1,0,0,2,0,NA
"2015",2015,2015,"xerus","erythropus","ground_squirrels",1,7,"S2","control","S2T10","millet",1,1,"2024-09-18 15:03:20","2024-09-18 15:05:36",15.0555555555556,"0:02:16",2.26666666666667,1,1,1,0,0,2,0,NA
"2016",2016,2016,"madoqua","guentheri","gunthers_dik_dik",2,7,"S2","control","S2T10","millet",0,1,"2024-09-18 16:07:04","2024-09-18 16:12:01",16.1177777777778,"0:04:57",4.95,1,1,1,0,0,2,0,NA
"2017",2017,2017,"xerus","erythropus","ground_squirrels",1,7,"S2","control","S2T10","millet",1,1,"2024-09-18 16:12:26","2024-09-18 16:21:50",16.2072222222222,"0:09:24",9.4,1,1,1,0,0,2,0,NA
"2018",2018,2018,"madoqua","guentheri","gunthers_dik_dik",1,7,"S2","control","S2T10","millet",0,1,"2024-09-18 18:34:50","2024-09-18 18:35:03",18.5805555555556,"0:00:13",0.216666666666667,1,1,1,0,0,2,0,NA
"2019",2019,2019,"ichneumia","albicauda","white_tailed_mongoose",1,7,"S2","control","S2T10","millet",0,1,"2024-09-18 22:25:48","2024-09-18 22:26:07",22.43,"0:00:19",0.316666666666667,0,1,1,0,0,2,0,NA
"2020",2020,2020,"lepus","lspp","hare",1,7,"S2","control","S2T10","millet",1,1,"2024-09-18 22:56:56","2024-09-18 23:10:16",22.9488888888889,"0:13:20",13.3333333333333,0,1,1,0,0,2,0,NA
"2021",2021,2021,"madoqua","guentheri","gunthers_dik_dik",1,7,"S2","control","S2T10","millet",0,1,"2024-09-18 23:25:30","2024-09-18 23:25:49",23.425,"0:00:19",0.316666666666667,0,1,1,0,0,2,0,NA
"2022",2022,2022,"madoqua","guentheri","gunthers_dik_dik",1,7,"S2","control","S2T10","millet",0,1,"2024-09-19 03:26:01","2024-09-19 03:29:08",3.43361111111111,"0:03:07",3.11666666666667,0,1,1,0,0,2,0,NA
"2023",2023,2023,"madoqua","guentheri","gunthers_dik_dik",1,7,"S2","control","S2T10","millet",0,1,"2024-09-19 07:42:53","2024-09-19 07:43:59",7.71472222222222,"0:01:06",1.1,1,1,1,0,0,2,0,NA
"2024",2024,2024,"xerus","erythropus","ground_squirrels",1,7,"S2","control","S2T10","millet",1,1,"2024-09-19 13:47:20","2024-09-19 13:57:01",13.7888888888889,"0:09:41",9.68333333333333,1,1,1,1,1,4,1,NA
"2025",2025,2025,"xerus","erythropus","ground_squirrels",1,7,"S2","control","S2T10","millet",1,1,"2024-09-19 14:13:46","2024-09-19 14:25:34",14.2294444444444,"0:11:48",11.8,1,1,1,1,1,4,1,NA
"2026",2026,2026,"xerus","erythropus","ground_squirrels",1,7,"S2","control","S2T10","millet",1,1,"2024-09-19 14:45:10","2024-09-19 14:55:57",14.7527777777778,"0:10:47",10.7833333333333,1,1,1,1,1,4,1,NA
"2027",2027,2027,"xerus","erythropus","ground_squirrels",1,7,"S2","control","S2T10","millet",1,1,"2024-09-19 16:19:48","2024-09-19 16:21:31",16.33,"0:01:43",1.71666666666667,1,1,1,0,0,2,0,NA
"2028",2028,2028,"madoqua","guentheri","gunthers_dik_dik",1,7,"S2","control","S2T10","millet",0,1,"2024-09-19 21:36:22","2024-09-19 21:36:36",21.6061111111111,"0:00:14",0.233333333333333,0,1,1,0,0,2,0,NA
"2029",2029,2029,"xerus","erythropus","ground_squirrels",1,7,"S2","control","S2T10","salt",0,1,"2024-09-20 12:05:31","2024-09-20 12:07:45",12.0919444444444,"0:02:14",2.23333333333333,1,1,1,1,0,3,0,NA
"2030",2030,2030,"xerus","erythropus","ground_squirrels",1,7,"S2","control","S2T10","salt",0,1,"2024-09-20 15:59:26","2024-09-20 15:59:27",15.9905555555556,"0:00:01",0.0166666666666667,1,1,1,0,0,2,0,NA
"2031",2031,2031,"madoqua","guentheri","gunthers_dik_dik",1,7,"S2","control","S2T10","salt",1,1,"2024-09-20 16:45:23","2024-09-20 16:47:03",16.7563888888889,"0:01:40",1.66666666666667,1,1,1,0,0,2,0,NA
"2032",2032,2032,"ichneumia","albicauda","white_tailed_mongoose",1,7,"S2","control","S2T10","salt",0,1,"2024-09-20 21:07:28","2024-09-20 21:07:29",21.1244444444444,"0:00:01",0.0166666666666667,0,1,1,1,0,3,0,NA
"2033",2033,2033,"hyaena","hyaena","striped_hyena",1,7,"S2","control","S2T10","salt",0,1,"2024-09-20 22:32:28","2024-09-20 22:32:29",22.5411111111111,"0:00:01",0.0166666666666667,0,1,1,1,0,3,0,NA
"2034",2034,2034,"madoqua","guentheri","gunthers_dik_dik",1,7,"S2","control","S2T10","salt",1,1,"2024-09-21 00:57:18","2024-09-21 01:13:57",0.955,"0:16:39",16.65,0,1,1,0,0,2,0,NA
"2035",2035,2035,"madoqua","guentheri","gunthers_dik_dik",1,7,"S2","control","S2T10","salt",1,1,"2024-09-21 03:44:23","2024-09-21 04:05:10",3.73972222222222,"0:20:47",20.7833333333333,0,1,1,0,0,2,0,NA
"2036",2036,2036,"madoqua","guentheri","gunthers_dik_dik",2,7,"S2","control","S2T10","salt",1,1,"2024-09-21 09:50:13","2024-09-21 10:00:46",9.83694444444444,"0:10:33",10.55,0,1,1,0,0,2,0,NA
"2037",2037,2037,"madoqua","guentheri","gunthers_dik_dik",2,7,"S2","control","S2T10","salt",1,1,"2024-09-21 18:33:16","2024-09-21 18:35:32",18.5544444444444,"0:02:16",2.26666666666667,1,1,1,0,0,2,0,NA
"2038",2038,2038,"madoqua","guentheri","gunthers_dik_dik",1,7,"S2","control","S2T10","salt",1,1,"2024-09-21 18:43:47","2024-09-21 18:46:05",18.7297222222222,"0:02:18",2.3,0,1,1,1,1,4,1,NA
"2039",2039,2039,"lepus","lspp","hare",1,7,"S2","control","S2T10","salt",0,1,"2024-09-21 20:20:15","2024-09-21 20:20:16",20.3375,"0:00:01",0.0166666666666667,0,1,1,0,0,2,0,NA
"2040",2040,2040,"madoqua","guentheri","gunthers_dik_dik",1,7,"S2","control","S2T10","salt",1,1,"2024-09-21 21:00:27","2024-09-21 21:03:13",21.0075,"0:02:46",2.76666666666667,0,1,1,1,0,3,0,NA
"2041",2041,2041,"madoqua","guentheri","gunthers_dik_dik",1,7,"S2","control","S2T10","salt",1,1,"2024-09-21 22:01:10","2024-09-21 22:16:07",22.0194444444444,"0:14:57",14.95,0,1,1,0,0,2,0,NA
"2042",2042,2042,"madoqua","guentheri","gunthers_dik_dik",1,7,"S2","control","S2T10","salt",1,1,"2024-09-21 23:56:39","2024-09-22 00:00:11",23.9441666666667,"0:03:32",3.53333333333333,0,1,1,0,0,2,0,NA
"2043",2043,2043,"madoqua","guentheri","gunthers_dik_dik",1,7,"S2","control","S2T10","salt",1,1,"2024-09-22 06:49:16","2024-09-22 06:50:36",6.82111111111111,"0:01:20",1.33333333333333,1,1,1,0,0,2,0,NA
"2044",2044,2044,"madoqua","guentheri","gunthers_dik_dik",2,7,"S2","control","S2T11","egg",0,1,"2024-09-16 15:02:36","2024-09-16 15:23:36",15.0433333333333,"0:21:00",21,1,1,1,0,0,2,0,NA
"2045",2045,2045,"madoqua","guentheri","gunthers_dik_dik",1,7,"S2","control","S2T11","egg",0,1,"2024-09-16 15:57:16","2024-09-16 16:05:29",15.9544444444444,"0:08:13",8.21666666666667,1,1,1,0,0,2,0,NA
"2046",2046,2046,"madoqua","guentheri","gunthers_dik_dik",2,7,"S2","control","S2T11","egg",0,1,"2024-09-16 16:25:47","2024-09-16 16:26:48",16.4297222222222,"0:01:01",1.01666666666667,1,1,1,0,0,2,0,NA
"2047",2047,2047,"madoqua","guentheri","gunthers_dik_dik",2,7,"S2","control","S2T11","egg",0,1,"2024-09-16 17:18:53","2024-09-16 17:54:41",17.3147222222222,"0:35:48",35.8,1,1,1,0,0,2,0,NA
"2048",2048,2048,"madoqua","guentheri","gunthers_dik_dik",2,7,"S2","control","S2T11","egg",0,1,"2024-09-16 18:15:05","2024-09-16 18:19:41",18.2513888888889,"0:04:36",4.6,1,1,1,0,0,2,0,NA
"2049",2049,2049,"crocuta","crocuta","spotted_hyena",1,7,"S2","control","S2T11","egg",1,1,"2024-09-16 19:27:55","2024-09-16 19:28:06",19.4652777777778,"0:00:11",0.183333333333333,0,1,1,1,0,4,0,NA
"2050",2050,2050,"crocuta","crocuta","spotted_hyena",1,7,"S2","control","S2T11","egg",1,1,"2024-09-16 20:53:39","2024-09-16 20:54:04",20.8941666666667,"0:00:25",0.416666666666667,0,1,1,0,0,2,0,NA
"2051",2051,2051,"madoqua","guentheri","gunthers_dik_dik",3,7,"S2","control","S2T11","egg",0,1,"2024-09-16 21:14:34","2024-09-16 21:29:13",21.2427777777778,"0:14:39",14.65,0,1,1,0,0,2,0,NA
"2052",2052,2052,"madoqua","guentheri","gunthers_dik_dik",4,7,"S2","control","S2T11","egg",0,1,"2024-09-16 21:49:45","2024-09-16 22:14:45",21.8291666666667,"0:25:00",25,0,1,1,0,0,2,0,NA
"2053",2053,2053,"ichneumia","albicauda","white_tailed_mongoose",1,7,"S2","control","S2T11","egg",1,1,"2024-09-16 22:56:34","2024-09-16 23:01:55",22.9427777777778,"0:05:21",5.35,0,1,1,1,0,4,0,NA
"2054",2054,2054,"ichneumia","albicauda","white_tailed_mongoose",1,7,"S2","control","S2T11","egg",1,1,"2024-09-16 23:33:08","2024-09-16 23:33:47",23.5522222222222,"0:00:39",0.65,0,1,1,1,0,4,0,NA
"2055",2055,2055,"crocuta","crocuta","spotted_hyena",1,7,"S2","control","S2T11","egg",1,1,"2024-09-17 06:39:03","2024-09-17 06:39:19",6.65083333333333,"0:00:16",0.266666666666667,1,1,1,0,0,2,0,NA
"2056",2056,2056,"madoqua","guentheri","gunthers_dik_dik",1,7,"S2","control","S2T11","egg",0,1,"2024-09-17 09:25:49","2024-09-17 09:37:41",9.43027777777778,"0:11:52",11.8666666666667,1,1,1,0,0,2,0,NA
"2057",2057,2057,"madoqua","guentheri","gunthers_dik_dik",1,7,"S2","control","S2T11","egg",0,1,"2024-09-17 14:09:22","2024-09-17 14:09:28",14.1561111111111,"0:00:06",0.1,1,1,1,0,0,2,0,NA
"2058",2058,2058,"aepyceros","melampus","impala",6,7,"S2","control","S2T11","egg",0,1,"2024-09-17 18:05:42","2024-09-17 21:02:42",18.095,"2:57:00",177,0,1,1,1,0,3,0,NA
"2059",2059,2059,"madoqua","guentheri","gunthers_dik_dik",2,7,"S2","control","S2T11","egg",0,1,"2024-09-17 21:03:29","2024-09-17 21:33:06",21.0580555555556,"0:29:37",29.6166666666667,0,1,1,0,0,2,0,NA
"2060",2060,2060,"madoqua","guentheri","gunthers_dik_dik",2,7,"S2","control","S2T11","egg",0,1,"2024-09-17 21:56:27","2024-09-17 22:05:54",21.9408333333333,"0:09:27",9.45,0,1,1,0,0,2,0,NA
"2061",2061,2061,"madoqua","guentheri","gunthers_dik_dik",2,7,"S2","control","S2T11","egg",0,1,"2024-09-17 22:25:13","2024-09-17 22:25:57",22.4202777777778,"0:00:44",0.733333333333333,0,1,1,0,0,2,0,NA
"2062",2062,2062,"madoqua","guentheri","gunthers_dik_dik",1,7,"S2","control","S2T11","egg",0,1,"2024-09-17 22:50:59","2024-09-17 23:19:13",22.8497222222222,"0:28:14",28.2333333333333,0,1,1,0,0,2,0,NA
"2063",2063,2063,"aepyceros","melampus","impala",4,7,"S2","control","S2T11","egg",0,1,"2024-09-18 01:58:55","2024-09-18 02:58:29",1.98194444444444,"0:59:34",59.5666666666667,0,1,1,1,0,3,0,NA
"2064",2064,2064,"aepyceros","melampus","impala",1,7,"S2","control","S2T11","egg",0,1,"2024-09-18 03:17:45","2024-09-18 03:18:34",3.29583333333333,"0:00:49",0.816666666666667,0,1,1,0,0,2,0,NA
"2065",2065,2065,"aepyceros","melampus","impala",1,7,"S2","control","S2T11","egg",0,1,"2024-09-18 04:29:38","2024-09-18 04:31:27",4.49388888888889,"0:01:49",1.81666666666667,0,1,1,0,0,2,0,NA
"2066",2066,2066,"aepyceros","melampus","impala",1,7,"S2","control","S2T11","egg",0,1,"2024-09-18 05:39:57","2024-09-18 06:04:12",5.66583333333333,"0:24:15",24.25,0,1,1,1,0,3,0,NA
"2067",2067,2067,"madoqua","guentheri","gunthers_dik_dik",1,7,"S2","control","S2T11","egg",0,1,"2024-09-18 07:34:47","2024-09-18 07:35:06",7.57972222222222,"0:00:19",0.316666666666667,1,1,1,0,0,2,0,NA
"2068",2068,2068,"aepyceros","melampus","impala",5,7,"S2","control","S2T11","millet",0,1,"2024-09-18 11:13:09","2024-09-18 13:07:35",11.2191666666667,"1:54:26",114.433333333333,1,1,1,0,0,2,0,NA
"2069",2069,2069,"aepyceros","melampus","impala",4,7,"S2","control","S2T11","millet",0,1,"2024-09-18 11:13:09","2024-09-18 13:07:35",11.2191666666667,"1:54:26",114.433333333333,1,1,1,0,0,2,0,NA
"2070",2070,2070,"madoqua","guentheri","gunthers_dik_dik",1,7,"S2","control","S2T11","millet",0,1,"2024-09-18 13:28:47","2024-09-18 13:29:01",13.4797222222222,"0:00:14",0.233333333333333,1,1,1,0,0,2,0,NA
"2071",2071,2071,"madoqua","guentheri","gunthers_dik_dik",1,7,"S2","control","S2T11","millet",0,1,"2024-09-18 14:36:05","2024-09-18 14:38:34",14.6013888888889,"0:02:29",2.48333333333333,1,1,1,0,0,2,0,NA
"2072",2072,2072,"aepyceros","melampus","impala",1,7,"S2","control","S2T11","millet",0,1,"2024-09-18 14:38:47","2024-09-18 14:41:56",14.6463888888889,"0:03:09",3.15,1,1,1,0,0,2,0,NA
"2073",2073,2073,"madoqua","guentheri","gunthers_dik_dik",3,7,"S2","control","S2T11","millet",0,1,"2024-09-18 17:09:50","2024-09-18 17:19:38",17.1638888888889,"0:09:48",9.8,1,1,1,0,0,2,0,NA
"2074",2074,2074,"aepyceros","melampus","impala",4,7,"S2","control","S2T11","millet",0,1,"2024-09-18 17:30:55","2024-09-18 17:32:59",17.5152777777778,"0:02:04",2.06666666666667,1,1,1,0,0,2,0,NA
"2075",2075,2075,"madoqua","guentheri","gunthers_dik_dik",2,7,"S2","control","S2T11","millet",0,1,"2024-09-18 18:29:36","2024-09-18 18:30:43",18.4933333333333,"0:01:07",1.11666666666667,1,1,1,0,0,2,0,NA
"2076",2076,2076,"madoqua","guentheri","gunthers_dik_dik",3,7,"S2","control","S2T11","millet",0,1,"2024-09-18 22:37:12","2024-09-18 22:43:58",22.62,"0:06:46",6.76666666666667,0,1,1,0,0,2,0,NA
"2077",2077,2077,"madoqua","guentheri","gunthers_dik_dik",2,7,"S2","control","S2T11","millet",0,1,"2024-09-18 23:06:26","2024-09-18 23:11:06",23.1072222222222,"0:04:40",4.66666666666667,0,1,1,0,0,2,0,NA
"2078",2078,2078,"ichneumia","albicauda","white_tailed_mongoose",1,7,"S2","control","S2T11","millet",0,1,"2024-09-18 23:19:40","2024-09-18 23:20:09",23.3277777777778,"0:00:29",0.483333333333333,0,1,1,0,0,2,0,NA
"2079",2079,2079,"madoqua","guentheri","gunthers_dik_dik",3,7,"S2","control","S2T11","millet",0,1,"2024-09-19 00:02:39","2024-09-19 00:09:12",0.0441666666666667,"0:06:33",6.55,0,1,1,0,0,2,0,NA
"2080",2080,2080,"ichneumia","albicauda","white_tailed_mongoose",1,7,"S2","control","S2T11","millet",0,1,"2024-09-19 02:09:55","2024-09-19 02:11:25",2.16527777777778,"0:01:30",1.5,0,1,1,0,0,2,0,NA
"2081",2081,2081,"madoqua","guentheri","gunthers_dik_dik",1,7,"S2","control","S2T11","millet",0,1,"2024-09-19 03:28:53","2024-09-19 03:34:59",3.48138888888889,"0:06:06",6.1,0,1,1,0,0,2,0,NA
"2082",2082,2082,"phacochoerus","africanus","common_warthog",1,7,"S2","control","S2T11","millet",0,1,"2024-09-19 08:04:52","2024-09-19 08:04:57",8.08111111111111,"0:00:05",0.0833333333333333,1,1,1,0,0,2,0,NA
"2083",2083,2083,"aepyceros","melampus","impala",1,7,"S2","control","S2T11","millet",0,1,"2024-09-19 08:48:39","2024-09-19 08:51:46",8.81083333333333,"0:03:07",3.11666666666667,1,1,1,0,0,2,0,NA
"2084",2084,2084,"tragelaphus","imberis","lesser_kudu",1,7,"S2","control","S2T11","millet",0,1,"2024-09-19 10:19:12","2024-09-19 10:20:07",10.32,"0:00:55",0.916666666666667,1,1,1,1,0,3,0,NA
"2085",2085,2085,"xerus","rutilus","ground_squirrels",1,7,"S2","control","S2T11","millet",1,1,"2024-09-19 11:04:57","2024-09-19 11:10:58",11.0825,"0:06:01",6.01666666666667,1,1,1,1,0,3,0,NA
"2086",2086,2086,"xerus","rutilus","ground_squirrels",1,7,"S2","control","S2T11","millet",1,1,"2024-09-19 11:32:42","2024-09-19 11:38:40",11.545,"0:05:58",5.96666666666667,1,1,1,1,0,3,0,NA
"2087",2087,2087,"aepyceros","melampus","impala",1,7,"S2","control","S2T11","millet",0,1,"2024-09-19 11:58:10","2024-09-19 12:00:03",11.9694444444444,"0:01:53",1.88333333333333,1,1,1,0,0,2,0,NA
"2088",2088,2088,"aepyceros","melampus","impala",7,7,"S2","control","S2T11","millet",0,1,"2024-09-19 12:15:33","2024-09-19 12:37:41",12.2591666666667,"0:22:08",22.1333333333333,1,1,1,0,0,2,0,NA
"2089",2089,2089,"madoqua","guentheri","gunthers_dik_dik",3,7,"S2","control","S2T11","millet",0,1,"2024-09-19 18:06:29","2024-09-19 18:10:56",18.1080555555556,"0:04:27",4.45,1,1,1,0,0,2,0,NA
"2090",2090,2090,"madoqua","guentheri","gunthers_dik_dik",3,7,"S2","control","S2T11","millet",0,1,"2024-09-19 21:10:48","2024-09-19 21:18:23",21.18,"0:07:35",7.58333333333333,0,1,1,0,0,2,0,NA
"2091",2091,2091,"madoqua","guentheri","gunthers_dik_dik",2,7,"S2","control","S2T11","millet",0,1,"2024-09-19 21:41:28","2024-09-19 21:43:14",21.6911111111111,"0:01:46",1.76666666666667,0,1,1,0,0,2,0,NA
"2092",2092,2092,"madoqua","guentheri","gunthers_dik_dik",3,7,"S2","control","S2T11","millet",0,1,"2024-09-19 22:07:23","2024-09-19 22:14:07",22.1230555555556,"0:06:44",6.73333333333333,0,1,1,0,0,2,0,NA
"2093",2093,2093,"ichneumia","albicauda","white_tailed_mongoose",1,7,"S2","control","S2T11","millet",0,1,"2024-09-20 00:48:45","2024-09-20 00:49:17",0.8125,"0:00:32",0.533333333333333,0,1,1,0,0,2,0,NA
"2094",2094,2094,"madoqua","guentheri","gunthers_dik_dik",1,7,"S2","control","S2T11","millet",0,1,"2024-09-20 05:54:14","2024-09-20 05:55:28",5.90388888888889,"0:01:14",1.23333333333333,0,1,1,0,0,2,0,NA
"2095",2095,2095,"madoqua","guentheri","gunthers_dik_dik",3,7,"S2","control","S2T11","salt",1,1,"2024-09-20 17:05:10","2024-09-20 17:25:29",17.0861111111111,"0:20:19",20.3166666666667,1,1,1,0,0,2,0,NA
"2096",2096,2096,"madoqua","guentheri","gunthers_dik_dik",3,7,"S2","control","S2T11","salt",1,1,"2024-09-20 17:54:49","2024-09-20 18:27:15",17.9136111111111,"0:32:26",32.4333333333333,1,1,1,0,0,2,0,NA
"2097",2097,2097,"madoqua","guentheri","gunthers_dik_dik",3,7,"S2","control","S2T11","salt",1,1,"2024-09-20 20:38:59","2024-09-20 22:51:15",20.6497222222222,"2:12:16",132.266666666667,0,1,1,1,1,4,1,NA
"2098",2098,2098,"aepyceros","melampus","impala",3,7,"S2","control","S2T11","salt",1,1,"2024-09-20 22:52:32","2024-09-21 00:04:14",22.8755555555556,"1:11:42",71.7,0,1,1,1,1,4,1,NA
"2099",2099,2099,"ichneumia","albicauda","white_tailed_mongoose",1,7,"S2","control","S2T11","salt",0,1,"2024-09-20 23:55:24","2024-09-20 23:57:11",23.9233333333333,"0:01:47",1.78333333333333,0,1,1,0,0,2,0,NA
"2100",2100,2100,"aepyceros","melampus","impala",8,7,"S2","control","S2T11","salt",1,1,"2024-09-21 00:24:51","2024-09-21 02:16:01",0.414166666666667,"1:51:10",111.166666666667,0,1,1,1,1,4,1,NA
"2101",2101,2101,"madoqua","guentheri","gunthers_dik_dik",1,7,"S2","control","S2T11","salt",1,1,"2024-09-21 02:03:19","2024-09-21 02:04:22",2.05527777777778,"0:01:03",1.05,0,1,1,0,0,2,0,NA
"2102",2102,2102,"aepyceros","melampus","impala",6,7,"S2","control","S2T11","salt",1,1,"2024-09-21 02:38:34","2024-09-21 03:46:14",2.64277777777778,"1:07:40",67.6666666666667,0,1,1,1,1,4,1,NA
"2103",2103,2103,"aepyceros","melampus","impala",5,7,"S2","control","S2T11","salt",1,1,"2024-09-21 04:38:02","2024-09-21 05:40:02",4.63388888888889,"1:02:00",62,0,1,1,1,1,4,1,NA
"2104",2104,2104,"aepyceros","melampus","impala",7,7,"S2","control","S2T11","salt",1,1,"2024-09-21 06:01:32","2024-09-21 06:39:37",6.02555555555556,"0:38:05",38.0833333333333,0,1,1,1,1,4,1,NA
"2105",2105,2105,"madoqua","guentheri","gunthers_dik_dik",2,7,"S2","control","S2T11","salt",1,1,"2024-09-21 06:42:59","2024-09-21 07:09:11",6.71638888888889,"0:26:12",26.2,1,1,1,1,0,4,0,NA
"2106",2106,2106,"madoqua","guentheri","gunthers_dik_dik",2,7,"S2","control","S2T11","salt",1,1,"2024-09-21 10:28:20","2024-09-21 10:36:52",10.4722222222222,"0:08:32",8.53333333333333,1,1,1,1,0,4,0,NA
"2107",2107,2107,"aepyceros","melampus","impala",8,7,"S2","control","S2T11","salt",1,1,"2024-09-21 10:42:51","2024-09-21 12:12:55",10.7141666666667,"1:30:04",90.0666666666667,1,1,1,1,1,4,1,NA
"2108",2108,2108,"madoqua","guentheri","gunthers_dik_dik",2,7,"S2","control","S2T11","salt",1,0,"2024-09-21 15:16:39","2024-09-21 15:25:44",15.2775,"0:09:05",9.08333333333333,1,1,1,0,0,2,0,NA
"2109",2109,2109,"madoqua","guentheri","gunthers_dik_dik",2,7,"S2","control","S2T11","salt",1,0,"2024-09-21 16:52:41","2024-09-21 16:54:50",16.8780555555556,"0:02:09",2.15,1,1,1,0,0,2,0,NA
"2110",2110,2110,"aepyceros","melampus","impala",5,7,"S2","control","S2T11","salt",1,0,"2024-09-21 17:34:08","2024-09-21 17:49:24",17.5688888888889,"0:15:16",15.2666666666667,1,1,1,1,0,4,0,NA
"2111",2111,2111,"madoqua","guentheri","gunthers_dik_dik",3,7,"S2","control","S2T11","salt",1,0,"2024-09-21 18:35:49","2024-09-21 19:07:25",18.5969444444444,"0:31:36",31.6,1,1,1,1,0,4,0,NA
"2112",2112,2112,"madoqua","guentheri","gunthers_dik_dik",2,7,"S2","control","S2T11","salt",1,0,"2024-09-21 22:08:52","2024-09-21 22:26:33",22.1477777777778,"0:17:41",17.6833333333333,0,1,1,1,0,4,0,NA
"2113",2113,2113,"madoqua","guentheri","gunthers_dik_dik",2,7,"S2","control","S2T11","salt",1,0,"2024-09-21 22:43:34","2024-09-21 22:47:13",22.7261111111111,"0:03:39",3.65,0,1,1,1,0,4,0,NA
"2114",2114,2114,"canis","mesomelas","black_backed_jackal",1,7,"S2","control","S2T11","salt",0,0,"2024-09-22 00:25:17","2024-09-22 00:25:18",0.421388888888889,"0:00:01",0.0166666666666667,0,1,1,0,0,2,0,NA
"2115",2115,2115,"madoqua","guentheri","gunthers_dik_dik",2,7,"S2","control","S2T11","salt",1,0,"2024-09-22 01:28:51","2024-09-22 01:39:49",1.48083333333333,"0:10:58",10.9666666666667,0,1,1,0,0,2,0,NA
"2116",2116,2116,"ichneumia","albicauda","white_tailed_mongoose",1,7,"S2","control","S2T11","salt",0,0,"2024-09-22 03:11:23","2024-09-22 03:11:24",3.18972222222222,"0:00:01",0.0166666666666667,0,1,1,0,0,2,0,NA
"2117",2117,2117,"madoqua","guentheri","gunthers_dik_dik",2,7,"S2","control","S2T11","salt",1,0,"2024-09-22 03:34:50","2024-09-22 04:06:13",3.58055555555556,"0:31:23",31.3833333333333,0,1,1,0,0,2,0,NA
"2118",2118,2118,"aepyceros","melampus","impala",5,7,"S2","control","S2T11","salt",1,0,"2024-09-22 09:00:26","2024-09-22 10:08:06",9.00722222222222,"1:07:40",67.6666666666667,1,1,1,1,0,4,0,NA
"2119",2119,2119,"madoqua","guentheri","gunthers_dik_dik",1,7,"S2","control","S2T12","egg",0,1,"2024-09-16 10:23:04","2024-09-16 10:40:29",10.3844444444444,"0:17:25",17.4166666666667,1,1,1,0,0,2,0,NA
"2120",2120,2120,"equus","grevyi","grevys_zebra",1,7,"S2","control","S2T12","egg",0,1,"2024-09-16 12:10:36","2024-09-16 12:10:46",12.1766666666667,"0:00:10",0.166666666666667,1,1,1,0,0,2,0,NA
"2121",2121,2121,"equus","grevyi","grevys_zebra",1,7,"S2","control","S2T12","egg",0,1,"2024-09-16 16:31:44","2024-09-16 16:32:45",16.5288888888889,"0:01:01",1.01666666666667,1,1,1,0,0,2,0,NA
"2122",2122,2122,"aepyceros","melampus","impala",10,7,"S2","control","S2T12","egg",0,1,"2024-09-16 17:17:03","2024-09-16 18:11:57",17.2841666666667,"0:54:54",54.9,1,1,1,1,0,3,0,NA
"2123",2123,2123,"madoqua","guentheri","gunthers_dik_dik",3,7,"S2","control","S2T12","egg",0,1,"2024-09-16 20:23:47","2024-09-16 20:36:03",20.3963888888889,"0:12:16",12.2666666666667,0,1,1,0,0,2,0,NA
"2124",2124,2124,"madoqua","guentheri","gunthers_dik_dik",3,7,"S2","control","S2T12","egg",0,1,"2024-09-16 20:54:16","2024-09-16 21:03:27",20.9044444444444,"0:09:11",9.18333333333333,0,1,1,0,0,2,0,NA
"2125",2125,2125,"madoqua","guentheri","gunthers_dik_dik",3,7,"S2","control","S2T12","egg",0,1,"2024-09-16 21:51:14","2024-09-16 22:08:04",21.8538888888889,"0:16:50",16.8333333333333,0,1,1,0,0,2,0,NA
"2126",2126,2126,"madoqua","guentheri","gunthers_dik_dik",2,7,"S2","control","S2T12","egg",0,1,"2024-09-17 00:41:50","2024-09-17 00:42:39",0.697222222222222,"0:00:49",0.816666666666667,0,1,1,0,0,2,0,NA
"2127",2127,2127,"lepus","lspp","hare",1,7,"S2","control","S2T12","egg",0,1,"2024-09-17 00:48:22","2024-09-17 01:15:21",0.806111111111111,"0:26:59",26.9833333333333,0,1,1,0,0,2,0,NA
"2128",2128,2128,"madoqua","guentheri","gunthers_dik_dik",1,7,"S2","control","S2T12","egg",0,1,"2024-09-17 00:52:37","2024-09-17 00:53:04",0.876944444444445,"0:00:27",0.45,0,1,1,0,0,2,0,NA
"2129",2129,2129,"madoqua","guentheri","gunthers_dik_dik",2,7,"S2","control","S2T12","egg",0,1,"2024-09-17 01:20:30","2024-09-17 01:32:18",1.34166666666667,"0:11:48",11.8,0,1,1,0,0,2,0,NA
"2130",2130,2130,"madoqua","guentheri","gunthers_dik_dik",1,7,"S2","control","S2T12","egg",0,1,"2024-09-17 02:04:29","2024-09-17 02:05:10",2.07472222222222,"0:00:41",0.683333333333333,0,1,1,0,0,2,0,NA
"2131",2131,2131,"madoqua","guentheri","gunthers_dik_dik",1,7,"S2","control","S2T12","egg",0,1,"2024-09-17 03:15:35","2024-09-17 03:18:03",3.25972222222222,"0:02:28",2.46666666666667,0,1,1,0,0,2,0,NA
"2132",2132,2132,"madoqua","guentheri","gunthers_dik_dik",3,7,"S2","control","S2T12","egg",0,1,"2024-09-17 03:56:40","2024-09-17 03:57:33",3.94444444444444,"0:00:53",0.883333333333333,0,1,1,0,0,2,0,NA
"2133",2133,2133,"lepus","lspp","hare",1,7,"S2","control","S2T12","egg",0,1,"2024-09-17 04:00:29","2024-09-17 04:05:09",4.00805555555556,"0:04:40",4.66666666666667,0,1,1,0,0,2,0,NA
"2134",2134,2134,"madoqua","guentheri","gunthers_dik_dik",1,7,"S2","control","S2T12","egg",0,1,"2024-09-17 04:55:04","2024-09-17 04:57:28",4.91777777777778,"0:02:24",2.4,0,1,1,0,0,2,0,NA
"2135",2135,2135,"madoqua","guentheri","gunthers_dik_dik",1,7,"S2","control","S2T12","egg",0,1,"2024-09-17 12:27:01","2024-09-17 12:27:32",12.4502777777778,"0:00:31",0.516666666666667,1,1,1,0,0,2,0,NA
"2136",2136,2136,"madoqua","guentheri","gunthers_dik_dik",2,7,"S2","control","S2T12","egg",0,1,"2024-09-17 16:07:10","2024-09-17 16:07:47",16.1194444444444,"0:00:37",0.616666666666667,1,1,1,0,0,2,0,NA
"2137",2137,2137,"crocuta","crocuta","spotted_hyena",1,7,"S2","control","S2T12","egg",1,1,"2024-09-17 18:16:04","2024-09-17 18:16:25",18.2677777777778,"0:00:21",0.35,1,1,1,0,0,2,0,NA
"2138",2138,2138,"hyaena","hyaena","striped_hyena",1,7,"S2","control","S2T12","egg",1,1,"2024-09-17 20:18:23","2024-09-17 20:24:02",20.3063888888889,"0:05:39",5.65,0,1,1,1,1,4,1,NA
"2139",2139,2139,"madoqua","guentheri","gunthers_dik_dik",1,7,"S2","control","S2T12","egg",0,1,"2024-09-17 21:09:01","2024-09-17 21:09:45",21.1502777777778,"0:00:44",0.733333333333333,0,1,1,0,0,2,0,NA
"2140",2140,2140,"madoqua","guentheri","gunthers_dik_dik",1,7,"S2","control","S2T12","egg",0,1,"2024-09-17 23:35:52","2024-09-17 23:37:58",23.5977777777778,"0:02:06",2.1,0,1,1,0,0,2,0,NA
"2141",2141,2141,"madoqua","guentheri","gunthers_dik_dik",1,7,"S2","control","S2T12","egg",0,1,"2024-09-18 00:18:37","2024-09-18 00:19:40",0.310277777777778,"0:01:03",1.05,0,1,1,0,0,2,0,NA
"2142",2142,2142,"madoqua","guentheri","gunthers_dik_dik",1,7,"S2","control","S2T12","egg",0,1,"2024-09-18 01:25:11","2024-09-18 01:26:05",1.41972222222222,"0:00:54",0.9,0,1,1,0,0,2,0,NA
"2143",2143,2143,"crocuta","crocuta","spotted_hyena",1,7,"S2","control","S2T12","egg",1,1,"2024-09-18 02:07:07","2024-09-18 02:08:06",2.11861111111111,"0:00:59",0.983333333333333,1,1,1,0,0,2,0,NA
"2144",2144,2144,"madoqua","guentheri","gunthers_dik_dik",2,7,"S2","control","S2T12","egg",0,1,"2024-09-18 03:36:13","2024-09-18 03:41:37",3.60361111111111,"0:05:24",5.4,0,1,1,0,0,2,0,NA
"2145",2145,2145,"madoqua","guentheri","gunthers_dik_dik",1,7,"S2","control","S2T12","millet",0,1,"2024-09-18 15:53:39","2024-09-18 15:53:54",15.8941666666667,"0:00:15",0.25,1,1,1,0,0,2,0,NA
"2146",2146,2146,"madoqua","guentheri","gunthers_dik_dik",1,7,"S2","control","S2T12","millet",0,1,"2024-09-18 18:58:09","2024-09-18 18:58:23",18.9691666666667,"0:00:14",0.233333333333333,0,1,1,0,0,2,0,NA
"2147",2147,2147,"ichneumia","albicauda","white_tailed_mongoose",2,7,"S2","control","S2T12","millet",0,1,"2024-09-18 23:31:11","2024-09-18 23:32:27",23.5197222222222,"0:01:16",1.26666666666667,0,1,1,0,0,2,0,NA
"2148",2148,2148,"madoqua","guentheri","gunthers_dik_dik",1,7,"S2","control","S2T12","millet",0,1,"2024-09-19 03:17:41","2024-09-19 03:18:02",3.29472222222222,"0:00:21",0.35,0,1,1,0,0,2,0,NA
"2149",2149,2149,"madoqua","guentheri","gunthers_dik_dik",1,7,"S2","control","S2T12","millet",0,1,"2024-09-19 04:52:09","2024-09-19 05:02:02",4.86916666666667,"0:09:53",9.88333333333333,0,1,1,0,0,2,0,NA
"2150",2150,2150,"madoqua","guentheri","gunthers_dik_dik",1,7,"S2","control","S2T12","millet",0,1,"2024-09-19 06:36:31","2024-09-19 06:37:27",6.60861111111111,"0:00:56",0.933333333333333,1,1,1,0,0,2,0,NA
"2151",2151,2151,"tragelaphus","imberis","lesser_kudu",1,7,"S2","control","S2T12","millet",0,1,"2024-09-19 13:04:10","2024-09-19 13:17:18",13.0694444444444,"0:13:08",13.1333333333333,1,1,1,0,0,2,0,NA
"2152",2152,2152,"aepyceros","melampus","impala",12,7,"S2","control","S2T12","millet",0,1,"2024-09-19 18:08:37","2024-09-19 19:08:20",18.1436111111111,"0:59:43",59.7166666666667,1,1,1,0,0,2,0,NA
"2153",2153,2153,"aepyceros","melampus","impala",4,7,"S2","control","S2T12","millet",0,1,"2024-09-19 21:48:20","2024-09-19 22:02:30",21.8055555555556,"0:14:10",14.1666666666667,0,1,1,0,0,2,0,NA
"2154",2154,2154,"aepyceros","melampus","impala",4,7,"S2","control","S2T12","millet",0,1,"2024-09-19 23:36:08","2024-09-19 23:42:35",23.6022222222222,"0:06:27",6.45,0,1,1,0,0,2,0,NA
"2155",2155,2155,"madoqua","guentheri","gunthers_dik_dik",1,7,"S2","control","S2T12","millet",0,1,"2024-09-20 03:52:19","2024-09-20 03:54:07",3.87194444444444,"0:01:48",1.8,0,1,1,0,0,2,0,NA
"2156",2156,2156,"aepyceros","melampus","impala",3,7,"S2","control","S2T12","millet",0,1,"2024-09-20 05:59:15","2024-09-20 06:02:30",5.9875,"0:03:15",3.25,0,1,1,0,0,2,0,NA
"2157",2157,2157,"madoqua","guentheri","gunthers_dik_dik",1,7,"S2","control","S2T12","millet",0,1,"2024-09-20 06:33:33","2024-09-20 06:34:18",6.55916666666667,"0:00:45",0.75,1,1,1,0,0,2,0,NA
"2158",2158,2158,"madoqua","guentheri","gunthers_dik_dik",1,7,"S2","control","S2T12","millet",0,1,"2024-09-20 09:37:27","2024-09-20 09:46:57",9.62416666666667,"0:09:30",9.5,1,1,1,0,0,2,0,NA
"2159",2159,2159,"aepyceros","melampus","impala",5,7,"S2","control","S2T12","salt",1,1,"2024-09-20 14:49:01","2024-09-20 15:09:05",14.8169444444444,"0:20:04",20.0666666666667,1,1,1,1,1,4,1,NA
"2160",2160,2160,"madoqua","guentheri","gunthers_dik_dik",3,7,"S2","control","S2T12","salt",1,1,"2024-09-20 16:41:01","2024-09-20 16:46:29",16.6836111111111,"0:05:28",5.46666666666667,1,1,1,1,1,4,1,NA
"2161",2161,2161,"madoqua","guentheri","gunthers_dik_dik",2,7,"S2","control","S2T12","salt",1,1,"2024-09-20 18:45:45","2024-09-20 18:57:34",18.7625,"0:11:49",11.8166666666667,0,1,1,1,1,4,1,NA
"2162",2162,2162,"madoqua","guentheri","gunthers_dik_dik",2,7,"S2","control","S2T12","salt",1,1,"2024-09-20 21:26:24","2024-09-20 21:45:52",21.44,"0:19:28",19.4666666666667,0,1,1,1,1,4,1,NA
"2163",2163,2163,"madoqua","guentheri","gunthers_dik_dik",2,7,"S2","control","S2T12","salt",1,1,"2024-09-20 23:53:51","2024-09-20 23:59:42",23.8975,"0:05:51",5.85,0,1,1,1,1,4,1,NA
"2164",2164,2164,"phacochoerus","africanus","common_warthog",2,7,"S2","control","S2T12","salt",1,1,"2024-09-21 08:27:53","2024-09-21 08:40:02",8.46472222222222,"0:12:09",12.15,1,1,1,1,1,4,1,NA
"2165",2165,2165,"madoqua","guentheri","gunthers_dik_dik",2,7,"S2","control","S2T12","salt",1,1,"2024-09-21 09:20:55","2024-09-21 09:22:16",9.34861111111111,"0:01:21",1.35,1,1,1,1,1,4,1,NA
"2166",2166,2166,"phacochoerus","africanus","common_warthog",2,7,"S2","control","S2T12","salt",1,1,"2024-09-21 11:21:33","2024-09-21 11:33:28",11.3591666666667,"0:11:55",11.9166666666667,1,1,1,1,1,4,1,NA
"2167",2167,2167,"aepyceros","melampus","impala",2,7,"S2","control","S2T12","salt",1,1,"2024-09-21 14:27:48","2024-09-21 14:41:31",14.4633333333333,"0:13:43",13.7166666666667,1,1,1,1,1,4,1,NA
"2168",2168,2168,"aepyceros","melampus","impala",10,7,"S2","control","S2T12","salt",1,1,"2024-09-21 17:03:36","2024-09-21 17:37:03",17.06,"0:33:27",33.45,1,1,1,1,1,4,1,NA
"2169",2169,2169,"madoqua","guentheri","gunthers_dik_dik",2,7,"S2","control","S2T12","salt",1,1,"2024-09-21 18:13:46","2024-09-21 18:17:52",18.2294444444444,"0:04:06",4.1,1,1,1,1,1,4,1,NA
"2170",2170,2170,"madoqua","guentheri","gunthers_dik_dik",3,7,"S2","control","S2T12","salt",1,1,"2024-09-21 22:36:36","2024-09-21 22:37:47",22.61,"0:01:11",1.18333333333333,0,1,1,1,1,4,1,NA
"2171",2171,2171,"madoqua","guentheri","gunthers_dik_dik",3,7,"S2","control","S2T12","salt",1,1,"2024-09-22 04:06:29","2024-09-22 04:09:25",4.10805555555556,"0:02:56",2.93333333333333,0,1,1,1,1,4,1,NA
"2172",2172,2172,"madoqua","guentheri","gunthers_dik_dik",1,7,"S2","control","S2T12","salt",1,1,"2024-09-22 09:53:26","2024-09-22 09:53:27",9.89055555555555,"0:00:01",0.0166666666666667,1,1,1,1,1,4,1,NA
"2173",2173,2173,"madoqua","guentheri","gunthers_dik_dik",3,9,"N2","human","N2T1","millet",0,0,"2024-10-01 03:20:29","2024-10-01 03:49:32",3.34138888888889,"0:29:03",29.05,0,1,1,0,0,2,0,NA
"2174",2174,2174,"madoqua","guentheri","gunthers_dik_dik",2,9,"N2","human","N2T1","egg",0,0,"2024-10-02 03:44:35","2024-10-02 04:00:00",3.74305555555556,"0:15:25",15.4166666666667,0,1,1,1,0,4,0,NA
"2175",2175,2175,"madoqua","guentheri","gunthers_dik_dik",3,9,"N2","human","N2T1","egg",0,0,"2024-10-02 05:58:28","2024-10-02 06:02:43",5.97444444444444,"0:04:15",4.25,0,1,1,1,0,4,0,NA
"2176",2176,2176,"madoqua","guentheri","gunthers_dik_dik",2,9,"N2","human","N2T1","egg",0,0,"2024-10-02 06:09:53","2024-10-02 06:09:58",6.16472222222222,"0:00:05",0.0833333333333333,0,1,1,0,0,2,0,NA
"2177",2177,2177,"madoqua","guentheri","gunthers_dik_dik",2,9,"N2","human","N2T1","egg",0,0,"2024-10-02 07:01:58","2024-10-02 07:13:07",7.03277777777778,"0:11:09",11.15,1,1,1,1,0,3,0,NA
"2178",2178,2178,"madoqua","guentheri","gunthers_dik_dik",2,9,"N2","human","N2T1","egg",0,1,"2024-10-02 23:31:52","2024-10-02 23:40:17",23.5311111111111,"0:08:25",8.41666666666667,0,1,1,0,0,2,0,NA
"2179",2179,2179,"madoqua","guentheri","gunthers_dik_dik",1,9,"N2","human","N2T1","egg",0,1,"2024-10-02 23:42:17","2024-10-02 23:42:29",23.7047222222222,"0:00:12",0.2,0,1,1,0,0,2,0,NA
"2180",2180,2180,"madoqua","guentheri","gunthers_dik_dik",2,9,"N2","human","N2T1","egg",0,1,"2024-10-02 23:48:34","2024-10-02 23:50:51",23.8094444444444,"0:02:17",2.28333333333333,0,1,1,0,0,2,0,NA
"2181",2181,2181,"madoqua","guentheri","gunthers_dik_dik",2,9,"N2","human","N2T1","egg",0,1,"2024-10-02 23:51:10","2024-10-02 23:52:02",23.8527777777778,"0:00:52",0.866666666666667,0,1,1,0,0,2,0,NA
"2182",2182,2182,"madoqua","guentheri","gunthers_dik_dik",2,9,"N2","human","N2T1","egg",0,1,"2024-10-02 23:54:38","2024-10-02 23:56:14",23.9105555555556,"0:01:36",1.6,0,1,1,0,0,2,0,NA
"2183",2183,2183,"madoqua","guentheri","gunthers_dik_dik",3,9,"N2","human","N2T1","egg",0,1,"2024-10-04 06:16:58","2024-10-04 06:17:22",6.28277777777778,"0:00:24",0.4,1,1,1,0,0,2,0,NA
"2184",2184,2184,"madoqua","guentheri","gunthers_dik_dik",2,9,"N2","human","N2T1","egg",0,1,"2024-10-04 07:01:07","2024-10-04 07:32:11",7.01861111111111,"0:31:04",31.0666666666667,1,1,1,0,0,2,0,NA
"2185",2185,2185,"giraffa","camelopardalis","reticulated_giraffe",1,9,"N2","human","N2T1","salt",1,1,"2024-10-04 22:33:46","2024-10-04 22:33:47",22.5627777777778,"0:00:01",0.0166666666666667,0,0,1,0,0,1,0,NA
"2186",2186,2186,"giraffa","camelopardalis","reticulated_giraffe",1,9,"N2","human","N2T1","salt",1,1,"2024-10-05 18:58:58","2024-10-05 18:59:00",18.9827777777778,"0:00:02",0.0333333333333333,0,1,0,0,0,1,0,NA
"2187",2187,2187,"madoqua","guentheri","gunthers_dik_dik",1,9,"N2","human","N2T1","salt",1,1,"2024-10-06 05:37:43","2024-10-06 05:37:44",5.62861111111111,"0:00:01",0.0166666666666667,0,0,0,0,0,0,0,NA
"2188",2188,2188,"lepus","lspp","hare",1,9,"N2","human","N2T2","millet",1,0,"2024-09-30 01:00:32","2024-09-30 01:27:06",1.00888888888889,"0:26:34",26.5666666666667,1,1,1,0,0,2,0,NA
"2189",2189,2189,"aepyceros","melampus","impala",4,9,"N2","human","N2T2","millet",0,0,"2024-09-30 07:50:54","2024-09-30 09:10:11",7.84833333333333,"1:19:17",79.2833333333333,1,1,1,0,0,2,0,NA
"2190",2190,2190,"aepyceros","melampus","impala",2,9,"N2","human","N2T2","millet",0,0,"2024-09-30 09:31:16","2024-09-30 09:40:58",9.52111111111111,"0:09:42",9.7,1,1,1,0,0,2,0,NA
"2191",2191,2191,"aepyceros","melampus","impala",3,9,"N2","human","N2T2","millet",0,1,"2024-09-30 10:31:58","2024-09-30 10:38:48",10.5327777777778,"0:06:50",6.83333333333333,1,1,1,0,0,2,0,NA
"2192",2192,2192,"aepyceros","melampus","impala",3,9,"N2","human","N2T2","millet",0,1,"2024-09-30 10:31:58","2024-09-30 10:38:48",10.5327777777778,"0:06:50",6.83333333333333,1,1,1,0,0,2,0,NA
"2193",2193,2193,"aepyceros","melampus","impala",1,9,"N2","human","N2T2","millet",0,1,"2024-09-30 12:17:58","2024-09-03 12:41:08",12.2994444444444,"0:23:10",23.1666666666667,1,1,1,0,0,2,0,NA
"2194",2194,2194,"aepyceros","melampus","impala",1,9,"N2","human","N2T2","millet",0,1,"2024-09-30 12:17:58","2024-09-30 12:29:34",12.2994444444444,"0:11:36",11.6,1,1,1,0,0,2,0,NA
"2195",2195,2195,"aepyceros","melampus","impala",4,9,"N2","human","N2T2","millet",0,1,"2024-09-30 13:08:44","2024-09-30 13:29:29",13.1455555555556,"0:20:45",20.75,1,1,1,0,0,2,0,NA
"2196",2196,2196,"aepyceros","melampus","impala",2,9,"N2","human","N2T2","millet",0,1,"2024-09-30 13:31:23","2024-09-30 14:01:15",13.5230555555556,"0:29:52",29.8666666666667,1,1,1,0,0,2,0,NA
"2197",2197,2197,"aepyceros","melampus","impala",1,9,"N2","human","N2T2","millet",0,1,"2024-09-30 14:15:34","2024-09-30 14:17:34",14.2594444444444,"0:02:00",2,1,1,1,0,0,2,0,NA
"2198",2198,2198,"madoqua","guentheri","gunthers_dik_dik",2,9,"N2","human","N2T2","millet",0,1,"2024-09-30 18:37:50","2024-09-30 18:46:09",18.6305555555556,"0:08:19",8.31666666666667,0,1,0,0,0,1,0,NA
"2199",2199,2199,"lepus","lspp","hare",1,9,"N2","human","N2T2","millet",1,1,"2024-09-30 21:59:31","2024-09-30 21:59:33",21.9919444444444,"0:00:02",0.0333333333333333,0,0,0,0,0,0,0,NA
"2200",2200,2200,"aepyceros","melampus","impala",1,9,"N2","human","N2T2","millet",0,1,"2024-10-01 01:45:56","2024-10-01 02:58:18",1.76555555555556,"1:12:22",72.3666666666667,0,1,1,1,0,3,0,NA
"2201",2201,2201,"madoqua","guentheri","gunthers_dik_dik",2,9,"N2","human","N2T2","millet",0,1,"2024-10-01 04:10:45","2024-10-01 04:35:37",4.17916666666667,"0:24:52",24.8666666666667,0,1,1,1,0,3,0,NA
"2202",2202,2202,"aepyceros","melampus","impala",2,9,"N2","human","N2T2","millet",0,1,"2024-10-01 05:00:45","2024-10-01 05:19:50",5.0125,"0:19:05",19.0833333333333,0,1,1,0,0,2,0,NA
"2203",2203,2203,"aepyceros","melampus","impala",3,9,"N2","human","N2T2","millet",0,1,"2024-10-01 06:12:58","2024-10-01 06:18:47",6.21611111111111,"0:05:49",5.81666666666667,1,1,1,0,0,2,0,NA
"2204",2204,2204,"madoqua","guentheri","gunthers_dik_dik",1,9,"N2","human","N2T2","millet",0,1,"2024-10-01 08:22:12","2024-10-01 08:28:27",8.37,"0:06:15",6.25,1,1,1,0,0,2,0,NA
"2205",2205,2205,"aepyceros","melampus","impala",4,9,"N2","human","N2T2","millet",0,1,"2024-10-01 12:18:50","2024-10-01 12:19:08",12.3138888888889,"0:00:18",0.3,1,1,0,0,0,1,0,NA
"2206",2206,2206,"aepyceros","melampus","impala",2,9,"N2","human","N2T2","millet",0,1,"2024-10-01 13:01:37","2024-10-01 13:05:37",13.0269444444444,"0:04:00",4,1,1,1,0,0,2,0,NA
"2207",2207,2207,"herpestes","sanguineus","slender_mongoose",1,9,"N2","human","N2T2","millet",0,1,"2024-10-01 14:10:10","2024-10-01 14:10:14",14.1694444444444,"0:00:04",0.0666666666666667,1,1,1,1,0,3,0,NA
"2208",2208,2208,"xerus","rutilus","ground_squirrels",1,9,"N2","human","N2T2","millet",1,1,"2024-10-01 16:15:39","2024-10-01 16:15:44",16.2608333333333,"0:00:05",0.0833333333333333,1,1,1,1,1,4,1,NA
"2209",2209,2209,"aepyceros","melampus","impala",5,9,"N2","human","N2T2","millet",0,1,"2024-10-01 16:22:07","2024-10-01 16:23:28",16.3686111111111,"0:01:21",1.35,1,1,1,1,0,3,0,NA
"2210",2210,2210,"madoqua","guentheri","gunthers_dik_dik",2,9,"N2","human","N2T2","millet",0,1,"2024-10-01 16:28:10","2024-10-01 16:37:35",16.4694444444444,"0:09:25",9.41666666666667,1,1,1,1,0,3,0,NA
"2211",2211,2211,"aepyceros","melampus","impala",3,9,"N2","human","N2T2","millet",0,1,"2024-10-01 16:58:26","2024-10-01 17:00:06",16.9738888888889,"0:01:40",1.66666666666667,1,1,1,1,0,3,0,NA
"2212",2212,2212,"equus","grevyi","grevys_zebra",1,9,"N2","human","N2T2","millet",0,1,"2024-10-01 17:13:04","2024-10-01 17:13:17",17.2177777777778,"0:00:13",0.216666666666667,1,1,1,0,0,2,0,NA
"2213",2213,2213,"aepyceros","melampus","impala",1,9,"N2","human","N2T2","millet",0,1,"2024-10-01 17:22:09","2024-10-01 17:22:38",17.3691666666667,"0:00:29",0.483333333333333,1,1,1,0,0,2,0,NA
"2214",2214,2214,"aepyceros","melampus","impala",1,9,"N2","human","N2T2","millet",0,1,"2024-10-01 18:11:19","2024-10-01 18:21:48",18.1886111111111,"0:10:29",10.4833333333333,1,1,1,0,0,2,0,NA
"2215",2215,2215,"lepus","lspp","hare",1,9,"N2","human","N2T2","millet",1,1,"2024-10-01 19:10:44","2024-10-01 19:10:58",19.1788888888889,"0:00:14",0.233333333333333,0,0,0,0,0,0,0,NA
"2216",2216,2216,"ichneumia","albicauda","white_tailed_mongoose",1,9,"N2","human","N2T2","millet",0,1,"2024-10-02 05:50:15","2024-10-02 05:50:25",5.8375,"0:00:10",0.166666666666667,0,1,1,1,0,3,0,NA
"2217",2217,2217,"madoqua","guentheri","gunthers_dik_dik",1,9,"N2","human","N2T2","millet",0,1,"2024-10-02 06:19:08","2024-10-02 06:29:57",6.31888888888889,"0:10:49",10.8166666666667,1,1,1,0,0,2,0,NA
"2218",2218,2218,"aepyceros","melampus","impala",3,9,"N2","human","N2T2","millet",0,1,"2024-10-02 06:31:05","2024-10-02 06:49:34",6.51805555555556,"0:18:29",18.4833333333333,1,1,1,0,0,2,0,NA
"2219",2219,2219,"madoqua","guentheri","gunthers_dik_dik",1,9,"N2","human","N2T2","millet",0,1,"2024-10-02 07:04:54","2024-10-02 07:30:28",7.08166666666667,"0:25:34",25.5666666666667,1,1,1,0,0,2,0,NA
"2220",2220,2220,"aepyceros","melampus","impala",2,9,"N2","human","N2T2","millet",0,1,"2024-10-02 08:26:15","2024-10-02 08:33:37",8.4375,"0:07:22",7.36666666666667,1,1,1,1,0,3,0,NA
"2221",2221,2221,"aepyceros","melampus","impala",1,9,"N2","human","N2T2","millet",0,1,"2024-10-02 08:50:59","2024-10-02 08:57:41",8.84972222222222,"0:06:42",6.7,1,1,1,0,0,2,0,NA
"2222",2222,2222,"aepyceros","melampus","impala",5,9,"N2","human","N2T2","millet",0,1,"2024-10-02 09:18:25","2024-10-02 09:41:11",9.30694444444445,"0:22:46",22.7666666666667,1,1,1,0,0,2,0,NA
"2223",2223,2223,"aepyceros","melampus","impala",2,9,"N2","human","N2T2","egg",0,1,"2024-10-02 10:28:25","2024-10-02 10:41:03",10.4736111111111,"0:12:38",12.6333333333333,1,1,1,1,0,3,0,NA
"2224",2224,2224,"aepyceros","melampus","impala",5,9,"N2","human","N2T2","egg",0,1,"2024-10-02 11:00:08","2024-10-02 11:29:35",11.0022222222222,"0:29:27",29.45,1,1,1,1,0,3,0,NA
"2225",2225,2225,"aepyceros","melampus","impala",6,9,"N2","human","N2T2","egg",0,1,"2024-10-02 14:24:49","2024-10-02 16:03:28",14.4136111111111,"1:38:39",98.65,1,1,1,1,0,3,0,NA
"2226",2226,2226,"oryx","beisa","east_african_oryx",1,9,"N2","human","N2T2","egg",0,1,"2024-10-02 15:22:52","2024-10-02 15:23:21",15.3811111111111,"0:00:29",0.483333333333333,1,1,1,0,0,2,0,NA
"2227",2227,2227,"equus","quagga","plains_zebra",2,9,"N2","human","N2T2","egg",0,1,"2024-10-02 15:43:05","2024-10-02 15:47:22",15.7180555555556,"0:04:17",4.28333333333333,1,1,1,0,0,2,0,NA
"2228",2228,2228,"oryx","beisa","east_african_oryx",1,9,"N2","human","N2T2","egg",0,1,"2024-10-02 15:49:37","2024-10-02 15:49:55",15.8269444444444,"0:00:18",0.3,1,1,1,1,0,3,0,"frightened after contact, jumped away!"
"2229",2229,2229,"canis","mesomelas","black_backed_jackal",2,9,"N2","human","N2T2","egg",1,1,"2024-10-02 16:03:32","2024-10-02 16:12:37",16.0588888888889,"0:09:05",9.08333333333333,1,1,1,1,1,4,1,NA
"2230",2230,2230,"aepyceros","melampus","impala",10,9,"N2","human","N2T2","egg",0,1,"2024-10-02 18:12:15","2024-10-02 18:24:05",18.2041666666667,"0:11:50",11.8333333333333,1,1,1,1,0,3,0,NA
"2231",2231,2231,"aepyceros","melampus","impala",1,9,"N2","human","N2T2","egg",0,1,"2024-10-02 18:36:19","2024-10-02 18:48:48",18.6052777777778,"0:12:29",12.4833333333333,0,1,1,0,0,2,0,NA
"2232",2232,2232,"genetta","gspp","genets",1,9,"N2","human","N2T2","egg",1,1,"2024-10-03 00:51:55","2024-10-03 00:51:58",0.865277777777778,"0:00:03",0.05,0,0,0,0,0,0,0,NA
"2233",2233,2233,"lepus","lspp","hare",1,9,"N2","human","N2T2","egg",0,1,"2024-10-03 01:18:20","2024-10-03 01:40:21",1.30555555555556,"0:22:01",22.0166666666667,0,1,1,0,0,2,0,NA
"2234",2234,2234,"canis","mesomelas","black_backed_jackal",1,9,"N2","human","N2T2","egg",1,1,"2024-10-03 06:13:13","2024-10-03 06:13:20",6.22027777777778,"0:00:07",0.116666666666667,1,1,1,1,0,3,0,NA
"2235",2235,2235,"herpestes","sanguineus","slender_mongoose",1,9,"N2","human","N2T2","egg",1,1,"2024-10-03 06:21:26","2024-10-03 06:25:54",6.35722222222222,"0:04:28",4.46666666666667,1,1,1,1,1,4,1,NA
"2236",2236,2236,"aepyceros","melampus","impala",4,9,"N2","human","N2T2","egg",0,0,"2024-10-03 06:26:50","2024-10-03 06:42:44",6.44722222222222,"0:15:54",15.9,1,1,0,0,0,1,0,NA
"2237",2237,2237,"madoqua","guentheri","gunthers_dik_dik",2,9,"N2","human","N2T2","egg",0,0,"2024-10-03 08:22:19","2024-10-03 08:34:43",8.37194444444444,"0:12:24",12.4,1,1,0,0,0,1,0,NA
"2238",2238,2238,"aepyceros","melampus","impala",9,9,"N2","human","N2T2","egg",0,1,"2024-10-03 10:13:09","2024-10-03 11:39:43",10.2191666666667,"1:26:34",86.5666666666667,1,1,0,0,0,1,0,NA
"2239",2239,2239,"herpestes","sanguineus","slender_mongoose",1,9,"N2","human","N2T2","egg",1,1,"2024-10-03 11:39:30","2024-10-03 11:41:00",11.6583333333333,"0:01:30",1.5,1,1,1,1,0,4,0,NA
"2240",2240,2240,"equus","grevyi","grevys_zebra",1,9,"N2","human","N2T2","egg",0,1,"2024-10-03 11:40:39","2024-10-03 11:40:58",11.6775,"0:00:19",0.316666666666667,1,1,1,0,0,2,0,NA
"2241",2241,2241,"aepyceros","melampus","impala",10,9,"N2","human","N2T2","egg",0,1,"2024-10-03 13:44:58","2024-10-03 17:41:11",13.7494444444444,"3:56:13",236.216666666667,1,1,1,1,0,3,0,NA
"2242",2242,2242,"aepyceros","melampus","impala",17,9,"N2","human","N2T2","egg",0,1,"2024-10-03 18:26:08","2024-10-03 18:39:52",18.4355555555556,"0:13:44",13.7333333333333,1,1,1,1,0,3,0,"turned dark at 18:33:16.000"
"2243",2243,2243,"hyaena","hyaena","striped_hyena",1,9,"N2","human","N2T2","egg",1,1,"2024-10-03 19:11:51","2024-10-03 20:02:32",19.1975,"0:50:41",50.6833333333333,0,1,1,1,1,4,1,NA
"2244",2244,2244,"crocuta","crocuta","spotted_hyena",1,9,"N2","human","N2T2","egg",1,0,"2024-10-04 03:22:18","2024-10-04 03:28:43",3.37166666666667,"0:06:25",6.41666666666667,0,1,1,1,0,4,0,"put shell in mouth then spit out"
"2245",2245,2245,"canis","mesomelas","black_backed_jackal",2,9,"N2","human","N2T2","egg",1,0,"2024-10-04 05:36:42","2024-10-04 05:37:52",5.61166666666667,"0:01:10",1.16666666666667,0,1,1,0,0,2,0,NA
"2246",2246,2246,"aepyceros","melampus","impala",1,9,"N2","human","N2T2","egg",0,0,"2024-10-04 05:41:51","2024-10-04 05:47:52",5.6975,"0:06:01",6.01666666666667,0,1,1,0,0,2,0,NA
"2247",2247,2247,"aepyceros","melampus","impala",1,9,"N2","human","N2T2","egg",0,0,"2024-10-04 06:27:53","2024-10-04 06:42:14",6.46472222222222,"0:14:21",14.35,1,1,0,0,0,1,0,NA
"2248",2248,2248,"aepyceros","melampus","impala",10,9,"N2","human","N2T2","salt",1,1,"2024-10-04 13:02:52","2024-10-04 15:57:00",13.0477777777778,"2:54:08",174.133333333333,1,1,1,1,1,4,1,NA
"2249",2249,2249,"aepyceros","melampus","impala",1,9,"N2","human","N2T2","salt",1,1,"2024-10-04 16:59:45","2024-10-04 17:05:06",16.9958333333333,"0:05:21",5.35,1,1,1,1,1,4,1,NA
"2250",2250,2250,"aepyceros","melampus","impala",11,9,"N2","human","N2T2","salt",1,1,"2024-10-04 17:36:21","2024-10-04 19:17:05",17.6058333333333,"1:40:44",100.733333333333,1,1,1,1,1,4,1,"turned dark at 18:33:19"
"2251",2251,2251,"aepyceros","melampus","impala",13,9,"N2","human","N2T2","salt",1,1,"2024-10-05 05:46:43","2024-10-05 10:52:08",5.77861111111111,"5:05:25",305.416666666667,0,1,1,1,1,4,1,"turned light at 6"
"2252",2252,2252,"equus","grevyi","grevys_zebra",1,9,"N2","human","N2T2","salt",1,0,"2024-10-05 08:58:33","2024-10-05 08:59:35",8.97583333333333,"0:01:02",1.03333333333333,1,1,1,1,0,3,0,NA
"2253",2253,2253,"aepyceros","melampus","impala",4,9,"N2","human","N2T2","salt",1,0,"2024-10-05 13:48:49","2024-10-05 15:24:12",13.8136111111111,"1:35:23",95.3833333333333,1,1,1,1,0,4,0,NA
"2254",2254,2254,"madoqua","guentheri","gunthers_dik_dik",1,9,"N2","human","N2T2","salt",1,0,"2024-10-05 16:14:52","2024-10-05 16:14:54",16.2477777777778,"0:00:02",0.0333333333333333,1,1,1,0,0,2,0,NA
"2255",2255,2255,"aepyceros","melampus","impala",3,9,"N2","human","N2T2","salt",1,0,"2024-10-05 17:40:53","2024-10-05 17:56:54",17.6813888888889,"0:16:01",16.0166666666667,1,1,1,0,0,2,0,NA
"2256",2256,2256,"aepyceros","melampus","impala",14,9,"N2","human","N2T2","salt",1,0,"2024-10-05 18:46:40","2024-10-05 19:06:19",18.7777777777778,"0:19:39",19.65,0,1,1,0,0,2,0,NA
"2257",2257,2257,"aepyceros","melampus","impala",2,9,"N2","human","N2T2","salt",1,0,"2024-10-06 05:44:49","2024-10-06 06:31:31",5.74694444444444,"0:46:42",46.7,0,1,1,0,0,2,0,NA
"2258",2258,2258,"aepyceros","melampus","impala",5,9,"N2","human","N2T2","salt",1,0,"2024-10-06 06:15:29","2024-10-06 06:41:30",6.25805555555556,"0:26:01",26.0166666666667,1,1,1,0,0,2,0,NA
"2259",2259,2259,"aepyceros","melampus","impala",13,9,"N2","human","N2T2","salt",1,0,"2024-10-06 08:08:50","2024-10-06 08:52:51",8.14722222222222,"0:44:01",44.0166666666667,1,1,1,0,0,2,0,NA
"2260",2260,2260,"aepyceros","melampus","impala",11,9,"N2","human","N2T2","salt",1,0,"2024-10-06 09:19:24","2024-10-06 09:41:28",9.32333333333333,"0:22:04",22.0666666666667,1,1,1,0,0,2,0,NA
"2261",2261,2261,"aepyceros","melampus","impala",1,9,"N2","human","N2T2","salt",1,0,"2024-10-06 11:00:16","2024-10-06 11:28:21",11.0044444444444,"0:28:05",28.0833333333333,1,1,1,0,0,2,0,NA
"2262",2262,2262,"aepyceros","melampus","impala",4,9,"N2","human","N2T2","salt",1,0,"2024-10-06 14:07:54","2024-10-06 15:28:43",14.1316666666667,"1:20:49",80.8166666666667,1,1,0,0,0,1,0,NA
"2263",2263,2263,"aepyceros","melampus","impala",6,9,"N2","human","N2T2","salt",1,0,"2024-10-06 16:08:08","2024-10-06 17:47:19",16.1355555555556,"1:39:11",99.1833333333333,1,1,0,0,0,1,0,NA
"2264",2264,2264,"lepus","lspp","hare",1,9,"N2","human","N2T3","millet",1,0,"2024-09-30 02:59:53","2024-09-30 03:12:40",2.99805555555556,"0:12:47",12.7833333333333,0,1,0,0,0,1,0,NA
"2265",2265,2265,"lepus","lspp","hare",1,9,"N2","human","N2T3","millet",1,0,"2024-09-30 04:04:54","2024-09-30 04:04:55",4.08166666666667,"0:00:01",0.0166666666666667,0,0,0,0,0,0,0,NA
"2266",2266,2266,"lepus","lspp","hare",1,9,"N2","human","N2T3","millet",1,0,"2024-09-30 04:47:24","2024-09-30 04:47:25",4.79,"0:00:01",0.0166666666666667,0,0,0,0,0,0,0,NA
"2267",2267,2267,"lepus","lspp","hare",1,9,"N2","human","N2T3","millet",1,1,"2024-09-30 19:13:21","2024-09-30 19:17:24",19.2225,"0:04:03",4.05,0,1,1,1,0,3,0,NA
"2268",2268,2268,"lepus","lspp","hare",1,9,"N2","human","N2T3","millet",1,1,"2024-10-01 02:11:09","2024-10-01 02:14:03",2.18583333333333,"0:02:54",2.9,0,1,0,0,0,1,0,NA
"2269",2269,2269,"lepus","lspp","hare",2,9,"N2","human","N2T3","millet",1,1,"2024-10-01 21:09:37","2024-10-01 22:09:28",21.1602777777778,"0:59:51",59.85,0,1,1,1,0,4,0,NA
"2270",2270,2270,"mus","mspp","nocturnal_rodent",1,9,"N2","human","N2T3","millet",1,1,"2024-10-01 21:23:48","2024-10-01 21:24:10",21.3966666666667,"0:00:22",0.366666666666667,0,0,0,0,0,0,0,"hedgehog not mus sp."
"2271",2271,2271,"mus","mspp","nocturnal_rodent",1,9,"N2","human","N2T3","millet",1,1,"2024-10-02 04:40:35","2024-10-02 04:40:39",4.67638888888889,"0:00:04",0.0666666666666667,0,1,0,0,0,1,0,"hedgehog not mus sp."
"2272",2272,2272,"hyaena","hyaena","striped_hyena",1,9,"N2","human","N2T3","egg",1,1,"2024-10-03 19:23:57","2024-10-03 19:54:43",19.3991666666667,"0:30:46",30.7666666666667,0,1,1,1,1,4,1,NA
"2273",2273,2273,"madoqua","guentheri","gunthers_dik_dik",4,9,"N2","human","N2T3","salt",1,1,"2024-10-04 16:04:41","2024-10-04 16:11:11",16.0780555555556,"0:06:30",6.5,1,0,0,0,0,0,0,NA
"2274",2274,2274,"aepyceros","melampus","impala",8,9,"N2","human","N2T3","salt",1,1,"2024-10-04 17:14:25","2024-10-04 17:31:31",17.2402777777778,"0:17:06",17.1,1,1,1,1,1,4,1,NA
"2275",2275,2275,"madoqua","guentheri","gunthers_dik_dik",1,9,"N2","human","N2T3","salt",1,1,"2024-10-04 18:37:58","2024-10-04 18:51:18",18.6327777777778,"0:13:20",13.3333333333333,0,0,0,0,0,0,0,NA
"2276",2276,2276,"madoqua","guentheri","gunthers_dik_dik",1,9,"N2","human","N2T3","salt",1,1,"2024-10-04 22:13:17","2024-10-04 22:19:34",22.2213888888889,"0:06:17",6.28333333333333,0,0,0,0,0,0,0,NA
"2277",2277,2277,"aepyceros","melampus","impala",1,9,"N2","human","N2T3","salt",1,1,"2024-10-05 10:07:52","2024-10-05 10:13:02",10.1311111111111,"0:05:10",5.16666666666667,1,0,0,0,0,0,0,NA
"2278",2278,2278,"aepyceros","melampus","impala",4,9,"N2","human","N2T3","salt",1,1,"2024-10-05 13:46:27","2024-10-05 13:53:55",13.7741666666667,"0:07:28",7.46666666666667,1,1,1,0,0,2,0,NA
"2279",2279,2279,"madoqua","guentheri","gunthers_dik_dik",4,9,"N2","human","N2T3","salt",1,1,"2024-10-05 16:15:20","2024-10-05 16:16:49",16.2555555555556,"0:01:29",1.48333333333333,1,1,1,1,0,3,0,NA
"2280",2280,2280,"aepyceros","melampus","impala",15,9,"N2","human","N2T3","salt",1,1,"2024-10-05 16:23:51","2024-10-05 17:36:14",16.3975,"1:12:23",72.3833333333333,1,1,1,1,1,4,1,NA
"2281",2281,2281,"madoqua","guentheri","gunthers_dik_dik",2,9,"N2","human","N2T3","salt",1,1,"2024-10-06 03:18:28","2024-10-06 03:18:29",3.30777777777778,"0:00:01",0.0166666666666667,0,0,0,0,0,0,0,NA
"2282",2282,2282,"ichneumia","albicauda","white_tailed_mongoose",1,9,"N2","human","N2T4","millet",0,1,"2024-10-02 05:20:03","2024-10-02 05:20:08",5.33416666666667,"0:00:05",0.0833333333333333,0,1,1,0,0,2,0,NA
"2283",2283,2283,"madoqua","guentheri","gunthers_dik_dik",2,9,"N2","human","N2T4","egg",0,1,"2024-10-02 18:41:20","2024-10-02 18:41:59",18.6888888888889,"0:00:39",0.65,0,1,1,0,0,2,0,NA
"2284",2284,2284,"madoqua","guentheri","gunthers_dik_dik",2,9,"N2","human","N2T4","egg",0,1,"2024-10-03 01:54:05","2024-10-03 02:54:23",1.90138888888889,"1:00:18",60.3,0,1,1,0,0,2,0,NA
"2285",2285,2285,"hyaena","hyaena","striped_hyena",1,9,"N2","human","N2T4","egg",1,1,"2024-10-03 19:13:18","2024-10-03 19:15:03",19.2216666666667,"0:01:45",1.75,0,1,1,1,1,4,1,NA
"2286",2286,2286,"hyaena","hyaena","striped_hyena",1,9,"N2","human","N2T4","egg",1,1,"2024-10-03 20:13:06","2024-10-03 20:15:43",20.2183333333333,"0:02:37",2.61666666666667,0,1,1,0,0,2,0,NA
"2287",2287,2287,"crocuta","crocuta","spotted_hyena",1,9,"N2","human","N2T4","salt",0,1,"2024-10-05 05:53:39","2024-10-05 05:53:40",5.89416666666667,"0:00:01",0.0166666666666667,0,1,1,0,0,2,0,NA
"2288",2288,2288,"madoqua","guentheri","gunthers_dik_dik",1,9,"N2","human","N2T4","salt",1,1,"2024-10-05 17:43:01","2024-10-05 17:44:32",17.7169444444444,"0:01:31",1.51666666666667,1,1,1,0,0,2,0,NA
"2289",2289,2289,"madoqua","guentheri","gunthers_dik_dik",2,9,"N2","human","N2T4","salt",1,1,"2024-10-06 04:32:36","2024-10-05 05:23:19",4.54333333333333,"0:50:43",50.7166666666667,0,1,1,1,0,4,0,NA
"2290",2290,2290,"aepyceros","melampus","impala",5,9,"N2","human","N2T5","millet",0,1,"2024-09-30 15:13:20","2024-09-30 15:20:18",15.2222222222222,"0:06:58",6.96666666666667,1,1,1,0,0,2,0,NA
"2291",2291,2291,"madoqua","guentheri","gunthers_dik_dik",3,9,"N2","human","N2T5","millet",0,1,"2024-09-30 18:44:19","2024-09-30 18:50:03",18.7386111111111,"0:05:44",5.73333333333333,0,1,1,0,0,2,0,NA
"2292",2292,2292,"madoqua","guentheri","gunthers_dik_dik",1,9,"N2","human","N2T5","millet",0,1,"2024-10-01 07:05:39","2024-10-01 07:05:45",7.09416666666667,"0:00:06",0.1,1,1,1,0,0,2,0,NA
"2293",2293,2293,"aepyceros","melampus","impala",1,9,"N2","human","N2T5","millet",0,1,"2024-10-01 08:16:10","2024-10-01 08:42:03",8.26944444444445,"0:25:53",25.8833333333333,1,1,1,0,0,2,0,NA
"2294",2294,2294,"aepyceros","melampus","impala",10,9,"N2","human","N2T5","millet",0,1,"2024-10-01 09:31:04","2024-10-01 12:36:10",9.51777777777778,"3:05:06",185.1,1,1,1,0,0,2,0,NA
"2295",2295,2295,"equus","grevyi","grevys_zebra",1,9,"N2","human","N2T5","millet",0,1,"2024-10-01 09:43:23","2024-10-01 09:44:21",9.72305555555556,"0:00:58",0.966666666666667,1,1,1,0,0,2,0,NA
"2296",2296,2296,"equus","grevyi","grevys_zebra",1,9,"N2","human","N2T5","millet",0,1,"2024-10-01 10:09:17","2024-10-01 10:09:43",10.1547222222222,"0:00:26",0.433333333333333,1,1,1,0,0,2,0,NA
"2297",2297,2297,"madoqua","guentheri","gunthers_dik_dik",1,9,"N2","human","N2T5","millet",0,1,"2024-10-01 15:31:40","2024-10-01 15:36:56",15.5277777777778,"0:05:16",5.26666666666667,1,1,1,0,0,2,0,NA
"2298",2298,2298,"madoqua","guentheri","gunthers_dik_dik",2,9,"N2","human","N2T5","millet",0,1,"2024-10-01 18:39:51","2024-10-01 18:45:16",18.6641666666667,"0:05:25",5.41666666666667,0,1,1,0,0,2,0,NA
"2299",2299,2299,"ichneumia","albicauda","white_tailed_mongoose",1,9,"N2","human","N2T5","millet",0,1,"2024-10-02 02:36:57","2024-10-02 02:37:02",2.61583333333333,"0:00:05",0.0833333333333333,0,1,1,0,0,2,0,NA
"2300",2300,2300,"madoqua","guentheri","gunthers_dik_dik",3,9,"N2","human","N2T5","millet",0,1,"2024-10-02 03:51:57","2024-10-02 04:13:08",3.86583333333333,"0:21:11",21.1833333333333,0,1,1,0,0,2,0,NA
"2301",2301,2301,"aepyceros","melampus","impala",2,9,"N2","human","N2T5","millet",0,1,"2024-10-02 07:16:33","2024-10-02 07:24:03",7.27583333333333,"0:07:30",7.5,1,1,1,0,0,2,0,NA
"2302",2302,2302,"aepyceros","melampus","impala",1,9,"N2","human","N2T5","millet",0,1,"2024-10-02 09:06:53","2024-10-02 09:09:34",9.11472222222222,"0:02:41",2.68333333333333,1,1,1,0,0,2,0,NA
"2303",2303,2303,"aepyceros","melampus","impala",1,9,"N2","human","N2T5","egg",0,1,"2024-10-02 10:17:39","2024-10-02 10:17:59",10.2941666666667,"0:00:20",0.333333333333333,1,1,1,0,0,2,0,NA
"2304",2304,2304,"aepyceros","melampus","impala",2,9,"N2","human","N2T5","egg",0,1,"2024-10-02 16:06:24","2024-10-02 16:07:15",16.1066666666667,"0:00:51",0.85,1,1,1,0,0,2,0,NA
"2305",2305,2305,"madoqua","guentheri","gunthers_dik_dik",3,9,"N2","human","N2T5","egg",0,1,"2024-10-02 16:41:40","2024-10-02 16:42:57",16.6944444444444,"0:01:17",1.28333333333333,1,1,1,0,0,2,0,NA
"2306",2306,2306,"aepyceros","melampus","impala",4,9,"N2","human","N2T5","egg",0,1,"2024-10-03 08:04:08","2024-10-03 08:05:26",8.06888888888889,"0:01:18",1.3,1,1,1,0,0,2,0,NA
"2307",2307,2307,"madoqua","guentheri","gunthers_dik_dik",2,9,"N2","human","N2T5","egg",0,1,"2024-10-03 09:51:16","2024-10-03 10:01:52",9.85444444444444,"0:10:36",10.6,1,1,1,0,0,2,0,NA
"2308",2308,2308,"madoqua","guentheri","gunthers_dik_dik",2,9,"N2","human","N2T5","egg",0,1,"2024-10-03 16:28:58","2024-10-03 16:46:49",16.4827777777778,"0:17:51",17.85,1,1,1,1,0,3,0,NA
"2309",2309,2309,"madoqua","guentheri","gunthers_dik_dik",2,9,"N2","human","N2T5","egg",0,1,"2024-10-04 01:43:21","2024-10-04 02:09:56",1.7225,"0:26:35",26.5833333333333,0,1,1,0,0,2,0,NA
"2310",2310,2310,"madoqua","guentheri","gunthers_dik_dik",2,9,"N2","human","N2T5","egg",0,1,"2024-10-04 02:40:42","2024-10-04 02:50:19",2.67833333333333,"0:09:37",9.61666666666667,0,1,1,0,0,2,0,NA
"2311",2311,2311,"madoqua","guentheri","gunthers_dik_dik",2,9,"N2","human","N2T5","egg",0,1,"2024-10-04 04:44:14","2024-10-04 05:23:53",4.73722222222222,"0:39:39",39.65,0,1,1,0,0,2,0,NA
"2312",2312,2312,"madoqua","guentheri","gunthers_dik_dik",3,9,"N2","human","N2T5","egg",0,1,"2024-10-04 07:37:29","2024-10-04 07:42:43",7.62472222222222,"0:05:14",5.23333333333333,1,1,1,0,0,2,0,NA
"2313",2313,2313,"aepyceros","melampus","impala",1,9,"N2","human","N2T5","salt",1,1,"2024-10-04 13:19:26","2024-10-04 13:31:28",13.3238888888889,"0:12:02",12.0333333333333,1,1,1,1,0,3,0,NA
"2314",2314,2314,"madoqua","guentheri","gunthers_dik_dik",3,9,"N2","human","N2T5","salt",1,1,"2024-10-04 14:11:16","2024-10-04 14:18:51",14.1877777777778,"0:07:35",7.58333333333333,1,1,1,0,0,2,0,NA
"2315",2315,2315,"aepyceros","melampus","impala",16,9,"N2","human","N2T5","salt",1,1,"2024-10-04 14:20:20","2024-10-04 17:09:11",14.3388888888889,"2:48:51",168.85,1,1,1,1,1,4,1,NA
"2316",2316,2316,"madoqua","guentheri","gunthers_dik_dik",2,9,"N2","human","N2T5","salt",1,1,"2024-10-04 15:14:05","2024-10-04 15:19:44",15.2347222222222,"0:05:39",5.65,1,1,1,0,0,2,0,NA
"2317",2317,2317,"equus","grevyi","grevys_zebra",1,9,"N2","human","N2T5","salt",1,1,"2024-10-04 15:50:06","2024-10-04 16:01:44",15.835,"0:11:38",11.6333333333333,1,1,1,1,1,4,1,NA
"2318",2318,2318,"madoqua","guentheri","gunthers_dik_dik",2,9,"N2","human","N2T5","salt",1,1,"2024-10-04 18:14:09","2024-10-04 19:00:59",18.2358333333333,"0:46:50",46.8333333333333,1,1,1,1,0,4,0,NA
"2319",2319,2319,"madoqua","guentheri","gunthers_dik_dik",3,9,"N2","human","N2T5","salt",1,1,"2024-10-04 23:25:14","2024-10-04 23:54:45",23.4205555555556,"0:29:31",29.5166666666667,0,1,1,0,0,2,0,NA
"2320",2320,2320,"madoqua","guentheri","gunthers_dik_dik",3,9,"N2","human","N2T5","salt",1,1,"2024-10-05 02:33:28","2024-10-05 02:49:07",2.55777777777778,"0:15:39",15.65,0,1,1,1,0,4,0,NA
"2321",2321,2321,"aepyceros","melampus","impala",4,9,"N2","human","N2T5","salt",1,1,"2024-10-05 06:20:55","2024-10-05 07:42:39",6.34861111111111,"1:21:44",81.7333333333333,1,1,1,1,1,4,1,NA
"2322",2322,2322,"madoqua","guentheri","gunthers_dik_dik",2,9,"N2","human","N2T5","salt",1,1,"2024-10-05 13:50:59","2024-10-05 13:54:15",13.8497222222222,"0:03:16",3.26666666666667,0,1,1,0,0,2,0,NA
"2323",2323,2323,"madoqua","guentheri","gunthers_dik_dik",2,9,"N2","human","N2T5","salt",1,1,"2024-10-06 08:02:48","2024-10-06 08:36:05",8.04666666666667,"0:33:17",33.2833333333333,0,1,1,0,0,2,0,NA
"2324",2324,2324,"madoqua","guentheri","gunthers_dik_dik",1,9,"N2","human","N2T6","millet",0,1,"2024-09-30 17:58:30","2024-09-30 18:00:03",17.975,"0:01:33",1.55,1,1,1,0,0,2,0,NA
"2325",2325,2325,"madoqua","guentheri","gunthers_dik_dik",1,9,"N2","human","N2T6","millet",0,1,"2024-09-30 18:15:40","2024-09-30 18:42:03",18.2611111111111,"0:26:23",26.3833333333333,0,1,1,0,0,2,0,NA
"2326",2326,2326,"aepyceros","melampus","impala",2,9,"N2","human","N2T6","millet",0,1,"2024-10-01 11:31:28","2024-10-01 11:40:17",11.5244444444444,"0:08:49",8.81666666666667,1,1,1,0,0,2,0,NA
"2327",2327,2327,"ichneumia","albicauda","white_tailed_mongoose",1,9,"N2","human","N2T6","millet",0,1,"2024-10-02 04:43:54","2024-10-02 04:43:59",4.73166666666667,"0:00:05",0.0833333333333333,0,1,1,0,0,2,0,NA
"2328",2328,2328,"madoqua","guentheri","gunthers_dik_dik",2,9,"N2","human","N2T6","egg",0,1,"2024-10-03 08:23:37","2024-10-03 08:24:39",8.39361111111111,"0:01:02",1.03333333333333,1,1,1,0,0,2,0,NA
"2329",2329,2329,"madoqua","guentheri","gunthers_dik_dik",2,9,"N2","human","N2T6","salt",1,1,"2024-10-05 06:06:31","2024-10-05 06:08:09",6.10861111111111,"0:01:38",1.63333333333333,1,1,1,1,1,4,1,NA
"2330",2330,2330,"madoqua","guentheri","gunthers_dik_dik",3,9,"N2","human","N2T6","salt",1,1,"2024-10-06 04:08:42","2024-10-06 04:43:28",4.145,"0:34:46",34.7666666666667,0,1,1,1,0,3,0,NA
"2331",2331,2331,"madoqua","guentheri","gunthers_dik_dik",2,9,"N2","human","N2T6","salt",1,1,"2024-10-06 05:36:05","2024-10-06 05:50:13",5.60138888888889,"0:14:08",14.1333333333333,0,1,1,1,1,4,1,NA
"2332",2332,2332,"madoqua","guentheri","gunthers_dik_dik",1,9,"N2","human","N2T6","salt",1,1,"2024-10-06 06:40:11","2024-10-06 06:41:55",6.66972222222222,"0:01:44",1.73333333333333,1,1,1,0,0,2,0,NA
"2333",2333,2333,"madoqua","guentheri","gunthers_dik_dik",2,9,"N2","human","N2T7","millet",0,1,"2024-09-30 09:34:58","2024-09-30 10:11:52",9.58277777777778,"0:36:54",36.9,1,1,1,0,0,2,0,NA
"2334",2334,2334,"madoqua","guentheri","gunthers_dik_dik",1,9,"N2","human","N2T7","millet",0,1,"2024-10-01 02:30:20","2024-10-01 02:38:27",2.50555555555556,"0:08:07",8.11666666666667,0,1,1,0,0,2,0,NA
"2335",2335,2335,"madoqua","guentheri","gunthers_dik_dik",2,9,"N2","human","N2T7","millet",0,1,"2024-10-01 04:26:55","2024-10-01 04:51:22",4.44861111111111,"0:24:27",24.45,0,1,1,0,0,2,0,NA
"2336",2336,2336,"crocuta","crocuta","spotted_hyena",1,9,"N2","human","N2T7","millet",0,1,"2024-10-01 04:52:48","2024-10-01 04:52:56",4.88,"0:00:08",0.133333333333333,0,1,1,0,0,2,0,NA
"2337",2337,2337,"madoqua","guentheri","gunthers_dik_dik",2,9,"N2","human","N2T7","millet",0,1,"2024-10-01 05:00:58","2024-10-01 05:12:20",5.01611111111111,"0:11:22",11.3666666666667,0,1,1,0,0,2,0,NA
"2338",2338,2338,"madoqua","guentheri","gunthers_dik_dik",1,9,"N2","human","N2T7","millet",0,1,"2024-10-01 17:49:16","2024-10-01 18:08:49",17.8211111111111,"0:19:33",19.55,1,1,1,0,0,2,0,NA
"2339",2339,2339,"madoqua","guentheri","gunthers_dik_dik",1,9,"N2","human","N2T7","millet",0,1,"2024-10-02 07:52:47","2024-10-02 07:57:56",7.87972222222222,"0:05:09",5.15,1,1,1,0,0,2,0,NA
"2340",2340,2340,"xerus","erythropus","ground_squirrels",1,9,"N2","human","N2T7","egg",0,1,"2024-10-02 15:50:07","2024-10-02 15:50:27",15.8352777777778,"0:00:20",0.333333333333333,1,1,1,0,0,2,0,NA
"2341",2341,2341,"madoqua","guentheri","gunthers_dik_dik",2,9,"N2","human","N2T7","egg",0,1,"2024-10-02 18:13:08","2024-10-02 18:14:50",18.2188888888889,"0:01:42",1.7,1,1,1,0,0,2,0,NA
"2342",2342,2342,"crocuta","crocuta","spotted_hyena",1,9,"N2","human","N2T7","egg",1,1,"2024-10-02 19:00:09","2024-10-02 19:05:43",19.0025,"0:05:34",5.56666666666667,0,1,1,1,1,4,1,NA
"2343",2343,2343,"madoqua","guentheri","gunthers_dik_dik",2,9,"N2","human","N2T7","egg",0,1,"2024-10-03 06:56:06","2024-10-03 07:41:26",6.935,"0:45:20",45.3333333333333,1,1,1,0,0,2,0,NA
"2344",2344,2344,"xerus","erythropus","ground_squirrels",1,9,"N2","human","N2T7","egg",0,1,"2024-10-03 08:06:58","2024-10-03 08:14:17",8.11611111111111,"0:07:19",7.31666666666667,1,1,1,1,0,3,0,NA
"2345",2345,2345,"xerus","erythropus","ground_squirrels",1,9,"N2","human","N2T7","egg",0,1,"2024-10-03 09:49:17","2024-10-03 09:51:31",9.82138888888889,"0:02:14",2.23333333333333,1,1,1,1,0,3,0,NA
"2346",2346,2346,"hyaena","hyaena","striped_hyena",1,9,"N2","human","N2T7","egg",1,1,"2024-10-03 19:08:14","2024-10-03 19:09:51",19.1372222222222,"0:01:37",1.61666666666667,0,1,1,1,1,4,1,NA
"2347",2347,2347,"ichneumia","albicauda","white_tailed_mongoose",1,9,"N2","human","N2T7","egg",1,1,"2024-10-03 20:36:55","2024-10-03 20:39:56",20.6152777777778,"0:03:01",3.01666666666667,0,1,1,1,0,4,0,NA
"2348",2348,2348,"lepus","lspp","hare",1,9,"N2","human","N2T7","egg",0,1,"2024-10-03 23:26:05","2024-10-03 23:26:17",23.4347222222222,"0:00:12",0.2,0,1,1,0,0,2,0,NA
"2349",2349,2349,"hippopotamus","amphibius","hippopotomas",1,9,"N2","human","N2T7","egg",0,1,"2024-10-04 01:40:39","2024-10-04 01:40:54",1.6775,"0:00:15",0.25,0,1,1,0,0,2,0,NA
"2350",2350,2350,"madoqua","guentheri","gunthers_dik_dik",1,9,"N2","human","N2T7","egg",0,1,"2024-10-04 02:51:47","2024-10-04 03:24:05",2.86305555555556,"0:32:18",32.3,0,1,1,0,0,2,0,NA
"2351",2351,2351,"madoqua","guentheri","gunthers_dik_dik",1,9,"N2","human","N2T7","egg",0,1,"2024-10-04 04:23:11","2024-10-04 04:28:20",4.38638888888889,"0:05:09",5.15,0,1,1,0,0,2,0,NA
"2352",2352,2352,"genetta","gspp","genets",1,9,"N2","human","N2T7","salt",0,1,"2024-10-05 03:41:22","2024-10-05 03:41:23",3.68944444444444,"0:00:01",0.0166666666666667,0,1,1,1,0,3,0,NA
"2353",2353,2353,"crocuta","crocuta","spotted_hyena",1,9,"N2","human","N2T7","salt",0,1,"2024-10-05 20:03:03","2024-10-05 20:03:04",20.0508333333333,"0:00:01",0.0166666666666667,0,1,1,0,0,2,0,NA
"2354",2354,2354,"aepyceros","melampus","impala",1,9,"N2","human","N2T8","millet",0,1,"2024-09-30 09:25:42","2024-09-30 09:27:41",9.42833333333333,"0:01:59",1.98333333333333,1,1,1,0,0,2,0,NA
"2355",2355,2355,"xerus","rutilus","ground_squirrels",1,9,"N2","human","N2T8","millet",1,1,"2024-09-30 13:18:35","2024-09-30 13:19:09",13.3097222222222,"0:00:34",0.566666666666667,1,1,1,0,0,2,0,NA
"2356",2356,2356,"aepyceros","melampus","impala",8,9,"N2","human","N2T8","millet",0,1,"2024-09-30 15:36:42","2024-09-30 15:53:21",15.6116666666667,"0:16:39",16.65,1,1,1,0,0,2,0,NA
"2357",2357,2357,"aepyceros","melampus","impala",8,9,"N2","human","N2T8","millet",0,1,"2024-09-30 18:09:59","2024-09-30 19:05:13",18.1663888888889,"0:55:14",55.2333333333333,1,1,1,0,0,2,0,NA
"2358",2358,2358,"aepyceros","melampus","impala",2,9,"N2","human","N2T8","millet",0,1,"2024-09-30 23:01:49","2024-09-30 23:02:08",23.0302777777778,"0:00:19",0.316666666666667,0,1,1,0,0,2,0,NA
"2359",2359,2359,"aepyceros","melampus","impala",2,9,"N2","human","N2T8","millet",0,1,"2024-09-30 23:22:51","2024-09-30 23:50:46",23.3808333333333,"0:27:55",27.9166666666667,0,1,1,0,0,2,0,NA
"2360",2360,2360,"aepyceros","melampus","impala",2,9,"N2","human","N2T8","millet",0,1,"2024-10-01 00:40:46","2024-10-01 00:59:16",0.679444444444444,"0:18:30",18.5,0,1,1,0,0,2,0,NA
"2361",2361,2361,"aepyceros","melampus","impala",1,9,"N2","human","N2T8","millet",0,1,"2024-10-01 02:30:40","2024-10-01 02:31:17",2.51111111111111,"0:00:37",0.616666666666667,0,1,1,0,0,2,0,NA
"2362",2362,2362,"aepyceros","melampus","impala",1,9,"N2","human","N2T8","millet",0,1,"2024-10-01 03:59:23","2024-10-01 04:01:14",3.98972222222222,"0:01:51",1.85,0,1,1,0,0,2,0,NA
"2363",2363,2363,"aepyceros","melampus","impala",4,9,"N2","human","N2T8","millet",0,1,"2024-10-01 05:41:50","2024-10-01 06:06:00",5.69722222222222,"0:24:10",24.1666666666667,0,1,1,0,0,2,0,NA
"2364",2364,2364,"aepyceros","melampus","impala",4,9,"N2","human","N2T8","millet",0,1,"2024-10-01 10:15:16","2024-10-01 10:28:41",10.2544444444444,"0:13:25",13.4166666666667,1,1,1,0,0,2,0,NA
"2365",2365,2365,"aepyceros","melampus","impala",1,9,"N2","human","N2T8","millet",0,1,"2024-10-01 11:17:53","2024-10-01 11:18:58",11.2980555555556,"0:01:05",1.08333333333333,1,1,1,0,0,2,0,NA
"2366",2366,2366,"aepyceros","melampus","impala",4,9,"N2","human","N2T8","millet",0,1,"2024-10-01 11:35:54","2024-10-01 11:42:17",11.5983333333333,"0:06:23",6.38333333333333,1,1,1,0,0,2,0,NA
"2367",2367,2367,"aepyceros","melampus","impala",3,9,"N2","human","N2T8","millet",0,1,"2024-10-01 13:07:59","2024-10-01 13:48:47",13.1330555555556,"0:40:48",40.8,1,1,1,0,0,2,0,NA
"2368",2368,2368,"aepyceros","melampus","impala",2,9,"N2","human","N2T8","millet",0,1,"2024-10-01 15:11:30","2024-10-01 15:12:46",15.1916666666667,"0:01:16",1.26666666666667,1,1,1,0,0,2,0,NA
"2369",2369,2369,"aepyceros","melampus","impala",6,9,"N2","human","N2T8","millet",0,1,"2024-10-01 15:41:05","2024-10-01 17:14:28",15.6847222222222,"1:33:23",93.3833333333333,1,1,1,0,0,2,0,NA
"2370",2370,2370,"aepyceros","melampus","impala",8,9,"N2","human","N2T8","millet",0,1,"2024-10-01 17:42:15","2024-10-01 18:07:15",17.7041666666667,"0:25:00",25,1,1,1,0,0,2,0,NA
"2371",2371,2371,"lepus","lspp","hare",1,9,"N2","human","N2T8","millet",1,1,"2024-10-02 01:15:08","2024-10-02 01:16:10",1.25222222222222,"0:01:02",1.03333333333333,0,1,1,1,0,4,0,NA
"2372",2372,2372,"ichneumia","albicauda","white_tailed_mongoose",1,9,"N2","human","N2T8","millet",0,1,"2024-10-02 02:03:17","2024-10-02 02:03:23",2.05472222222222,"0:00:06",0.1,0,1,1,1,0,3,0,NA
"2373",2373,2373,"aepyceros","melampus","impala",3,9,"N2","human","N2T8","millet",0,1,"2024-10-02 08:11:12","2024-10-02 08:11:26",8.18666666666667,"0:00:14",0.233333333333333,1,1,1,0,0,2,0,NA
"2374",2374,2374,"aepyceros","melampus","impala",10,9,"N2","human","N2T8","egg",0,1,"2024-10-02 10:30:30","2024-10-02 13:12:43",10.5083333333333,"2:42:13",162.216666666667,1,1,1,0,0,2,0,NA
"2375",2375,2375,"aepyceros","melampus","impala",4,9,"N2","human","N2T8","egg",0,1,"2024-10-02 14:30:42","2024-10-02 14:33:38",14.5116666666667,"0:02:56",2.93333333333333,1,1,1,0,0,2,0,NA
"2376",2376,2376,"aepyceros","melampus","impala",1,9,"N2","human","N2T8","egg",0,1,"2024-10-02 15:13:48","2024-10-02 15:14:25",15.23,"0:00:37",0.616666666666667,1,1,1,0,0,2,0,NA
"2377",2377,2377,"aepyceros","melampus","impala",6,9,"N2","human","N2T8","egg",0,1,"2024-10-02 17:04:19","2024-10-02 17:12:14",17.0719444444444,"0:07:55",7.91666666666667,1,1,1,1,0,3,0,NA
"2378",2378,2378,"ichneumia","albicauda","white_tailed_mongoose",2,9,"N2","human","N2T8","egg",1,1,"2024-10-02 18:51:49","2024-10-02 19:02:00",18.8636111111111,"0:10:11",10.1833333333333,0,1,1,1,1,4,1,NA
"2379",2379,2379,"ichneumia","albicauda","white_tailed_mongoose",1,9,"N2","human","N2T8","egg",1,1,"2024-10-03 00:01:38","2024-10-03 00:02:08",0.0272222222222222,"0:00:30",0.5,0,1,1,0,0,2,0,NA
"2380",2380,2380,"ichneumia","albicauda","white_tailed_mongoose",1,9,"N2","human","N2T8","egg",1,1,"2024-10-03 05:22:25","2024-10-03 05:25:31",5.37361111111111,"0:03:06",3.1,0,1,1,0,0,2,0,NA
"2381",2381,2381,"aepyceros","melampus","impala",1,9,"N2","human","N2T8","egg",0,1,"2024-10-03 11:20:20","2024-10-03 11:20:28",11.3388888888889,"0:00:08",0.133333333333333,0,1,1,0,0,2,0,NA
"2382",2382,2382,"aepyceros","melampus","impala",8,9,"N2","human","N2T8","egg",0,1,"2024-10-03 14:05:19","2024-10-03 15:33:21",14.0886111111111,"1:28:02",88.0333333333333,1,1,1,1,0,3,0,NA
"2383",2383,2383,"aepyceros","melampus","impala",3,9,"N2","human","N2T8","egg",0,1,"2024-10-03 16:13:14","2024-10-03 16:13:47",16.2205555555556,"0:00:33",0.55,1,1,1,0,0,2,0,NA
"2384",2384,2384,"aepyceros","melampus","impala",4,9,"N2","human","N2T8","egg",0,1,"2024-10-03 17:53:10","2024-10-03 18:00:33",17.8861111111111,"0:07:23",7.38333333333333,1,1,1,1,0,3,0,NA
"2385",2385,2385,"ichneumia","albicauda","white_tailed_mongoose",1,9,"N2","human","N2T8","egg",1,1,"2024-10-03 19:04:37","2024-10-03 19:17:54",19.0769444444444,"0:13:17",13.2833333333333,0,1,1,1,1,4,1,NA
"2386",2386,2386,"lepus","lspp","hare",1,9,"N2","human","N2T8","egg",0,1,"2024-10-03 20:42:21","2024-10-03 20:42:37",20.7058333333333,"0:00:16",0.266666666666667,0,1,1,0,0,2,0,NA
"2387",2387,2387,"crocuta","crocuta","spotted_hyena",1,9,"N2","human","N2T8","egg",1,1,"2024-10-03 22:52:49","2024-10-03 22:54:50",22.8802777777778,"0:02:01",2.01666666666667,0,1,1,0,0,2,0,NA
"2388",2388,2388,"mus","mspp","nocturnal_rodent",1,9,"N2","human","N2T8","egg",0,1,"2024-10-03 23:52:43","2024-10-03 23:55:39",23.8786111111111,"0:02:56",2.93333333333333,0,1,1,0,0,2,0,"hedgehog"
"2389",2389,2389,"ichneumia","albicauda","white_tailed_mongoose",1,9,"N2","human","N2T8","egg",1,1,"2024-10-04 00:10:55","2024-10-04 00:12:55",0.181944444444444,"0:02:00",2,0,1,1,0,0,2,0,NA
"2390",2390,2390,"ichneumia","albicauda","white_tailed_mongoose",1,9,"N2","human","N2T8","egg",1,1,"2024-10-04 05:09:14","2024-10-04 05:09:44",5.15388888888889,"0:00:30",0.5,0,1,1,0,0,2,0,NA
"2391",2391,2391,"aepyceros","melampus","impala",3,9,"N2","human","N2T8","egg",0,1,"2024-10-04 07:54:50","2024-10-04 07:56:11",7.91388888888889,"0:01:21",1.35,1,1,1,0,0,2,0,NA
"2392",2392,2392,"aepyceros","melampus","impala",1,9,"N2","human","N2T8","salt",1,1,"2024-10-04 23:24:27","2024-10-04 23:45:31",23.4075,"0:21:04",21.0666666666667,0,1,1,1,1,4,1,NA
"2393",2393,2393,"lepus","lspp","hare",1,9,"N2","human","N2T8","salt",0,1,"2024-10-04 23:40:22","2024-10-04 23:43:10",23.6727777777778,"0:02:48",2.8,0,1,1,1,0,4,0,NA
"2394",2394,2394,"madoqua","guentheri","gunthers_dik_dik",2,9,"N2","human","N2T8","salt",1,1,"2024-10-05 05:44:16","2024-10-05 05:47:32",5.73777777777778,"0:03:16",3.26666666666667,0,1,1,1,0,4,0,NA
"2395",2395,2395,"aepyceros","melampus","impala",1,9,"N2","human","N2T8","salt",1,1,"2024-10-05 06:00:28","2024-10-05 06:06:51",6.00777777777778,"0:06:23",6.38333333333333,1,1,1,1,1,4,1,NA
"2396",2396,2396,"aepyceros","melampus","impala",6,9,"N2","human","N2T8","salt",1,1,"2024-10-05 07:03:00","2024-10-05 07:31:17",7.05,"0:28:17",28.2833333333333,1,1,1,1,1,4,1,NA
"2397",2397,2397,"madoqua","guentheri","gunthers_dik_dik",2,9,"N2","human","N2T8","salt",1,1,"2024-10-05 07:33:10","2024-10-05 07:43:03",7.55277777777778,"0:09:53",9.88333333333333,1,1,1,0,0,2,0,NA
"2398",2398,2398,"aepyceros","melampus","impala",12,9,"N2","human","N2T8","salt",1,1,"2024-10-05 07:49:30","2024-10-05 07:54:51",7.825,"0:05:21",5.35,1,1,1,1,1,4,1,NA
"2399",2399,2399,"aepyceros","melampus","impala",1,9,"N2","human","N2T8","salt",1,1,"2024-10-05 08:47:44","2024-10-05 08:47:45",8.79555555555556,"0:00:01",0.0166666666666667,1,1,1,0,0,2,0,NA
"2400",2400,2400,"aepyceros","melampus","impala",2,9,"N2","human","N2T8","salt",1,1,"2024-10-05 11:21:09","2024-10-05 11:38:02",11.3525,"0:16:53",16.8833333333333,1,1,1,1,1,4,1,NA
"2401",2401,2401,"papio","anubis","olive_baboon",4,9,"N2","human","N2T8","salt",1,1,"2024-10-05 11:39:02","2024-10-05 11:42:14",11.6505555555556,"0:03:12",3.2,1,1,1,1,0,4,0,NA
"2402",2402,2402,"aepyceros","melampus","impala",2,9,"N2","human","N2T8","salt",1,1,"2024-10-05 11:43:42","2024-10-05 12:35:35",11.7283333333333,"0:51:53",51.8833333333333,1,1,1,1,1,4,1,NA
"2403",2403,2403,"aepyceros","melampus","impala",1,9,"N2","human","N2T8","salt",1,1,"2024-10-05 13:36:14","2024-10-05 13:39:47",13.6038888888889,"0:03:33",3.55,1,1,1,1,1,4,1,NA
"2404",2404,2404,"aepyceros","melampus","impala",8,9,"N2","human","N2T8","salt",1,1,"2024-10-05 17:45:44","2024-10-05 18:03:43",17.7622222222222,"0:17:59",17.9833333333333,1,1,1,1,1,4,1,NA
"2405",2405,2405,"aepyceros","melampus","impala",1,9,"N2","human","N2T8","salt",1,1,"2024-10-06 08:22:13","2024-10-06 08:38:42",8.37027777777778,"0:16:29",16.4833333333333,1,1,1,1,1,4,1,NA
"2406",2406,2406,"lepus","lspp","hare",2,9,"N2","human","N2T9","millet",1,1,"2024-09-30 23:55:34","2024-10-01 00:07:54",23.9261111111111,"0:12:20",12.3333333333333,0,1,1,1,0,3,0,NA
"2407",2407,2407,"madoqua","guentheri","gunthers_dik_dik",1,9,"N2","human","N2T9","millet",0,1,"2024-10-01 02:34:24","2024-10-01 02:38:55",2.57333333333333,"0:04:31",4.51666666666667,0,1,1,0,0,2,0,NA
"2408",2408,2408,"ichneumia","albicauda","white_tailed_mongoose",1,9,"N2","human","N2T9","millet",0,1,"2024-10-01 05:04:09","2024-10-01 05:04:20",5.06916666666667,"0:00:11",0.183333333333333,0,1,1,0,0,2,0,NA
"2409",2409,2409,"madoqua","guentheri","gunthers_dik_dik",1,9,"N2","human","N2T9","millet",0,1,"2024-10-01 05:38:23","2024-10-01 05:39:06",5.63972222222222,"0:00:43",0.716666666666667,0,1,1,0,0,2,0,NA
"2410",2410,2410,"madoqua","guentheri","gunthers_dik_dik",2,9,"N2","human","N2T9","millet",0,1,"2024-10-01 05:58:12","2024-10-01 05:58:53",5.97,"0:00:41",0.683333333333333,0,1,1,0,0,2,0,NA
"2411",2411,2411,"aepyceros","melampus","impala",14,9,"N2","human","N2T9","millet",0,1,"2024-10-01 07:15:26","2024-10-01 07:53:21",7.25722222222222,"0:37:55",37.9166666666667,1,1,1,0,0,2,0,NA
"2412",2412,2412,"aepyceros","melampus","impala",6,9,"N2","human","N2T9","millet",0,1,"2024-10-01 07:15:26","2024-10-01 14:11:03",7.25722222222222,"6:55:37",415.616666666667,1,1,1,0,0,2,0,NA
"2413",2413,2413,"madoqua","guentheri","gunthers_dik_dik",1,9,"N2","human","N2T9","millet",0,1,"2024-10-01 18:57:37","2024-10-01 18:58:35",18.9602777777778,"0:00:58",0.966666666666667,0,1,1,0,0,2,0,NA
"2414",2414,2414,"mus","mspp","nocturnal_rodent",2,9,"N2","human","N2T9","millet",1,1,"2024-10-02 01:25:32","2024-10-02 01:56:32",1.42555555555556,"0:31:00",31,0,1,1,1,0,4,0,NA
"2415",2415,2415,"madoqua","guentheri","gunthers_dik_dik",1,9,"N2","human","N2T9","millet",0,1,"2024-10-02 04:27:50","2024-10-02 04:28:41",4.46388888888889,"0:00:51",0.85,0,1,1,0,0,2,0,NA
"2416",2416,2416,"lepus","lspp","hare",2,9,"N2","human","N2T9","egg",0,1,"2024-10-02 19:14:36","2024-10-02 19:40:17",19.2433333333333,"0:25:41",25.6833333333333,0,1,1,0,0,2,0,NA
"2417",2417,2417,"lepus","lspp","hare",1,9,"N2","human","N2T9","egg",0,1,"2024-10-02 19:59:36","2024-10-02 19:59:48",19.9933333333333,"0:00:12",0.2,0,1,1,0,0,2,0,NA
"2418",2418,2418,"lepus","lspp","hare",1,9,"N2","human","N2T9","egg",0,1,"2024-10-03 01:46:42","2024-10-03 01:47:53",1.77833333333333,"0:01:11",1.18333333333333,0,1,1,0,0,2,0,NA
"2419",2419,2419,"hyaena","hyaena","striped_hyena",1,9,"N2","human","N2T9","egg",1,1,"2024-10-03 18:57:45","2024-10-03 19:00:39",18.9625,"0:02:54",2.9,0,1,1,1,1,4,1,NA
"2420",2420,2420,"lepus","lspp","hare",2,9,"N2","human","N2T9","egg",0,1,"2024-10-03 19:21:15","2024-10-03 19:31:25",19.3541666666667,"0:10:10",10.1666666666667,0,1,1,0,0,2,0,NA
"2421",2421,2421,"ichneumia","albicauda","white_tailed_mongoose",1,9,"N2","human","N2T9","egg",1,1,"2024-10-03 19:32:27","2024-10-03 19:43:29",19.5408333333333,"0:11:02",11.0333333333333,0,1,1,1,0,4,0,NA
"2422",2422,2422,"ichneumia","albicauda","white_tailed_mongoose",1,9,"N2","human","N2T9","egg",1,1,"2024-10-03 20:13:34","2024-10-03 20:14:29",20.2261111111111,"0:00:55",0.916666666666667,0,1,1,1,0,4,0,NA
"2423",2423,2423,"ichneumia","albicauda","white_tailed_mongoose",1,9,"N2","human","N2T9","egg",1,1,"2024-10-03 20:46:38","2024-10-03 20:47:11",20.7772222222222,"0:00:33",0.55,0,1,1,1,0,4,0,NA
"2424",2424,2424,"ichneumia","albicauda","white_tailed_mongoose",1,9,"N2","human","N2T9","egg",1,1,"2024-10-04 00:26:03","2024-10-04 00:27:30",0.434166666666667,"0:01:27",1.45,0,1,1,1,0,4,0,NA
"2425",2425,2425,"madoqua","guentheri","gunthers_dik_dik",2,9,"N2","human","N2T9","egg",0,1,"2024-10-04 06:03:19","2024-10-04 06:30:55",6.05527777777778,"0:27:36",27.6,1,1,1,0,0,2,0,NA
"2426",2426,2426,"aepyceros","melampus","impala",1,9,"N2","human","N2T9","egg",0,1,"2024-10-04 06:55:06","2024-10-04 07:18:59",6.91833333333333,"0:23:53",23.8833333333333,1,1,1,0,0,2,0,NA
"2427",2427,2427,"madoqua","guentheri","gunthers_dik_dik",2,9,"N2","human","N2T9","salt",1,1,"2024-10-04 15:49:15","2024-10-04 15:50:24",15.8208333333333,"0:01:09",1.15,1,1,1,0,0,2,0,NA
"2428",2428,2428,"madoqua","guentheri","gunthers_dik_dik",2,9,"N2","human","N2T9","salt",1,1,"2024-10-04 18:37:22","2024-10-04 18:48:39",18.6227777777778,"0:11:17",11.2833333333333,0,1,1,0,0,2,0,NA
"2429",2429,2429,"madoqua","guentheri","gunthers_dik_dik",2,9,"N2","human","N2T9","salt",1,1,"2024-10-05 05:17:50","2024-10-05 05:30:15",5.29722222222222,"0:12:25",12.4166666666667,0,1,1,0,0,2,0,NA
"2430",2430,2430,"aepyceros","melampus","impala",2,9,"N2","human","N2T9","salt",1,1,"2024-10-05 08:08:21","2024-10-05 08:09:48",8.13916666666667,"0:01:27",1.45,1,1,1,0,0,2,0,NA
"2431",2431,2431,"aepyceros","melampus","impala",10,9,"N2","human","N2T9","salt",1,1,"2024-10-05 08:31:30","2024-10-05 08:45:38",8.525,"0:14:08",14.1333333333333,1,1,1,1,1,4,1,NA
"2432",2432,2432,"madoqua","guentheri","gunthers_dik_dik",1,9,"N2","human","N2T9","salt",1,1,"2024-10-05 09:35:53","2024-10-05 09:35:54",9.59805555555556,"0:00:01",0.0166666666666667,1,1,1,0,0,2,0,NA
"2433",2433,2433,"aepyceros","melampus","impala",10,9,"N2","human","N2T9","salt",1,1,"2024-10-05 09:52:51","2024-10-05 10:09:06",9.88083333333333,"0:16:15",16.25,1,1,1,1,1,4,1,NA
"2434",2434,2434,"aepyceros","melampus","impala",7,9,"N2","human","N2T9","salt",1,1,"2024-10-05 11:39:45","2024-10-05 12:09:57",11.6625,"0:30:12",30.2,1,1,1,1,1,4,1,NA
"2435",2435,2435,"aepyceros","melampus","impala",1,9,"N2","human","N2T9","salt",1,1,"2024-10-05 12:32:03","2024-10-05 12:38:57",12.5341666666667,"0:06:54",6.9,1,1,1,0,0,2,0,NA
"2436",2436,2436,"aepyceros","melampus","impala",1,9,"N2","human","N2T9","salt",1,1,"2024-10-05 13:27:44","2024-10-05 13:30:20",13.4622222222222,"0:02:36",2.6,1,1,1,1,1,4,1,NA
"2437",2437,2437,"madoqua","guentheri","gunthers_dik_dik",2,9,"N2","human","N2T9","salt",1,1,"2024-10-05 14:23:16","2024-10-05 14:30:42",14.3877777777778,"0:07:26",7.43333333333333,1,1,1,0,0,2,0,NA
"2438",2438,2438,"aepyceros","melampus","impala",2,9,"N2","human","N2T9","salt",1,1,"2024-10-05 14:42:19","2024-10-05 14:48:19",14.7052777777778,"0:06:00",6,1,1,1,1,1,4,1,NA
"2439",2439,2439,"aepyceros","melampus","impala",3,9,"N2","human","N2T9","salt",1,1,"2024-10-05 15:54:07","2024-10-05 16:01:42",15.9019444444444,"0:07:35",7.58333333333333,1,1,1,1,1,4,1,NA
"2440",2440,2440,"madoqua","guentheri","gunthers_dik_dik",2,9,"N2","human","N2T9","salt",1,1,"2024-10-05 18:41:06","2024-10-05 18:42:47",18.685,"0:01:41",1.68333333333333,0,1,1,0,0,2,0,NA
"2441",2441,2441,"madoqua","guentheri","gunthers_dik_dik",2,9,"N2","human","N2T9","salt",1,1,"2024-10-06 01:44:22","2024-10-06 01:46:53",1.73944444444444,"0:02:31",2.51666666666667,0,1,1,1,0,4,0,NA
"2442",2442,2442,"madoqua","guentheri","gunthers_dik_dik",2,9,"N2","human","N2T9","salt",1,1,"2024-10-06 07:35:10","2024-10-06 07:36:16",7.58611111111111,"0:01:06",1.1,1,1,1,1,0,4,0,NA
"2443",2443,2443,"lepus","lspp","hare",1,9,"N2","human","N2T10","millet",1,1,"2024-10-01 00:26:31","2024-10-01 00:42:17",0.441944444444444,"0:15:46",15.7666666666667,0,1,1,0,0,2,0,NA
"2444",2444,2444,"lepus","lspp","hare",1,9,"N2","human","N2T10","millet",1,1,"2024-10-01 01:41:27","2024-10-01 01:43:18",1.69083333333333,"0:01:51",1.85,0,1,1,0,0,2,0,NA
"2445",2445,2445,"ichneumia","albicauda","white_tailed_mongoose",1,9,"N2","human","N2T10","millet",0,1,"2024-10-01 05:11:43","2024-10-01 05:11:55",5.19527777777778,"0:00:12",0.2,0,1,1,0,0,2,0,NA
"2446",2446,2446,"genetta","gspp","genets",1,9,"N2","human","N2T10","millet",0,1,"2024-10-01 20:39:12","2024-10-01 20:39:15",20.6533333333333,"0:00:03",0.05,0,1,1,0,0,2,0,NA
"2447",2447,2447,"madoqua","guentheri","gunthers_dik_dik",1,9,"N2","human","N2T10","millet",0,1,"2024-10-01 21:05:37","2024-10-01 21:31:35",21.0936111111111,"0:25:58",25.9666666666667,0,1,1,0,0,2,0,NA
"2448",2448,2448,"madoqua","guentheri","gunthers_dik_dik",1,9,"N2","human","N2T10","millet",0,1,"2024-10-01 22:07:48","2024-10-01 22:16:22",22.13,"0:08:34",8.56666666666667,0,1,1,0,0,2,0,NA
"2449",2449,2449,"madoqua","guentheri","gunthers_dik_dik",1,9,"N2","human","N2T10","millet",0,1,"2024-10-02 06:13:31","2024-10-02 06:21:49",6.22527777777778,"0:08:18",8.3,1,1,1,0,0,2,0,NA
"2450",2450,2450,"genetta","gspp","genets",1,9,"N2","human","N2T10","egg",1,1,"2024-10-03 01:22:49","2024-10-03 01:22:54",1.38027777777778,"0:00:05",0.0833333333333333,0,1,1,0,0,2,0,NA
"2451",2451,2451,"madoqua","guentheri","gunthers_dik_dik",2,9,"N2","human","N2T10","egg",0,1,"2024-10-03 05:51:16","2024-10-03 06:06:24",5.85444444444444,"0:15:08",15.1333333333333,0,1,1,0,0,2,0,NA
"2452",2452,2452,"phacochoerus","africanus","common_warthog",1,9,"N2","human","N2T10","egg",0,1,"2024-10-03 07:43:27","2024-10-03 07:44:13",7.72416666666667,"0:00:46",0.766666666666667,1,1,1,1,0,3,0,NA
"2453",2453,2453,"panthera","pardus","leopard",1,9,"N2","human","N2T10","egg",0,1,"2024-10-03 19:14:26","2024-10-03 19:15:04",19.2405555555556,"0:00:38",0.633333333333333,0,1,1,1,0,3,0,NA
"2454",2454,2454,"ichneumia","albicauda","white_tailed_mongoose",1,9,"N2","human","N2T10","egg",1,1,"2024-10-03 19:54:27","2024-10-03 20:01:25",19.9075,"0:06:58",6.96666666666667,0,1,1,1,1,4,1,NA
"2455",2455,2455,"lepus","lspp","hare",1,9,"N2","human","N2T10","egg",0,1,"2024-10-03 23:47:43","2024-10-03 23:47:48",23.7952777777778,"0:00:05",0.0833333333333333,0,1,1,0,0,2,0,NA
"2456",2456,2456,"ichneumia","albicauda","white_tailed_mongoose",1,9,"N2","human","N2T10","egg",1,1,"2024-10-04 00:36:12","2024-10-04 00:38:56",0.603333333333333,"0:02:44",2.73333333333333,0,1,1,1,0,4,0,NA
"2457",2457,2457,"aepyceros","melampus","impala",6,9,"N2","human","N2T10","salt",1,1,"2024-10-05 07:55:32","2024-10-05 08:02:55",7.92555555555556,"0:07:23",7.38333333333333,1,1,1,1,1,4,1,NA
"2458",2458,2458,"madoqua","guentheri","gunthers_dik_dik",2,9,"N2","human","N2T10","salt",1,1,"2024-10-05 08:50:02","2024-10-05 08:55:42",8.83388888888889,"0:05:40",5.66666666666667,1,1,1,1,0,4,0,NA
"2459",2459,2459,"aepyceros","melampus","impala",12,9,"N2","human","N2T10","salt",1,1,"2024-10-05 10:14:06","2024-10-05 11:18:35",10.235,"1:04:29",64.4833333333333,1,1,1,1,1,4,1,NA
"2460",2460,2460,"aepyceros","melampus","impala",5,9,"N2","human","N2T10","salt",1,1,"2024-10-05 13:51:53","2024-10-05 14:05:48",13.8647222222222,"0:13:55",13.9166666666667,1,1,1,1,1,4,1,NA
"2461",2461,2461,"aepyceros","melampus","impala",6,9,"N2","human","N2T10","salt",1,1,"2024-10-05 15:23:13","2024-10-05 15:53:57",15.3869444444444,"0:30:44",30.7333333333333,1,1,1,1,1,4,1,NA
"2462",2462,2462,"madoqua","guentheri","gunthers_dik_dik",1,9,"N2","human","N2T10","salt",1,1,"2024-10-05 17:53:04","2024-10-05 17:55:41",17.8844444444444,"0:02:37",2.61666666666667,1,1,1,1,0,4,0,NA
"2463",2463,2463,"madoqua","guentheri","gunthers_dik_dik",1,9,"N2","human","N2T10","salt",1,1,"2024-10-06 05:39:34","2024-10-06 05:43:24",5.65944444444444,"0:03:50",3.83333333333333,0,1,1,1,0,4,0,NA
"2464",2464,2464,"madoqua","guentheri","gunthers_dik_dik",2,9,"N2","human","N2T11","millet",0,1,"2024-09-30 09:21:17","2024-09-30 09:42:46",9.35472222222222,"0:21:29",21.4833333333333,1,1,1,0,0,2,0,NA
"2465",2465,2465,"lepus","lspp","hare",1,9,"N2","human","N2T11","millet",1,1,"2024-10-01 01:18:17","2024-10-01 01:38:52",1.30472222222222,"0:20:35",20.5833333333333,0,1,1,0,0,2,0,NA
"2466",2466,2466,"madoqua","guentheri","gunthers_dik_dik",1,9,"N2","human","N2T11","millet",0,1,"2024-10-01 06:00:27","2024-10-01 06:01:23",6.0075,"0:00:56",0.933333333333333,0,1,1,0,0,2,0,NA
"2467",2467,2467,"lepus","lspp","hare",1,9,"N2","human","N2T11","millet",1,1,"2024-10-01 22:34:22","2024-10-01 22:38:09",22.5727777777778,"0:03:47",3.78333333333333,0,1,1,0,0,2,0,NA
"2468",2468,2468,"madoqua","guentheri","gunthers_dik_dik",2,9,"N2","human","N2T11","millet",0,1,"2024-10-01 22:56:02","2024-10-01 22:59:08",22.9338888888889,"0:03:06",3.1,0,1,1,0,0,2,0,NA
"2469",2469,2469,"madoqua","guentheri","gunthers_dik_dik",1,9,"N2","human","N2T11","millet",0,1,"2024-10-01 23:26:37","2024-10-01 23:57:58",23.4436111111111,"0:31:21",31.35,0,1,1,0,0,2,0,NA
"2470",2470,2470,"madoqua","guentheri","gunthers_dik_dik",1,9,"N2","human","N2T11","millet",0,1,"2024-10-02 01:15:07","2024-10-02 01:38:33",1.25194444444444,"0:23:26",23.4333333333333,0,1,1,0,0,2,0,NA
"2471",2471,2471,"madoqua","guentheri","gunthers_dik_dik",1,9,"N2","human","N2T11","millet",0,1,"2024-10-02 01:59:30","2024-10-02 04:17:21",1.99166666666667,"2:17:51",137.85,0,1,1,0,0,2,0,NA
"2472",2472,2472,"madoqua","guentheri","gunthers_dik_dik",1,9,"N2","human","N2T11","millet",0,1,"2024-10-02 06:35:28","2024-10-02 06:50:55",6.59111111111111,"0:15:27",15.45,0,1,1,0,0,2,0,NA
"2473",2473,2473,"madoqua","guentheri","gunthers_dik_dik",1,9,"N2","human","N2T11","egg",0,1,"2024-10-02 10:46:25","2024-10-02 11:07:09",10.7736111111111,"0:20:44",20.7333333333333,1,1,1,0,0,2,0,NA
"2474",2474,2474,"madoqua","guentheri","gunthers_dik_dik",1,9,"N2","human","N2T11","egg",0,1,"2024-10-02 11:51:11","2024-10-02 12:50:27",11.8530555555556,"0:59:16",59.2666666666667,1,1,1,0,0,2,0,NA
"2475",2475,2475,"madoqua","guentheri","gunthers_dik_dik",1,9,"N2","human","N2T11","egg",0,1,"2024-10-02 13:14:26","2024-10-02 13:16:00",13.2405555555556,"0:01:34",1.56666666666667,1,1,1,0,0,2,0,NA
"2476",2476,2476,"madoqua","guentheri","gunthers_dik_dik",1,9,"N2","human","N2T11","egg",0,1,"2024-10-02 14:06:52","2024-10-02 14:27:06",14.1144444444444,"0:20:14",20.2333333333333,1,1,1,0,0,2,0,NA
"2477",2477,2477,"madoqua","guentheri","gunthers_dik_dik",1,9,"N2","human","N2T11","egg",0,1,"2024-10-02 14:44:08","2024-10-02 15:03:38",14.7355555555556,"0:19:30",19.5,1,1,1,0,0,2,0,NA
"2478",2478,2478,"madoqua","guentheri","gunthers_dik_dik",1,9,"N2","human","N2T11","egg",0,1,"2024-10-02 17:01:05","2024-10-02 17:01:11",17.0180555555556,"0:00:06",0.1,1,1,1,0,0,2,0,NA
"2479",2479,2479,"hyaena","hyaena","striped_hyena",1,9,"N2","human","N2T11","egg",1,1,"2024-10-02 22:57:59","2024-10-02 23:00:05",22.9663888888889,"0:02:06",2.1,0,1,1,1,1,4,1,NA
"2480",2480,2480,"madoqua","guentheri","gunthers_dik_dik",2,9,"N2","human","N2T11","egg",0,1,"2024-10-03 01:57:58","2024-10-03 02:10:33",1.96611111111111,"0:12:35",12.5833333333333,0,1,1,0,0,2,0,NA
"2481",2481,2481,"madoqua","guentheri","gunthers_dik_dik",1,9,"N2","human","N2T11","egg",0,1,"2024-10-03 07:52:25","2024-10-03 08:00:04",7.87361111111111,"0:07:39",7.65,1,1,1,0,0,2,0,NA
"2482",2482,2482,"aepyceros","melampus","impala",1,9,"N2","human","N2T11","egg",0,1,"2024-10-03 08:40:05","2024-10-03 09:18:20",8.66805555555555,"0:38:15",38.25,1,1,1,0,0,2,0,NA
"2483",2483,2483,"aepyceros","melampus","impala",2,9,"N2","human","N2T11","egg",0,1,"2024-10-03 09:48:04","2024-10-03 09:50:12",9.80111111111111,"0:02:08",2.13333333333333,1,1,1,0,0,2,0,NA
"2484",2484,2484,"aepyceros","melampus","impala",1,9,"N2","human","N2T11","egg",0,1,"2024-10-03 10:13:49","2024-10-03 10:32:06",10.2302777777778,"0:18:17",18.2833333333333,1,1,1,0,0,2,0,NA
"2485",2485,2485,"aepyceros","melampus","impala",1,9,"N2","human","N2T11","egg",0,1,"2024-10-03 11:25:37","2024-10-03 12:11:04",11.4269444444444,"0:45:27",45.45,1,1,1,0,0,2,0,NA
"2486",2486,2486,"aepyceros","melampus","impala",1,9,"N2","human","N2T11","egg",0,1,"2024-10-03 14:33:38","2024-10-03 14:40:35",14.5605555555556,"0:06:57",6.95,1,1,1,0,0,2,0,NA
"2487",2487,2487,"aepyceros","melampus","impala",1,9,"N2","human","N2T11","egg",0,1,"2024-10-03 15:15:28","2024-10-03 15:16:52",15.2577777777778,"0:01:24",1.4,1,1,1,0,0,2,0,NA
"2488",2488,2488,"madoqua","guentheri","gunthers_dik_dik",1,9,"N2","human","N2T11","egg",0,1,"2024-10-03 18:25:37","2024-10-03 18:35:18",18.4269444444444,"0:09:41",9.68333333333333,1,1,1,0,0,2,0,NA
"2489",2489,2489,"ichneumia","albicauda","white_tailed_mongoose",1,9,"N2","human","N2T11","egg",1,1,"2024-10-03 21:53:36","2024-10-03 21:59:06",21.8933333333333,"0:05:30",5.5,0,1,1,1,1,4,1,NA
"2490",2490,2490,"madoqua","guentheri","gunthers_dik_dik",2,9,"N2","human","N2T11","egg",0,1,"2024-10-03 22:49:37","2024-10-03 23:41:41",22.8269444444444,"0:52:04",52.0666666666667,0,1,1,0,0,2,0,NA
"2491",2491,2491,"ichneumia","albicauda","white_tailed_mongoose",1,9,"N2","human","N2T11","egg",1,1,"2024-10-03 23:46:58","2024-10-03 23:47:03",23.7827777777778,"0:00:05",0.0833333333333333,0,1,1,0,0,2,0,NA
"2492",2492,2492,"madoqua","guentheri","gunthers_dik_dik",2,9,"N2","human","N2T11","egg",0,1,"2024-10-03 23:51:36","2024-10-04 00:39:39",23.86,"0:48:03",48.05,0,1,1,0,0,2,0,NA
"2493",2493,2493,"lepus","lspp","hare",1,9,"N2","human","N2T11","egg",0,1,"2024-10-04 00:52:42","2024-10-04 00:52:48",0.878333333333333,"0:00:06",0.1,0,1,1,0,0,2,0,NA
"2494",2494,2494,"hystrix","cristata","crested_porcupine",1,9,"N2","human","N2T11","egg",0,1,"2024-10-04 01:27:04","2024-10-04 01:27:06",1.45111111111111,"0:00:02",0.0333333333333333,0,1,1,0,0,2,0,NA
"2495",2495,2495,"ichneumia","albicauda","white_tailed_mongoose",1,9,"N2","human","N2T11","egg",1,1,"2024-10-04 02:22:12","2024-10-04 02:22:24",2.37,"0:00:12",0.2,0,1,1,0,0,2,0,NA
"2496",2496,2496,"madoqua","guentheri","gunthers_dik_dik",1,9,"N2","human","N2T11","egg",0,1,"2024-10-04 04:39:04","2024-10-04 05:57:31",4.65111111111111,"1:18:27",78.45,0,1,1,0,0,2,0,NA
"2497",2497,2497,"canis","mesomelas","black_backed_jackal",1,9,"N2","human","N2T11","egg",1,1,"2024-10-04 06:10:09","2024-10-04 06:10:40",6.16916666666667,"0:00:31",0.516666666666667,1,1,1,0,0,2,0,NA
"2498",2498,2498,"madoqua","guentheri","gunthers_dik_dik",1,9,"N2","human","N2T11","egg",0,1,"2024-10-04 06:30:24","2024-10-04 06:35:19",6.50666666666667,"0:04:55",4.91666666666667,1,1,1,0,0,2,0,NA
"2499",2499,2499,"madoqua","guentheri","gunthers_dik_dik",1,9,"N2","human","N2T11","salt",1,1,"2024-10-04 13:45:39","2024-10-04 13:55:14",13.7608333333333,"0:09:35",9.58333333333333,1,1,1,1,0,3,0,NA
"2500",2500,2500,"madoqua","guentheri","gunthers_dik_dik",1,9,"N2","human","N2T11","salt",1,1,"2024-10-04 18:24:28","2024-10-04 18:30:57",18.4077777777778,"0:06:29",6.48333333333333,1,1,1,1,0,3,0,NA
"2501",2501,2501,"ichneumia","albicauda","white_tailed_mongoose",1,9,"N2","human","N2T11","salt",0,1,"2024-10-04 19:41:06","2024-10-04 19:41:08",19.685,"0:00:02",0.0333333333333333,0,1,1,1,0,3,0,NA
"2502",2502,2502,"hyaena","hyaena","striped_hyena",1,9,"N2","human","N2T11","salt",0,1,"2024-10-04 20:59:09","2024-10-04 20:59:10",20.9858333333333,"0:00:01",0.0166666666666667,0,1,1,0,0,2,0,NA
"2503",2503,2503,"hyaena","hyaena","striped_hyena",1,9,"N2","human","N2T11","salt",0,1,"2024-10-04 21:27:41","2024-10-04 21:27:42",21.4613888888889,"0:00:01",0.0166666666666667,0,1,1,0,0,2,0,NA
"2504",2504,2504,"madoqua","guentheri","gunthers_dik_dik",3,9,"N2","human","N2T11","salt",1,1,"2024-10-04 22:20:28","2024-10-04 22:33:58",22.3411111111111,"0:13:30",13.5,0,1,1,0,0,2,0,NA
"2505",2505,2505,"madoqua","guentheri","gunthers_dik_dik",1,9,"N2","human","N2T11","salt",1,1,"2024-10-05 00:08:33","2024-10-05 00:13:37",0.1425,"0:05:04",5.06666666666667,0,1,1,0,0,2,0,NA
"2506",2506,2506,"hystrix","cristata","crested_porcupine",1,9,"N2","human","N2T11","salt",0,1,"2024-10-05 00:33:28","2024-10-05 00:34:34",0.557777777777778,"0:01:06",1.1,0,1,1,1,0,3,0,NA
"2507",2507,2507,"madoqua","guentheri","gunthers_dik_dik",2,9,"N2","human","N2T11","salt",1,1,"2024-10-05 01:50:11","2024-10-05 01:53:17",1.83638888888889,"0:03:06",3.1,0,1,1,0,0,2,0,NA
"2508",2508,2508,"ichneumia","albicauda","white_tailed_mongoose",1,9,"N2","human","N2T11","salt",0,1,"2024-10-05 02:35:25","2024-10-05 02:35:26",2.59027777777778,"0:00:01",0.0166666666666667,0,1,1,1,0,3,0,NA
"2509",2509,2509,"madoqua","guentheri","gunthers_dik_dik",1,9,"N2","human","N2T11","salt",1,1,"2024-10-05 06:07:17","2024-10-05 06:12:34",6.12138888888889,"0:05:17",5.28333333333333,1,1,1,0,0,2,0,NA
"2510",2510,2510,"aepyceros","melampus","impala",10,9,"N2","human","N2T11","salt",1,1,"2024-10-05 10:35:23","2024-10-05 12:59:14",10.5897222222222,"2:23:51",143.85,1,1,1,1,1,4,1,NA
"2511",2511,2511,"madoqua","guentheri","gunthers_dik_dik",2,9,"N2","human","N2T11","salt",1,1,"2024-10-05 18:33:21","2024-10-05 18:35:16",18.5558333333333,"0:01:55",1.91666666666667,0,1,1,0,0,2,0,NA
"2512",2512,2512,"lepus","lspp","hare",2,9,"N2","human","N2T11","salt",0,1,"2024-10-06 01:13:31","2024-10-06 01:38:00",1.22527777777778,"0:24:29",24.4833333333333,0,1,1,1,0,4,0,NA
"2513",2513,2513,"madoqua","guentheri","gunthers_dik_dik",2,9,"N2","human","N2T11","salt",1,1,"2024-10-06 05:50:17","2024-10-06 05:52:18",5.83805555555556,"0:02:01",2.01666666666667,0,1,1,0,0,2,0,NA
"2514",2514,2514,"aepyceros","melampus","impala",4,9,"N2","human","N2T11","salt",1,1,"2024-10-06 05:52:48","2024-10-06 06:29:07",5.88,"0:36:19",36.3166666666667,0,1,1,1,1,4,1,NA
"2515",2515,2515,"madoqua","guentheri","gunthers_dik_dik",2,9,"N2","human","N2T11","salt",1,1,"2024-10-06 06:59:33","2024-10-06 07:01:53",6.9925,"0:02:20",2.33333333333333,1,1,1,1,0,4,0,NA
"2516",2516,2516,"aepyceros","melampus","impala",3,9,"N2","human","N2T11","salt",1,1,"2024-10-06 07:27:24","2024-10-06 07:28:34",7.45666666666667,"0:01:10",1.16666666666667,1,1,1,1,0,4,0,NA
"2517",2517,2517,"madoqua","guentheri","gunthers_dik_dik",1,9,"N2","human","N2T11","salt",1,1,"2024-10-06 07:41:43","2024-10-06 07:41:45",7.69527777777778,"0:00:02",0.0333333333333333,1,1,1,0,0,2,0,NA
"2518",2518,2518,"madoqua","guentheri","gunthers_dik_dik",1,9,"N2","human","N2T12","millet",0,1,"2024-09-30 08:36:16","2024-09-30 08:37:20",8.60444444444444,"0:01:04",1.06666666666667,1,1,1,0,0,2,0,NA
"2519",2519,2519,"xerus","erythropus","ground_squirrels",1,9,"N2","human","N2T12","millet",1,1,"2024-09-30 09:10:16","2024-09-30 09:10:19",9.17111111111111,"0:00:03",0.05,1,1,1,0,0,2,0,NA
"2520",2520,2520,"madoqua","guentheri","gunthers_dik_dik",2,9,"N2","human","N2T12","millet",0,1,"2024-09-30 09:39:18","2024-09-30 09:46:33",9.655,"0:07:15",7.25,1,1,1,0,0,2,0,NA
"2521",2521,2521,"madoqua","guentheri","gunthers_dik_dik",1,9,"N2","human","N2T12","millet",0,1,"2024-09-30 10:12:29","2024-09-30 10:24:41",10.2080555555556,"0:12:12",12.2,1,1,1,0,0,2,0,NA
"2522",2522,2522,"lepus","lspp","hare",1,9,"N2","human","N2T12","millet",1,1,"2024-09-30 18:48:37","2024-09-30 19:05:47",18.8102777777778,"0:17:10",17.1666666666667,0,1,1,0,0,2,0,NA
"2523",2523,2523,"lepus","lspp","hare",1,9,"N2","human","N2T12","millet",1,1,"2024-09-30 20:16:11","2024-09-30 20:17:11",20.2697222222222,"0:01:00",1,0,1,1,1,0,3,0,NA
"2524",2524,2524,"madoqua","guentheri","gunthers_dik_dik",1,9,"N2","human","N2T12","millet",0,1,"2024-10-01 00:49:11","2024-10-01 00:50:59",0.819722222222222,"0:01:48",1.8,0,1,1,0,0,2,0,NA
"2525",2525,2525,"madoqua","guentheri","gunthers_dik_dik",2,9,"N2","human","N2T12","millet",0,1,"2024-10-01 03:14:59","2024-10-01 04:00:03",3.24972222222222,"0:45:04",45.0666666666667,0,1,1,0,0,2,0,NA
"2526",2526,2526,"genetta","gspp","genets",1,9,"N2","human","N2T12","millet",0,1,"2024-10-01 05:27:14","2024-10-01 05:27:20",5.45388888888889,"0:00:06",0.1,0,1,1,0,0,2,0,NA
"2527",2527,2527,"madoqua","guentheri","gunthers_dik_dik",2,9,"N2","human","N2T12","millet",0,1,"2024-10-01 18:39:30","2024-10-01 18:47:49",18.6583333333333,"0:08:19",8.31666666666667,0,1,1,0,0,2,0,NA
"2528",2528,2528,"lepus","lspp","hare",2,9,"N2","human","N2T12","millet",1,1,"2024-10-02 00:51:23","2024-10-01 01:30:16",0.856388888888889,"0:38:53",38.8833333333333,0,1,1,1,0,3,0,NA
"2529",2529,2529,"madoqua","guentheri","gunthers_dik_dik",1,9,"N2","human","N2T12","millet",0,1,"2024-10-02 01:39:04","2024-10-02 01:40:20",1.65111111111111,"0:01:16",1.26666666666667,0,1,1,0,0,2,0,NA
"2530",2530,2530,"lepus","lspp","hare",1,9,"N2","human","N2T12","millet",1,1,"2024-10-02 01:59:35","2024-10-02 02:26:46",1.99305555555556,"0:27:11",27.1833333333333,0,1,1,0,0,2,0,NA
"2531",2531,2531,"crocuta","crocuta","spotted_hyena",1,9,"N2","human","N2T12","millet",0,1,"2024-10-02 02:50:10","2024-10-02 02:50:18",2.83611111111111,"0:00:08",0.133333333333333,0,1,1,0,0,2,0,NA
"2532",2532,2532,"madoqua","guentheri","gunthers_dik_dik",2,9,"N2","human","N2T12","millet",0,1,"2024-10-02 06:16:25","2024-10-02 06:41:15",6.27361111111111,"0:24:50",24.8333333333333,1,1,1,0,0,2,0,NA
"2533",2533,2533,"madoqua","guentheri","gunthers_dik_dik",2,9,"N2","human","N2T12","millet",0,1,"2024-10-02 07:40:44","2024-10-02 07:57:25",7.67888888888889,"0:16:41",16.6833333333333,1,1,1,0,0,2,0,NA
"2534",2534,2534,"madoqua","guentheri","gunthers_dik_dik",1,9,"N2","human","N2T12","egg",0,1,"2024-10-02 08:54:23","2024-10-02 08:57:15",8.90638888888889,"0:02:52",2.86666666666667,1,1,1,0,0,2,0,NA
"2535",2535,2535,"lepus","lspp","hare",1,9,"N2","human","N2T12","egg",0,1,"2024-10-02 18:59:57","2024-10-02 19:25:07",18.9991666666667,"0:25:10",25.1666666666667,0,1,1,0,0,2,0,NA
"2536",2536,2536,"lepus","lspp","hare",1,9,"N2","human","N2T12","egg",0,1,"2024-10-02 22:11:12","2024-10-02 22:51:35",22.1866666666667,"0:40:23",40.3833333333333,0,1,1,0,0,2,0,NA
"2537",2537,2537,"madoqua","guentheri","gunthers_dik_dik",2,9,"N2","human","N2T12","egg",0,1,"2024-10-02 23:36:40","2024-10-02 23:52:53",23.6111111111111,"0:16:13",16.2166666666667,0,1,1,0,0,2,0,NA
"2538",2538,2538,"madoqua","guentheri","gunthers_dik_dik",2,9,"N2","human","N2T12","egg",0,1,"2024-10-03 00:16:57","2024-10-03 01:39:41",0.2825,"1:22:44",82.7333333333333,0,1,1,0,0,2,0,NA
"2539",2539,2539,"genetta","gspp","genets",1,9,"N2","human","N2T12","egg",1,1,"2024-10-03 01:10:54","2024-10-03 01:11:02",1.18166666666667,"0:00:08",0.133333333333333,0,1,1,0,0,2,0,NA
"2540",2540,2540,"madoqua","guentheri","gunthers_dik_dik",1,9,"N2","human","N2T12","egg",0,1,"2024-10-03 05:32:12","2024-10-03 05:34:35",5.53666666666667,"0:02:23",2.38333333333333,0,1,1,0,0,2,0,NA
"2541",2541,2541,"ichneumia","albicauda","white_tailed_mongoose",1,9,"N2","human","N2T12","egg",1,1,"2024-10-03 05:34:43","2024-10-03 05:43:16",5.57861111111111,"0:08:33",8.55,0,1,1,1,1,4,1,NA
"2542",2542,2542,"lepus","lspp","hare",1,9,"N2","human","N2T12","egg",0,1,"2024-10-03 06:00:58","2024-10-03 06:01:53",6.01611111111111,"0:00:55",0.916666666666667,0,1,1,0,0,2,0,NA
"2543",2543,2543,"aepyceros","melampus","impala",1,9,"N2","human","N2T12","egg",0,1,"2024-10-03 07:31:48","2024-10-03 07:36:20",7.53,"0:04:32",4.53333333333333,1,1,1,0,0,2,0,NA
"2544",2544,2544,"madoqua","guentheri","gunthers_dik_dik",1,9,"N2","human","N2T12","egg",0,1,"2024-10-03 10:03:09","2024-10-03 10:15:39",10.0525,"0:12:30",12.5,1,1,1,0,0,2,0,NA
"2545",2545,2545,"madoqua","guentheri","gunthers_dik_dik",2,9,"N2","human","N2T12","egg",0,1,"2024-10-03 17:42:04","2024-10-03 18:07:09",17.7011111111111,"0:25:05",25.0833333333333,1,1,1,0,0,2,0,NA
"2546",2546,2546,"phacochoerus","africanus","common_warthog",1,9,"N2","human","N2T12","egg",0,1,"2024-10-03 18:34:49","2024-10-03 18:35:34",18.5802777777778,"0:00:45",0.75,0,1,1,0,0,2,0,NA
"2547",2547,2547,"madoqua","guentheri","gunthers_dik_dik",2,9,"N2","human","N2T12","egg",0,1,"2024-10-03 19:05:51","2024-10-03 19:29:38",19.0975,"0:23:47",23.7833333333333,0,1,1,0,0,2,0,NA
"2548",2548,2548,"lepus","lspp","hare",1,9,"N2","human","N2T12","egg",0,1,"2024-10-03 20:02:05","2024-10-03 20:23:04",20.0347222222222,"0:20:59",20.9833333333333,0,1,1,0,0,2,0,NA
"2549",2549,2549,"madoqua","guentheri","gunthers_dik_dik",2,9,"N2","human","N2T12","egg",0,1,"2024-10-03 20:48:13","2024-10-03 20:52:48",20.8036111111111,"0:04:35",4.58333333333333,0,1,1,0,0,2,0,NA
"2550",2550,2550,"genetta","gspp","genets",1,9,"N2","human","N2T12","egg",1,1,"2024-10-03 21:06:54","2024-10-03 21:07:25",21.115,"0:00:31",0.516666666666667,0,1,1,0,0,2,0,NA
"2551",2551,2551,"ichneumia","albicauda","white_tailed_mongoose",1,9,"N2","human","N2T12","egg",1,1,"2024-10-03 21:12:44","2024-10-03 21:25:18",21.2122222222222,"0:12:34",12.5666666666667,0,1,1,1,1,4,1,NA
"2552",2552,2552,"hystrix","cristata","crested_porcupine",1,9,"N2","human","N2T12","egg",0,1,"2024-10-03 23:56:23","2024-10-04 00:13:59",23.9397222222222,"0:17:36",17.6,0,1,1,1,0,3,0,NA
"2553",2553,2553,"ichneumia","albicauda","white_tailed_mongoose",1,9,"N2","human","N2T12","egg",1,1,"2024-10-04 01:57:49","2024-10-04 01:58:51",1.96361111111111,"0:01:02",1.03333333333333,0,1,1,1,0,4,0,NA
"2554",2554,2554,"ichneumia","albicauda","white_tailed_mongoose",1,9,"N2","human","N2T12","egg",1,1,"2024-10-04 03:42:13","2024-10-04 03:45:25",3.70361111111111,"0:03:12",3.2,0,1,1,1,0,4,0,NA
"2555",2555,2555,"madoqua","guentheri","gunthers_dik_dik",3,9,"N2","human","N2T12","egg",0,1,"2024-10-04 05:48:52","2024-10-04 06:02:58",5.81444444444444,"0:14:06",14.1,0,1,1,0,0,2,0,NA
"2556",2556,2556,"madoqua","guentheri","gunthers_dik_dik",2,9,"N2","human","N2T12","egg",0,1,"2024-10-04 06:25:15","2024-10-04 06:31:58",6.42083333333333,"0:06:43",6.71666666666667,1,1,1,0,0,2,0,NA
"2557",2557,2557,"madoqua","guentheri","gunthers_dik_dik",2,9,"N2","human","N2T12","egg",0,1,"2024-10-04 06:52:41","2024-10-04 07:02:21",6.87805555555556,"0:09:40",9.66666666666667,1,1,1,0,0,2,0,NA
"2558",2558,2558,"ichneumia","albicauda","white_tailed_mongoose",1,9,"N2","human","N2T12","salt",0,1,"2024-10-04 19:13:26","2024-10-04 19:13:27",19.2238888888889,"0:00:01",0.0166666666666667,0,1,1,1,0,3,0,NA
"2559",2559,2559,"genetta","gspp","genets",1,9,"N2","human","N2T12","salt",0,1,"2024-10-04 23:32:17","2024-10-04 23:32:19",23.5380555555556,"0:00:02",0.0333333333333333,0,1,1,1,0,3,0,NA
"2560",2560,2560,"madoqua","guentheri","gunthers_dik_dik",2,9,"N2","human","N2T12","salt",1,1,"2024-10-05 01:15:15","2024-10-05 02:32:33",1.25416666666667,"1:17:18",77.3,0,1,1,1,0,4,0,NA
"2561",2561,2561,"hystrix","cristata","crested_porcupine",1,9,"N2","human","N2T12","salt",0,1,"2024-10-05 01:53:33","2024-10-05 01:53:34",1.8925,"0:00:01",0.0166666666666667,0,1,1,1,0,3,0,NA
"2562",2562,2562,"madoqua","guentheri","gunthers_dik_dik",2,9,"N2","human","N2T12","salt",1,1,"2024-10-05 04:21:44","2024-10-05 05:02:27",4.36222222222222,"0:40:43",40.7166666666667,0,1,1,1,0,4,0,NA
"2563",2563,2563,"madoqua","guentheri","gunthers_dik_dik",1,9,"N2","human","N2T12","salt",1,1,"2024-10-05 05:49:48","2024-10-05 06:01:44",5.83,"0:11:56",11.9333333333333,0,1,1,1,0,4,0,NA
"2564",2564,2564,"madoqua","guentheri","gunthers_dik_dik",2,9,"N2","human","N2T12","salt",1,1,"2024-10-05 08:35:37","2024-10-05 09:15:55",8.59361111111111,"0:40:18",40.3,1,1,1,1,1,4,1,NA
"2565",2565,2565,"madoqua","guentheri","gunthers_dik_dik",1,9,"N2","human","N2T12","salt",1,1,"2024-10-05 13:59:26","2024-10-05 13:59:28",13.9905555555556,"0:00:02",0.0333333333333333,1,1,1,0,0,2,0,NA
"2566",2566,2566,"papio","anubis","olive_baboon",1,9,"N2","human","N2T12","salt",1,1,"2024-10-05 14:00:48","2024-10-05 14:02:30",14.0133333333333,"0:01:42",1.7,1,1,1,0,0,2,0,NA
"2567",2567,2567,"madoqua","guentheri","gunthers_dik_dik",1,9,"N2","human","N2T12","salt",1,1,"2024-10-05 16:21:02","2024-10-05 16:23:03",16.3505555555556,"0:02:01",2.01666666666667,1,1,1,0,0,2,0,NA
"2568",2568,2568,"madoqua","guentheri","gunthers_dik_dik",2,9,"N2","human","N2T12","salt",1,1,"2024-10-05 17:10:01","2024-10-05 17:25:07",17.1669444444444,"0:15:06",15.1,1,1,1,1,0,3,0,NA
"2569",2569,2569,"hyaena","hyaena","striped_hyena",1,9,"N2","human","N2T12","salt",0,1,"2024-10-05 18:35:20","2024-10-05 18:35:22",18.5888888888889,"0:00:02",0.0333333333333333,0,1,1,1,0,3,0,NA
"2570",2570,2570,"crocuta","crocuta","spotted_hyena",1,9,"N2","human","N2T12","salt",0,1,"2024-10-05 18:51:21","2024-10-05 19:51:22",18.8558333333333,"1:00:01",60.0166666666667,0,1,1,0,0,2,0,NA
"2571",2571,2571,"madoqua","guentheri","gunthers_dik_dik",2,9,"N2","human","N2T12","salt",1,1,"2024-10-05 18:54:27","2024-10-05 18:58:17",18.9075,"0:03:50",3.83333333333333,0,1,1,1,1,4,1,NA
"2572",2572,2572,"hyaena","hyaena","striped_hyena",1,9,"N2","human","N2T12","salt",0,1,"2024-10-05 20:14:20","2024-10-05 20:14:21",20.2388888888889,"0:00:01",0.0166666666666667,0,1,1,0,0,2,0,NA
"2573",2573,2573,"madoqua","guentheri","gunthers_dik_dik",1,9,"N2","human","N2T12","salt",1,1,"2024-10-05 23:25:01","2024-10-05 23:33:23",23.4169444444444,"0:08:22",8.36666666666667,0,1,1,1,0,4,0,NA
"2574",2574,2574,"lepus","lspp","hare",1,9,"N2","human","N2T12","salt",0,1,"2024-10-05 23:39:54","2024-10-05 23:57:26",23.665,"0:17:32",17.5333333333333,0,1,1,0,0,2,0,NA
"2575",2575,2575,"ichneumia","albicauda","white_tailed_mongoose",1,9,"N2","human","N2T12","salt",0,1,"2024-10-06 00:36:30","2024-10-06 00:36:32",0.608333333333333,"0:00:02",0.0333333333333333,0,1,1,0,0,2,0,NA
"2576",2576,2576,"lepus","lspp","hare",1,9,"N2","human","N2T12","salt",0,1,"2024-10-06 02:31:09","2024-10-06 02:33:55",2.51916666666667,"0:02:46",2.76666666666667,0,1,1,1,0,4,0,NA
"2577",2577,2577,"madoqua","guentheri","gunthers_dik_dik",1,9,"N2","human","N2T12","salt",1,1,"2024-10-06 02:45:07","2024-10-06 03:30:43",2.75194444444444,"0:45:36",45.6,0,1,1,1,1,4,1,NA
"2578",2578,2578,"madoqua","guentheri","gunthers_dik_dik",2,9,"N2","human","N2T12","salt",1,1,"2024-10-06 05:00:12","2024-10-06 05:08:34",5.00333333333333,"0:08:22",8.36666666666667,0,1,1,1,1,4,1,NA
"2579",2579,2579,"lepus","lspp","hare",1,9,"S2","control","S2T1","millet",1,1,"2024-10-01 00:06:13","2024-10-01 00:07:44",0.103611111111111,"0:01:31",1.51666666666667,0,1,1,0,0,2,0,NA
"2580",2580,2580,"madoqua","guentheri","gunthers_dik_dik",2,9,"S2","control","S2T1","millet",0,1,"2024-10-01 04:28:32","2024-10-01 04:50:21",4.47555555555556,"0:21:49",21.8166666666667,0,1,1,0,0,2,0,NA
"2581",2581,2581,"papio","anubis","olive_baboon",5,9,"S2","control","S2T1","millet",0,1,"2024-10-01 16:19:25","2024-10-01 16:30:04",16.3236111111111,"0:10:39",10.65,0,1,1,1,0,4,0,NA
"2582",2582,2582,"ichneumia","albicauda","white_tailed_mongoose",1,9,"S2","control","S2T1","millet",0,1,"2024-10-01 23:05:12","2024-10-01 23:06:06",23.0866666666667,"0:00:54",0.9,0,1,1,0,0,2,0,NA
"2583",2583,2583,"madoqua","guentheri","gunthers_dik_dik",1,9,"S2","control","S2T1","millet",0,1,"2024-10-02 00:29:20","2024-10-02 00:45:45",0.488888888888889,"0:16:25",16.4166666666667,0,1,1,0,0,2,0,NA
"2584",2584,2584,"aepyceros","melampus","impala",4,9,"S2","control","S2T1","millet",0,1,"2024-10-02 05:51:26","2024-10-02 06:33:04",5.85722222222222,"0:41:38",41.6333333333333,1,1,1,0,0,2,0,NA
"2585",2585,2585,"madoqua","guentheri","gunthers_dik_dik",2,9,"S2","control","S2T1","millet",0,1,"2024-10-02 08:33:14","2024-10-02 08:35:34",8.55388888888889,"0:02:20",2.33333333333333,1,1,1,0,0,2,0,NA
"2586",2586,2586,"madoqua","guentheri","gunthers_dik_dik",1,9,"S2","control","S2T1","millet",0,1,"2024-10-02 09:56:04","2024-10-02 09:56:38",9.93444444444444,"0:00:34",0.566666666666667,1,1,1,0,0,2,0,NA
"2587",2587,2587,"xerus","rutilus","ground_squirrels",1,9,"S2","control","S2T1","egg",0,1,"2024-10-02 10:32:25","2024-10-02 10:32:31",10.5402777777778,"0:00:06",0.1,1,1,1,0,0,2,0,NA
"2588",2588,2588,"papio","anubis","olive_baboon",7,9,"S2","control","S2T1","egg",0,1,"2024-10-02 15:05:03","2024-10-02 15:10:38",15.0841666666667,"0:05:35",5.58333333333333,1,1,1,1,1,4,1,NA
"2589",2589,2589,"aepyceros","melampus","impala",4,9,"S2","control","S2T1","egg",0,1,"2024-10-02 21:49:59","2024-10-02 23:29:08",21.8330555555556,"1:39:09",99.15,0,1,1,0,0,2,0,NA
"2590",2590,2590,"aepyceros","melampus","impala",2,9,"S2","control","S2T1","egg",0,1,"2024-10-03 00:32:57","2024-10-03 01:01:33",0.549166666666667,"0:28:36",28.6,0,1,1,0,0,2,0,NA
"2591",2591,2591,"madoqua","guentheri","gunthers_dik_dik",2,9,"S2","control","S2T1","egg",0,1,"2024-10-03 01:17:01","2024-10-03 01:17:49",1.28361111111111,"0:00:48",0.8,0,1,1,0,0,2,0,NA
"2592",2592,2592,"madoqua","guentheri","gunthers_dik_dik",1,9,"S2","control","S2T1","egg",0,1,"2024-10-03 05:14:46","2024-10-03 05:22:55",5.24611111111111,"0:08:09",8.15,0,1,1,0,0,2,0,NA
"2593",2593,2593,"aepyceros","melampus","impala",12,9,"S2","control","S2T1","egg",0,1,"2024-10-03 06:16:45","2024-10-03 07:28:05",6.27916666666667,"1:11:20",71.3333333333333,1,1,1,0,0,2,0,NA
"2594",2594,2594,"aepyceros","melampus","impala",12,9,"S2","control","S2T1","egg",0,1,"2024-10-03 07:48:59","2024-10-03 08:25:35",7.81638888888889,"0:36:36",36.6,1,1,1,0,0,2,0,NA
"2595",2595,2595,"equus","grevyi","grevys_zebra",1,9,"S2","control","S2T1","egg",0,1,"2024-10-03 07:51:00","2024-10-03 08:05:14",7.85,"0:14:14",14.2333333333333,1,1,1,0,0,2,0,NA
"2596",2596,2596,"xerus","rutilus","ground_squirrels",1,9,"S2","control","S2T1","egg",0,1,"2024-10-03 11:48:03","2024-10-03 11:48:07",11.8008333333333,"0:00:04",0.0666666666666667,1,1,1,0,0,2,0,NA
"2597",2597,2597,"aepyceros","melampus","impala",16,9,"S2","control","S2T1","egg",0,1,"2024-10-03 14:00:16","2024-10-03 14:08:49",14.0044444444444,"0:08:33",8.55,1,1,1,0,0,2,0,NA
"2598",2598,2598,"papio","anubis","olive_baboon",5,9,"S2","control","S2T1","egg",0,1,"2024-10-03 14:08:54","2024-10-03 14:50:16",14.1483333333333,"0:41:22",41.3666666666667,1,1,1,1,1,4,1,NA
"2599",2599,2599,"aepyceros","melampus","impala",10,9,"S2","control","S2T1","egg",0,0,"2024-10-03 16:52:39","2024-10-03 17:11:30",16.8775,"0:18:51",18.85,1,1,1,0,0,2,0,NA
"2600",2600,2600,"aepyceros","melampus","impala",1,9,"S2","control","S2T1","egg",0,0,"2024-10-03 17:38:43","2024-10-03 17:46:39",17.6452777777778,"0:07:56",7.93333333333333,1,1,1,0,0,2,0,NA
"2601",2601,2601,"madoqua","guentheri","gunthers_dik_dik",2,9,"S2","control","S2T1","egg",0,0,"2024-10-03 18:31:21","2024-10-03 18:31:28",18.5225,"0:00:07",0.116666666666667,0,1,1,0,0,2,0,NA
"2602",2602,2602,"crocuta","crocuta","spotted_hyena",1,9,"S2","control","S2T1","egg",1,0,"2024-10-03 22:56:31","2024-10-03 22:58:32",22.9419444444444,"0:02:01",2.01666666666667,0,1,1,0,0,2,0,NA
"2603",2603,2603,"madoqua","guentheri","gunthers_dik_dik",2,9,"S2","control","S2T1","egg",0,0,"2024-10-04 01:41:59","2024-10-04 01:44:54",1.69972222222222,"0:02:55",2.91666666666667,0,1,1,0,0,2,0,NA
"2604",2604,2604,"madoqua","guentheri","gunthers_dik_dik",1,9,"S2","control","S2T1","egg",0,0,"2024-10-04 06:21:37","2024-10-04 06:21:43",6.36027777777778,"0:00:06",0.1,1,1,1,0,0,2,0,NA
"2605",2605,2605,"madoqua","guentheri","gunthers_dik_dik",1,9,"S2","control","S2T1","egg",0,0,"2024-10-04 06:41:19","2024-10-04 06:41:25",6.68861111111111,"0:00:06",0.1,1,1,1,0,0,2,0,NA
"2606",2606,2606,"madoqua","guentheri","gunthers_dik_dik",1,9,"S2","control","S2T1","egg",0,0,"2024-10-04 09:20:31","2024-10-04 09:32:25",9.34194444444445,"0:11:54",11.9,1,1,1,0,0,2,0,NA
"2607",2607,2607,"madoqua","guentheri","gunthers_dik_dik",1,9,"S2","control","S2T1","egg",0,0,"2024-10-04 10:14:28","2024-10-04 10:15:02",10.2411111111111,"0:00:34",0.566666666666667,1,1,1,0,0,2,0,NA
"2608",2608,2608,"crocuta","crocuta","spotted_hyena",1,9,"S2","control","S2T1","salt",0,1,"2024-10-04 10:14:28","2024-10-04 15:15:44",10.2411111111111,"5:01:16",301.266666666667,1,1,1,0,0,2,0,NA
"2609",2609,2609,"madoqua","guentheri","gunthers_dik_dik",2,9,"S2","control","S2T1","salt",1,1,"2024-10-04 18:56:55","2024-10-04 19:04:50",18.9486111111111,"0:07:55",7.91666666666667,0,1,1,1,1,4,1,NA
"2610",2610,2610,"crocuta","crocuta","spotted_hyena",1,9,"S2","control","S2T1","salt",0,1,"2024-10-04 23:19:53","2024-10-04 23:19:54",23.3313888888889,"0:00:01",0.0166666666666667,0,1,1,0,0,2,0,NA
"2611",2611,2611,"madoqua","guentheri","gunthers_dik_dik",2,9,"S2","control","S2T1","salt",1,1,"2024-10-04 23:46:24","2024-10-05 00:10:08",23.7733333333333,"0:23:44",23.7333333333333,0,1,1,1,0,4,0,NA
"2612",2612,2612,"canis","mesomelas","black_backed_jackal",1,9,"S2","control","S2T1","salt",0,1,"2024-10-05 01:01:56","2024-10-05 01:01:57",1.03222222222222,"0:00:01",0.0166666666666667,0,1,1,1,0,4,0,NA
"2613",2613,2613,"madoqua","guentheri","gunthers_dik_dik",1,9,"S2","control","S2T1","salt",1,1,"2024-10-05 02:33:42","2024-10-05 02:33:43",2.56166666666667,"0:00:01",0.0166666666666667,0,1,1,0,0,2,0,NA
"2614",2614,2614,"madoqua","guentheri","gunthers_dik_dik",2,9,"S2","control","S2T1","salt",1,1,"2024-10-05 04:18:39","2024-10-05 04:22:59",4.31083333333333,"0:04:20",4.33333333333333,0,1,1,1,0,4,0,NA
"2615",2615,2615,"aepyceros","melampus","impala",12,9,"S2","control","S2T1","salt",1,1,"2024-10-05 05:57:39","2024-10-05 06:52:48",5.96083333333333,"0:55:09",55.15,1,1,1,1,1,4,1,NA
"2616",2616,2616,"aepyceros","melampus","impala",12,9,"S2","control","S2T1","salt",1,1,"2024-10-05 14:24:16","2024-10-05 16:16:49",14.4044444444444,"1:52:33",112.55,1,1,1,1,1,4,1,NA
"2617",2617,2617,"madoqua","guentheri","gunthers_dik_dik",2,9,"S2","control","S2T1","salt",1,1,"2024-10-06 01:20:31","2024-10-06 01:26:20",1.34194444444444,"0:05:49",5.81666666666667,0,1,1,1,0,4,0,NA
"2618",2618,2618,"madoqua","guentheri","gunthers_dik_dik",1,9,"S2","control","S2T2","millet",0,1,"2024-09-30 18:35:47","2024-09-30 18:36:32",18.5963888888889,"0:00:45",0.75,0,1,1,0,0,2,0,NA
"2619",2619,2619,"madoqua","guentheri","gunthers_dik_dik",2,9,"S2","control","S2T2","millet",0,1,"2024-10-01 09:00:31","2024-10-01 09:22:25",9.00861111111111,"0:21:54",21.9,0,1,1,0,0,2,0,NA
"2620",2620,2620,"equus","grevyi","grevys_zebra",1,9,"S2","control","S2T2","millet",0,1,"2024-10-02 09:08:45","2024-10-02 09:09:10",9.14583333333333,"0:00:25",0.416666666666667,0,1,1,0,0,2,0,NA
"2621",2621,2621,"aepyceros","melampus","impala",6,9,"S2","control","S2T2","egg",0,1,"2024-10-02 18:22:56","2024-10-02 18:50:37",18.3822222222222,"0:27:41",27.6833333333333,1,1,1,1,0,3,0,NA
"2622",2622,2622,"crocuta","crocuta","spotted_hyena",1,9,"S2","control","S2T2","egg",1,1,"2024-10-03 05:17:27","2024-10-03 05:47:23",5.29083333333333,"0:29:56",29.9333333333333,0,1,1,1,1,4,1,NA
"2623",2623,2623,"madoqua","guentheri","gunthers_dik_dik",2,9,"S2","control","S2T2","egg",0,1,"2024-10-03 07:06:30","2024-10-03 07:16:54",7.10833333333333,"0:10:24",10.4,1,1,1,0,0,2,0,NA
"2624",2624,2624,"crocuta","crocuta","spotted_hyena",1,9,"S2","control","S2T2","egg",1,1,"2024-10-03 22:18:18","2024-10-03 22:38:14",22.305,"0:19:56",19.9333333333333,0,1,1,1,1,4,1,NA
"2625",2625,2625,"aepyceros","melampus","impala",1,9,"S2","control","S2T2","egg",0,0,"2024-10-03 22:41:27","2024-10-03 22:41:43",22.6908333333333,"0:00:16",0.266666666666667,0,1,1,0,0,2,0,NA
"2626",2626,2626,"ichneumia","albicauda","white_tailed_mongoose",1,9,"S2","control","S2T2","egg",1,0,"2024-10-04 05:34:08","2024-10-04 05:34:34",5.56888888888889,"0:00:26",0.433333333333333,0,1,1,1,0,3,0,NA
"2627",2627,2627,"crocuta","crocuta","spotted_hyena",1,9,"S2","control","S2T2","salt",0,1,"2024-10-04 12:23:24","2024-10-04 12:23:25",12.39,"0:00:01",0.0166666666666667,1,1,1,0,0,2,0,NA
"2628",2628,2628,"crocuta","crocuta","spotted_hyena",1,9,"S2","control","S2T2","salt",0,1,"2024-10-04 15:07:04","2024-10-04 15:07:06",15.1177777777778,"0:00:02",0.0333333333333333,1,1,1,0,0,2,0,NA
"2629",2629,2629,"aepyceros","melampus","impala",12,9,"S2","control","S2T2","salt",1,1,"2024-10-04 17:11:56","2024-10-04 17:46:15",17.1988888888889,"0:34:19",34.3166666666667,1,1,1,1,1,4,1,NA
"2630",2630,2630,"crocuta","crocuta","spotted_hyena",1,9,"S2","control","S2T2","salt",0,1,"2024-10-04 20:34:43","2024-10-04 20:34:44",20.5786111111111,"0:00:01",0.0166666666666667,0,1,1,0,0,2,0,NA
"2631",2631,2631,"canis","mesomelas","black_backed_jackal",1,9,"S2","control","S2T2","salt",0,1,"2024-10-04 20:52:49","2024-10-04 21:09:48",20.8802777777778,"0:16:59",16.9833333333333,0,1,1,0,0,2,0,NA
"2632",2632,2632,"aepyceros","melampus","impala",4,9,"S2","control","S2T2","salt",1,1,"2024-10-05 00:50:06","2024-10-05 01:09:55",0.835,"0:19:49",19.8166666666667,0,1,1,1,1,4,1,NA
"2633",2633,2633,"hyaena","hyaena","striped_hyena",1,9,"S2","control","S2T2","salt",0,1,"2024-10-05 03:47:05","2024-10-05 03:48:23",3.78472222222222,"0:01:18",1.3,0,1,1,0,0,2,0,NA
"2634",2634,2634,"madoqua","guentheri","gunthers_dik_dik",2,9,"S2","control","S2T2","salt",1,1,"2024-10-05 14:05:01","2024-10-05 14:14:02",14.0836111111111,"0:09:01",9.01666666666667,1,1,1,0,0,2,0,NA
"2635",2635,2635,"madoqua","guentheri","gunthers_dik_dik",2,9,"S2","control","S2T2","salt",1,1,"2024-10-05 15:31:35","2024-10-05 15:46:33",15.5263888888889,"0:14:58",14.9666666666667,1,1,1,0,0,2,0,NA
"2636",2636,2636,"madoqua","guentheri","gunthers_dik_dik",2,9,"S2","control","S2T2","salt",1,1,"2024-10-05 18:13:14","2024-10-05 18:15:01",18.2205555555556,"0:01:47",1.78333333333333,1,1,1,1,1,4,1,NA
"2637",2637,2637,"madoqua","guentheri","gunthers_dik_dik",1,9,"S2","control","S2T2","salt",1,1,"2024-10-06 01:58:51","2024-10-06 02:00:03",1.98083333333333,"0:01:12",1.2,0,1,1,0,0,2,0,NA
"2638",2638,2638,"madoqua","guentheri","gunthers_dik_dik",2,9,"S2","control","S2T3","millet",0,1,"2024-10-01 06:56:34","2024-10-01 07:02:16",6.94277777777778,"0:05:42",5.7,1,1,1,0,0,2,0,NA
"2639",2639,2639,"madoqua","guentheri","gunthers_dik_dik",2,9,"S2","control","S2T3","millet",0,1,"2024-10-01 08:11:10","2024-10-01 08:12:50",8.18611111111111,"0:01:40",1.66666666666667,1,1,1,0,0,2,0,NA
"2640",2640,2640,"madoqua","guentheri","gunthers_dik_dik",1,9,"S2","control","S2T3","millet",0,1,"2024-10-01 08:51:34","2024-10-01 09:15:17",8.85944444444444,"0:23:43",23.7166666666667,1,1,1,0,0,2,0,NA
"2641",2641,2641,"madoqua","guentheri","gunthers_dik_dik",1,9,"S2","control","S2T3","millet",0,1,"2024-10-01 10:14:22","2024-10-01 10:15:04",10.2394444444444,"0:00:42",0.7,1,1,1,0,0,2,0,NA
"2642",2642,2642,"papio","anubis","olive_baboon",8,9,"S2","control","S2T3","millet",0,1,"2024-10-01 16:00:34","2024-10-01 16:14:29",16.0094444444444,"0:13:55",13.9166666666667,1,1,1,1,0,3,0,NA
"2643",2643,2643,"madoqua","guentheri","gunthers_dik_dik",2,9,"S2","control","S2T3","millet",0,1,"2024-10-01 17:53:41","2024-10-01 17:56:03",17.8947222222222,"0:02:22",2.36666666666667,1,1,1,1,0,3,0,NA
"2644",2644,2644,"crocuta","crocuta","spotted_hyena",1,9,"S2","control","S2T3","millet",0,1,"2024-10-01 20:38:39","2024-10-01 20:38:44",20.6441666666667,"0:00:05",0.0833333333333333,1,1,1,0,0,2,0,NA
"2645",2645,2645,"madoqua","guentheri","gunthers_dik_dik",2,9,"S2","control","S2T3","millet",0,1,"2024-10-02 07:10:01","2024-10-02 07:39:36",7.16694444444444,"0:29:35",29.5833333333333,1,1,1,0,0,2,0,NA
"2646",2646,2646,"crocuta","crocuta","spotted_hyena",1,9,"S2","control","S2T3","egg",1,1,"2024-10-02 16:37:30","2024-10-02 16:37:52",16.625,"0:00:22",0.366666666666667,1,1,1,0,0,2,0,NA
"2647",2647,2647,"madoqua","guentheri","gunthers_dik_dik",2,9,"S2","control","S2T3","egg",0,1,"2024-10-02 17:35:04","2024-10-02 18:28:15",17.5844444444444,"0:53:11",53.1833333333333,1,1,1,0,0,2,0,NA
"2648",2648,2648,"madoqua","guentheri","gunthers_dik_dik",2,9,"S2","control","S2T3","egg",0,1,"2024-10-02 18:52:58","2024-10-02 18:54:54",18.8827777777778,"0:01:56",1.93333333333333,0,1,1,0,0,2,0,NA
"2649",2649,2649,"crocuta","crocuta","spotted_hyena",1,9,"S2","control","S2T3","egg",1,1,"2024-10-03 02:35:53","2024-10-03 02:58:56",2.59805555555556,"0:23:03",23.05,0,1,1,1,0,4,0,NA
"2650",2650,2650,"crocuta","crocuta","spotted_hyena",1,9,"S2","control","S2T3","egg",1,1,"2024-10-03 05:52:30","2024-10-03 05:53:38",5.875,"0:01:08",1.13333333333333,0,1,1,0,0,2,0,NA
"2651",2651,2651,"madoqua","guentheri","gunthers_dik_dik",1,9,"S2","control","S2T3","egg",0,1,"2024-10-03 07:39:48","2024-10-03 07:43:17",7.66333333333333,"0:03:29",3.48333333333333,1,1,1,0,0,2,0,NA
"2652",2652,2652,"madoqua","guentheri","gunthers_dik_dik",2,9,"S2","control","S2T3","egg",0,1,"2024-10-03 18:10:19","2024-10-03 18:30:08",18.1719444444444,"0:19:49",19.8166666666667,1,1,1,0,0,2,0,NA
"2653",2653,2653,"crocuta","crocuta","spotted_hyena",1,9,"S2","control","S2T3","egg",1,1,"2024-10-03 21:54:01","2024-10-03 22:11:42",21.9002777777778,"0:17:41",17.6833333333333,0,1,1,1,0,4,0,NA
"2654",2654,2654,"crocuta","crocuta","spotted_hyena",1,9,"S2","control","S2T3","egg",1,1,"2024-10-03 23:11:44","2024-10-03 23:11:55",23.1955555555556,"0:00:11",0.183333333333333,0,1,1,0,0,2,0,NA
"2655",2655,2655,"madoqua","guentheri","gunthers_dik_dik",1,9,"S2","control","S2T3","egg",0,1,"2024-10-04 06:34:38","2024-10-04 06:36:11",6.57722222222222,"0:01:33",1.55,1,1,1,0,0,2,0,NA
"2656",2656,2656,"madoqua","guentheri","gunthers_dik_dik",1,9,"S2","control","S2T3","salt",1,1,"2024-10-04 11:49:01","2024-10-04 11:53:41",11.8169444444444,"0:04:40",4.66666666666667,1,1,1,0,0,2,0,NA
"2657",2657,2657,"madoqua","guentheri","gunthers_dik_dik",1,9,"S2","control","S2T3","salt",1,1,"2024-10-04 13:12:43","2024-10-04 13:14:06",13.2119444444444,"0:01:23",1.38333333333333,1,1,1,0,0,2,0,NA
"2658",2658,2658,"madoqua","guentheri","gunthers_dik_dik",1,9,"S2","control","S2T3","salt",1,1,"2024-10-04 16:25:25","2024-10-04 16:28:56",16.4236111111111,"0:03:31",3.51666666666667,1,1,1,1,1,4,1,NA
"2659",2659,2659,"aepyceros","melampus","impala",10,9,"S2","control","S2T3","salt",1,1,"2024-10-04 17:40:56","2024-10-04 18:12:30",17.6822222222222,"0:31:34",31.5666666666667,1,1,1,1,1,4,1,NA
"2660",2660,2660,"lepus","lspp","hare",1,9,"S2","control","S2T3","salt",0,1,"2024-10-05 02:55:56","2024-10-05 02:59:40",2.93222222222222,"0:03:44",3.73333333333333,0,1,1,0,0,2,0,NA
"2661",2661,2661,"hyaena","hyaena","striped_hyena",1,9,"S2","control","S2T3","salt",0,1,"2024-10-05 03:52:31","2024-10-05 03:52:32",3.87527777777778,"0:00:01",0.0166666666666667,0,1,1,1,0,3,0,NA
"2662",2662,2662,"loxodonta","africana","african_elephant",2,9,"S2","control","S2T3","salt",1,1,"2024-10-05 12:21:39","2024-10-05 12:38:40",12.3608333333333,"0:17:01",17.0166666666667,1,1,1,1,1,4,1,NA
"2663",2663,2663,"equus","grevyi","grevys_zebra",2,9,"S2","control","S2T4","millet",0,1,"2024-10-02 08:24:34","2024-10-02 08:24:56",8.40944444444444,"0:00:22",0.366666666666667,1,1,1,0,0,2,0,NA
"2664",2664,2664,"crocuta","crocuta","spotted_hyena",1,9,"S2","control","S2T4","egg",1,1,"2024-10-04 19:21:00","2024-10-04 19:21:01",19.35,"0:00:01",0.0166666666666667,0,1,1,0,0,2,0,NA
"2665",2665,2665,"madoqua","guentheri","gunthers_dik_dik",1,9,"S2","control","S2T4","egg",0,1,"2024-10-04 23:53:40","2024-10-04 23:53:41",23.8944444444444,"0:00:01",0.0166666666666667,0,1,1,0,0,2,0,NA
"2666",2666,2666,"loxodonta","africana","african_elephant",1,9,"S2","control","S2T4","salt",1,1,"2024-10-05 12:06:25","2024-10-05 12:08:33",12.1069444444444,"0:02:08",2.13333333333333,1,1,1,1,0,4,0,NA
"2667",2667,2667,"ichneumia","albicauda","white_tailed_mongoose",1,9,"S2","control","S2T4","salt",0,1,"2024-10-06 01:24:38","2024-10-06 01:24:39",1.41055555555556,"0:00:01",0.0166666666666667,0,1,1,0,0,2,0,NA
"2668",2668,2668,"loxodonta","africana","african_elephant",7,9,"S2","control","S2T4","salt",1,1,"2024-10-06 08:11:49","2024-10-06 09:00:55",8.19694444444444,"0:49:06",49.1,1,1,1,1,1,4,1,NA
"2669",2669,2669,"aepyceros","melampus","impala",1,9,"S2","control","S2T5","millet",0,1,"2024-09-30 16:14:24","2024-09-30 16:15:04",16.24,"0:00:40",0.666666666666667,1,1,1,0,0,2,0,NA
"2670",2670,2670,"canis","mesomelas","black_backed_jackal",1,9,"S2","control","S2T5","millet",0,1,"2024-09-30 16:31:45","2024-09-30 16:31:51",16.5291666666667,"0:00:06",0.1,1,1,1,0,0,2,0,NA
"2671",2671,2671,"papio","anubis","olive_baboon",7,9,"S2","control","S2T5","millet",0,1,"2024-10-01 15:49:51","2024-10-01 16:07:34",15.8308333333333,"0:17:43",17.7166666666667,1,1,1,1,0,4,0,NA
"2672",2672,2672,"aepyceros","melampus","impala",1,9,"S2","control","S2T5","millet",0,1,"2024-10-02 06:05:16","2024-10-02 06:06:00",6.08777777777778,"0:00:44",0.733333333333333,1,1,1,0,0,2,0,NA
"2673",2673,2673,"equus","grevyi","grevys_zebra",1,9,"S2","control","S2T5","millet",0,1,"2024-10-02 09:18:51","2024-10-02 09:19:06",9.31416666666667,"0:00:15",0.25,1,1,1,1,0,3,0,NA
"2674",2674,2674,"aepyceros","melampus","impala",1,9,"S2","control","S2T5","egg",0,1,"2024-10-02 17:01:25","2024-10-02 17:01:41",17.0236111111111,"0:00:16",0.266666666666667,1,1,1,0,0,2,0,NA
"2675",2675,2675,"aepyceros","melampus","impala",1,9,"S2","control","S2T5","egg",0,1,"2024-10-03 06:04:17","2024-10-03 06:04:29",6.07138888888889,"0:00:12",0.2,1,1,1,0,0,2,0,NA
"2676",2676,2676,"aepyceros","melampus","impala",12,9,"S2","control","S2T5","egg",0,1,"2024-10-03 12:34:54","2024-10-03 12:44:57",12.5816666666667,"0:10:03",10.05,1,1,1,1,0,3,0,NA
"2677",2677,2677,"crocuta","crocuta","spotted_hyena",1,9,"S2","control","S2T5","egg",1,1,"2024-10-03 19:19:38","2024-10-03 19:25:31",19.3272222222222,"0:05:53",5.88333333333333,0,1,1,1,1,4,1,NA
"2678",2678,2678,"canis","mesomelas","black_backed_jackal",2,9,"S2","control","S2T5","egg",1,1,"2024-10-04 04:56:49","2024-10-04 04:59:44",4.94694444444445,"0:02:55",2.91666666666667,0,1,1,1,0,4,0,NA
"2679",2679,2679,"equus","grevyi","grevys_zebra",1,9,"S2","control","S2T5","salt",1,1,"2024-10-04 11:24:00","2024-10-04 11:36:43",11.4,"0:12:43",12.7166666666667,1,1,1,1,0,4,0,NA
"2680",2680,2680,"aepyceros","melampus","impala",1,9,"S2","control","S2T5","salt",1,1,"2024-10-04 16:57:25","2024-10-04 17:13:24",16.9569444444444,"0:15:59",15.9833333333333,1,1,1,1,0,4,0,NA
"2681",2681,2681,"crocuta","crocuta","spotted_hyena",1,9,"S2","control","S2T5","salt",0,1,"2024-10-04 20:16:25","2024-10-04 20:16:26",20.2736111111111,"0:00:01",0.0166666666666667,0,1,1,0,0,2,0,NA
"2682",2682,2682,"lepus","lspp","hare",1,9,"S2","control","S2T5","salt",0,1,"2024-10-04 22:42:11","2024-10-04 22:42:12",22.7030555555556,"0:00:01",0.0166666666666667,0,1,1,0,0,2,0,NA
"2683",2683,2683,"aepyceros","melampus","impala",1,9,"S2","control","S2T5","salt",1,1,"2024-10-05 07:06:51","2024-10-05 07:21:46",7.11416666666667,"0:14:55",14.9166666666667,1,1,1,1,1,4,1,NA
"2684",2684,2684,"madoqua","guentheri","gunthers_dik_dik",2,9,"S2","control","S2T5","salt",1,1,"2024-10-06 02:04:54","2024-10-06 02:06:09",2.08166666666667,"0:01:15",1.25,0,1,1,1,1,4,1,NA
"2685",2685,2685,"aepyceros","melampus","impala",1,9,"S2","control","S2T5","salt",1,1,"2024-10-06 07:20:01","2024-10-06 07:27:11",7.33361111111111,"0:07:10",7.16666666666667,1,1,1,1,1,4,1,NA
"2686",2686,2686,"canis","mesomelas","black_backed_jackal",1,9,"S2","control","S2T5","salt",0,1,"2024-10-06 07:28:00","2024-10-06 07:28:19",7.46666666666667,"0:00:19",0.316666666666667,1,1,1,0,0,2,0,NA
"2687",2687,2687,"crocuta","crocuta","spotted_hyena",1,9,"S2","control","S2T6","millet",0,1,"2024-09-30 18:49:21","2024-09-30 18:49:30",18.8225,"0:00:09",0.15,0,1,1,0,0,2,0,NA
"2688",2688,2688,"madoqua","guentheri","gunthers_dik_dik",1,9,"S2","control","S2T6","millet",0,1,"2024-10-01 08:50:10","2024-10-01 08:50:16",8.83611111111111,"0:00:06",0.1,1,1,1,0,0,2,0,NA
"2689",2689,2689,"equus","grevyi","grevys_zebra",1,9,"S2","control","S2T6","millet",0,1,"2024-10-02 07:32:07","2024-10-02 07:33:13",7.53527777777778,"0:01:06",1.1,1,1,1,0,0,2,0,NA
"2690",2690,2690,"hyaena","hyaena","striped_hyena",1,9,"S2","control","S2T6","egg",1,1,"2024-10-02 20:57:28","2024-10-02 21:00:40",20.9577777777778,"0:03:12",3.2,0,1,1,1,1,4,1,NA
"2691",2691,2691,"genetta","gspp","genets",1,9,"S2","control","S2T6","egg",1,1,"2024-10-02 22:08:57","2024-10-02 22:09:02",22.1491666666667,"0:00:05",0.0833333333333333,0,1,1,0,0,2,0,NA
"2692",2692,2692,"madoqua","guentheri","gunthers_dik_dik",2,9,"S2","control","S2T6","egg",0,1,"2024-10-03 00:32:52","2024-10-03 00:34:44",0.547777777777778,"0:01:52",1.86666666666667,0,1,1,0,0,2,0,NA
"2693",2693,2693,"crocuta","crocuta","spotted_hyena",1,9,"S2","control","S2T6","egg",1,1,"2024-10-03 02:00:24","2024-10-03 02:19:40",2.00666666666667,"0:19:16",19.2666666666667,0,1,1,1,0,4,0,NA
"2694",2694,2694,"crocuta","crocuta","spotted_hyena",1,9,"S2","control","S2T6","egg",1,1,"2024-10-03 04:57:34","2024-10-03 04:57:55",4.95944444444444,"0:00:21",0.35,0,1,1,0,0,2,0,NA
"2695",2695,2695,"madoqua","guentheri","gunthers_dik_dik",1,9,"S2","control","S2T6","egg",0,1,"2024-10-03 05:46:00","2024-10-03 05:46:39",5.76666666666667,"0:00:39",0.65,0,1,1,0,0,2,0,NA
"2696",2696,2696,"crocuta","crocuta","spotted_hyena",1,9,"S2","control","S2T6","egg",1,1,"2024-10-03 05:57:30","2024-10-03 05:58:29",5.95833333333333,"0:00:59",0.983333333333333,0,1,1,1,0,4,0,NA
"2697",2697,2697,"xerus","erythropus","ground_squirrels",1,9,"S2","control","S2T6","egg",0,1,"2024-10-03 15:29:38","2024-10-03 15:29:44",15.4938888888889,"0:00:06",0.1,1,1,1,0,0,2,0,NA
"2698",2698,2698,"madoqua","guentheri","gunthers_dik_dik",1,9,"S2","control","S2T6","egg",0,1,"2024-10-03 19:02:12","2024-10-03 19:02:39",19.0366666666667,"0:00:27",0.45,0,1,1,0,0,2,0,NA
"2699",2699,2699,"hyaena","hyaena","striped_hyena",1,9,"S2","control","S2T6","egg",1,1,"2024-10-03 20:34:15","2024-10-03 20:39:03",20.5708333333333,"0:04:48",4.8,0,1,1,1,1,4,1,NA
"2700",2700,2700,"crocuta","crocuta","spotted_hyena",1,9,"S2","control","S2T6","egg",1,1,"2024-10-03 21:30:26","2024-10-03 21:37:11",21.5072222222222,"0:06:45",6.75,0,1,1,1,0,4,0,NA
"2701",2701,2701,"crocuta","crocuta","spotted_hyena",1,9,"S2","control","S2T6","egg",1,1,"2024-10-03 23:10:31","2024-10-03 23:25:02",23.1752777777778,"0:14:31",14.5166666666667,0,1,1,1,0,4,0,NA
"2702",2702,2702,"hyaena","hyaena","striped_hyena",1,9,"S2","control","S2T6","egg",1,1,"2024-10-04 00:13:32","2024-10-04 00:15:28",0.225555555555556,"0:01:56",1.93333333333333,0,1,1,1,0,4,0,NA
"2703",2703,2703,"proteles","cristata","aardwolf",1,9,"S2","control","S2T6","egg",1,1,"2024-10-04 00:26:22","2024-10-04 00:26:34",0.439444444444444,"0:00:12",0.2,0,1,1,1,0,4,0,NA
"2704",2704,2704,"madoqua","guentheri","gunthers_dik_dik",2,9,"S2","control","S2T6","salt",1,1,"2024-10-04 03:25:33","2024-10-05 03:26:57",3.42583333333333,"0:01:24",1.4,0,1,1,1,1,4,1,NA
"2705",2705,2705,"crocuta","crocuta","spotted_hyena",1,9,"S2","control","S2T6","salt",0,1,"2024-10-04 12:09:56","2024-10-04 12:09:57",12.1655555555556,"0:00:01",0.0166666666666667,1,1,1,0,0,2,0,NA
"2706",2706,2706,"crocuta","crocuta","spotted_hyena",1,9,"S2","control","S2T6","salt",0,1,"2024-10-04 21:16:17","2024-10-04 21:16:18",21.2713888888889,"0:00:01",0.0166666666666667,0,1,1,0,0,2,0,NA
"2707",2707,2707,"madoqua","guentheri","gunthers_dik_dik",2,9,"S2","control","S2T6","salt",1,1,"2024-10-04 21:58:29","2024-10-05 21:59:59",21.9747222222222,"0:01:30",1.5,0,1,1,1,0,4,0,NA
"2708",2708,2708,"madoqua","guentheri","gunthers_dik_dik",2,9,"S2","control","S2T6","salt",1,1,"2024-10-04 22:23:38","2024-10-04 22:25:58",22.3938888888889,"0:02:20",2.33333333333333,0,1,1,0,0,2,0,NA
"2709",2709,2709,"crocuta","crocuta","spotted_hyena",1,9,"S2","control","S2T6","salt",0,1,"2024-10-04 22:42:17","2024-10-04 22:42:18",22.7047222222222,"0:00:01",0.0166666666666667,0,1,1,0,0,2,0,NA
"2710",2710,2710,"madoqua","guentheri","gunthers_dik_dik",2,9,"S2","control","S2T6","salt",1,1,"2024-10-04 22:58:29","2024-10-05 00:25:15",22.9747222222222,"1:26:46",86.7666666666667,0,1,1,1,1,4,1,NA
"2711",2711,2711,"crocuta","crocuta","spotted_hyena",1,9,"S2","control","S2T6","salt",0,1,"2024-10-06 04:36:05","2024-10-06 04:36:06",4.60138888888889,"0:00:01",0.0166666666666667,0,1,1,0,0,2,0,NA
"2712",2712,2712,"madoqua","guentheri","gunthers_dik_dik",1,9,"S2","control","S2T6","salt",1,1,"2024-10-06 05:55:29","2024-10-06 05:55:30",5.92472222222222,"0:00:01",0.0166666666666667,0,1,1,1,0,4,0,NA
"2713",2713,2713,"equus","grevyi","grevys_zebra",1,9,"S2","control","S2T6","salt",1,1,"2024-10-06 07:01:57","2024-10-06 07:01:58",7.0325,"0:00:01",0.0166666666666667,1,1,1,1,0,4,0,NA
"2714",2714,2714,"papio","anubis","olive_baboon",2,9,"S2","control","S2T7","millet",0,1,"2024-10-01 15:15:24","2024-10-01 15:15:56",15.2566666666667,"0:00:32",0.533333333333333,1,1,1,0,0,2,0,NA
"2715",2715,2715,"madoqua","guentheri","gunthers_dik_dik",1,9,"S2","control","S2T7","millet",0,1,"2024-10-02 07:27:42","2024-10-02 07:28:05",7.46166666666667,"0:00:23",0.383333333333333,1,1,1,0,0,2,0,NA
"2716",2716,2716,"madoqua","guentheri","gunthers_dik_dik",2,9,"S2","control","S2T7","millet",0,1,"2024-10-02 07:53:30","2024-10-02 08:10:13",7.89166666666667,"0:16:43",16.7166666666667,1,1,1,0,0,2,0,NA
"2717",2717,2717,"madoqua","guentheri","gunthers_dik_dik",1,9,"S2","control","S2T7","millet",0,1,"2024-10-02 09:30:30","2024-10-02 09:35:17",9.50833333333333,"0:04:47",4.78333333333333,1,1,1,0,0,2,0,NA
"2718",2718,2718,"madoqua","guentheri","gunthers_dik_dik",1,9,"S2","control","S2T7","egg",0,1,"2024-10-03 08:59:33","2024-10-03 09:00:20",8.9925,"0:00:47",0.783333333333333,1,1,1,0,0,2,0,NA
"2719",2719,2719,"xerus","erythropus","ground_squirrels",1,9,"S2","control","S2T7","egg",0,1,"2024-10-03 13:44:36","2024-10-03 13:45:33",13.7433333333333,"0:00:57",0.95,1,1,1,0,0,2,0,NA
"2720",2720,2720,"hyaena","hyaena","striped_hyena",1,9,"S2","control","S2T7","egg",1,1,"2024-10-03 20:30:29","2024-10-03 20:42:11",20.5080555555556,"0:11:42",11.7,0,1,1,1,1,4,1,NA
"2721",2721,2721,"ictonyx","striatus","zorilla",1,9,"S2","control","S2T7","egg",1,1,"2024-10-04 03:18:38","2024-10-04 03:18:56",3.31055555555556,"0:00:18",0.3,0,1,1,0,0,2,0,NA
"2722",2722,2722,"ictonyx","striatus","zorilla",1,9,"S2","control","S2T7","egg",1,1,"2024-10-04 04:30:11","2024-10-04 04:30:43",4.50305555555556,"0:00:32",0.533333333333333,0,1,1,0,0,2,0,NA
"2723",2723,2723,"crocuta","crocuta","spotted_hyena",1,9,"S2","control","S2T7","salt",0,1,"2024-10-04 11:57:54","2024-10-04 11:59:12",11.965,"0:01:18",1.3,0,1,1,0,0,2,0,NA
"2724",2724,2724,"madoqua","guentheri","gunthers_dik_dik",3,9,"S2","control","S2T7","salt",1,1,"2024-10-04 16:08:23","2024-10-04 16:33:45",16.1397222222222,"0:25:22",25.3666666666667,0,1,1,1,1,4,1,NA
"2725",2725,2725,"ictonyx","striatus","zorilla",1,9,"S2","control","S2T7","salt",0,1,"2024-10-04 21:42:13","2024-10-04 21:42:14",21.7036111111111,"0:00:01",0.0166666666666667,0,1,1,0,0,2,0,NA
"2726",2726,2726,"madoqua","guentheri","gunthers_dik_dik",3,9,"S2","control","S2T7","salt",1,1,"2024-10-05 08:29:07","2024-10-05 08:31:58",8.48527777777778,"0:02:51",2.85,0,1,1,1,0,4,0,NA
"2727",2727,2727,"madoqua","guentheri","gunthers_dik_dik",1,9,"S2","control","S2T7","salt",1,1,"2024-10-06 08:39:50","2024-10-06 08:40:59",8.66388888888889,"0:01:09",1.15,0,1,1,1,0,4,0,NA
"2728",2728,2728,"xerus","erythropus","ground_squirrels",1,9,"S2","control","S2T7","salt",0,1,"2024-10-06 10:10:05","2024-10-06 10:10:06",10.1680555555556,"0:00:01",0.0166666666666667,0,1,1,0,0,2,0,NA
"2729",2729,2729,"madoqua","guentheri","gunthers_dik_dik",1,9,"S2","control","S2T7","salt",1,1,"2024-10-06 10:56:10","2024-10-06 10:56:11",10.9361111111111,"0:00:01",0.0166666666666667,0,1,1,0,0,2,0,NA
"2730",2730,2730,"madoqua","guentheri","gunthers_dik_dik",3,9,"S2","control","S2T8","millet",0,1,"2024-09-30 15:22:49","2024-09-30 15:40:01",15.3802777777778,"0:17:12",17.2,1,1,1,0,0,2,0,NA
"2731",2731,2731,"madoqua","guentheri","gunthers_dik_dik",1,9,"S2","control","S2T8","millet",0,1,"2024-10-01 08:01:50","2024-10-01 08:03:32",8.03055555555556,"0:01:42",1.7,1,1,1,0,0,2,0,NA
"2732",2732,2732,"madoqua","guentheri","gunthers_dik_dik",1,9,"S2","control","S2T8","millet",0,1,"2024-10-01 08:42:20","2024-10-01 08:42:25",8.70555555555556,"0:00:05",0.0833333333333333,1,1,1,0,0,2,0,NA
"2733",2733,2733,"madoqua","guentheri","gunthers_dik_dik",1,9,"S2","control","S2T8","millet",0,1,"2024-10-01 22:31:40","2024-10-01 22:31:45",22.5277777777778,"0:00:05",0.0833333333333333,0,1,1,0,0,2,0,NA
"2734",2734,2734,"madoqua","guentheri","gunthers_dik_dik",3,9,"S2","control","S2T8","millet",0,1,"2024-10-02 00:15:22","2024-10-02 00:16:46",0.256111111111111,"0:01:24",1.4,0,1,1,0,0,2,0,NA
"2735",2735,2735,"madoqua","guentheri","gunthers_dik_dik",3,9,"S2","control","S2T8","millet",0,1,"2024-10-02 09:05:12","2024-10-02 09:19:44",9.08666666666667,"0:14:32",14.5333333333333,1,1,1,0,0,2,0,NA
"2736",2736,2736,"equus","grevyi","grevys_zebra",1,9,"S2","control","S2T8","millet",0,1,"2024-10-02 09:44:55","2024-10-02 09:45:07",9.74861111111111,"0:00:12",0.2,1,1,1,0,0,2,0,NA
"2737",2737,2737,"ichneumia","albicauda","white_tailed_mongoose",1,9,"S2","control","S2T8","egg",1,1,"2024-10-02 21:13:31","2024-10-02 21:23:07",21.2252777777778,"0:09:36",9.6,0,1,1,1,1,4,1,NA
"2738",2738,2738,"madoqua","guentheri","gunthers_dik_dik",1,9,"S2","control","S2T8","egg",0,1,"2024-10-03 02:39:44","2024-10-03 02:39:49",2.66222222222222,"0:00:05",0.0833333333333333,0,1,1,0,0,2,0,NA
"2739",2739,2739,"madoqua","guentheri","gunthers_dik_dik",1,9,"S2","control","S2T8","egg",0,1,"2024-10-03 03:06:31","2024-10-03 03:27:47",3.10861111111111,"0:21:16",21.2666666666667,0,1,1,0,0,2,0,NA
"2740",2740,2740,"madoqua","guentheri","gunthers_dik_dik",1,9,"S2","control","S2T8","egg",0,1,"2024-10-03 04:36:03","2024-10-03 04:49:59",4.60083333333333,"0:13:56",13.9333333333333,0,1,1,0,0,2,0,NA
"2741",2741,2741,"madoqua","guentheri","gunthers_dik_dik",1,9,"S2","control","S2T8","egg",0,1,"2024-10-03 07:21:24","2024-10-03 07:24:46",7.35666666666667,"0:03:22",3.36666666666667,1,1,1,0,0,2,0,NA
"2742",2742,2742,"herpestes","sanguineus","slender_mongoose",1,9,"S2","control","S2T8","egg",1,1,"2024-10-03 07:36:46","2024-10-03 07:39:53",7.61277777777778,"0:03:07",3.11666666666667,1,1,1,0,0,2,0,NA
"2743",2743,2743,"madoqua","guentheri","gunthers_dik_dik",1,9,"S2","control","S2T8","egg",0,1,"2024-10-03 08:34:15","2024-10-03 08:35:04",8.57083333333333,"0:00:49",0.816666666666667,1,1,1,0,0,2,0,NA
"2744",2744,2744,"aepyceros","melampus","impala",8,9,"S2","control","S2T8","egg",0,1,"2024-10-03 09:40:42","2024-10-03 09:46:15",9.67833333333333,"0:05:33",5.55,1,1,1,0,0,2,0,NA
"2745",2745,2745,"madoqua","guentheri","gunthers_dik_dik",1,9,"S2","control","S2T8","egg",0,1,"2024-10-03 15:11:53","2024-10-03 15:12:05",15.1980555555556,"0:00:12",0.2,1,1,1,0,0,2,0,NA
"2746",2746,2746,"madoqua","guentheri","gunthers_dik_dik",1,9,"S2","control","S2T8","egg",0,1,"2024-10-03 23:47:10","2024-10-03 23:47:15",23.7861111111111,"0:00:05",0.0833333333333333,0,1,1,0,0,2,0,NA
"2747",2747,2747,"madoqua","guentheri","gunthers_dik_dik",2,9,"S2","control","S2T8","egg",0,1,"2024-10-04 07:17:15","2024-10-04 07:23:16",7.2875,"0:06:01",6.01666666666667,1,1,1,0,0,2,0,NA
"2748",2748,2748,"madoqua","guentheri","gunthers_dik_dik",2,9,"S2","control","S2T8","salt",1,1,"2024-10-04 12:17:10","2024-10-04 12:28:24",12.2861111111111,"0:11:14",11.2333333333333,1,1,1,1,0,4,0,NA
"2749",2749,2749,"papio","anubis","olive_baboon",1,9,"S2","control","S2T8","salt",1,1,"2024-10-04 12:52:52","2024-10-04 12:52:53",12.8811111111111,"0:00:01",0.0166666666666667,1,1,1,0,0,2,0,NA
"2750",2750,2750,"madoqua","guentheri","gunthers_dik_dik",1,9,"S2","control","S2T8","salt",1,1,"2024-10-04 16:03:55","2024-10-04 16:03:56",16.0652777777778,"0:00:01",0.0166666666666667,1,1,1,0,0,2,0,NA
"2751",2751,2751,"madoqua","guentheri","gunthers_dik_dik",1,9,"S2","control","S2T8","salt",1,1,"2024-10-04 18:36:01","2024-10-04 18:36:03",18.6002777777778,"0:00:02",0.0333333333333333,0,1,1,1,0,4,0,NA
"2752",2752,2752,"madoqua","guentheri","gunthers_dik_dik",1,9,"S2","control","S2T8","salt",1,1,"2024-10-05 02:59:25","2024-10-05 02:59:27",2.99027777777778,"0:00:02",0.0333333333333333,0,1,1,1,0,4,0,NA
"2753",2753,2753,"madoqua","guentheri","gunthers_dik_dik",1,9,"S2","control","S2T8","salt",1,1,"2024-10-05 03:26:06","2024-10-05 03:29:26",3.435,"0:03:20",3.33333333333333,0,1,1,1,0,4,0,NA
"2754",2754,2754,"madoqua","guentheri","gunthers_dik_dik",1,9,"S2","control","S2T8","salt",1,1,"2024-10-05 09:06:34","2024-10-05 09:10:02",9.10944444444444,"0:03:28",3.46666666666667,1,1,1,1,0,4,0,NA
"2755",2755,2755,"madoqua","guentheri","gunthers_dik_dik",2,9,"S2","control","S2T8","salt",1,1,"2024-10-05 17:02:31","2024-10-05 17:18:36",17.0419444444444,"0:16:05",16.0833333333333,1,1,1,1,1,4,1,NA
"2756",2756,2756,"madoqua","guentheri","gunthers_dik_dik",1,9,"S2","control","S2T8","salt",1,1,"2024-10-05 18:30:47","2024-10-05 18:30:48",18.5130555555556,"0:00:01",0.0166666666666667,1,1,1,1,0,4,0,NA
"2757",2757,2757,"madoqua","guentheri","gunthers_dik_dik",3,9,"S2","control","S2T8","salt",1,1,"2024-10-06 03:38:55","2024-10-06 03:44:19",3.64861111111111,"0:05:24",5.4,0,1,1,1,0,4,0,NA
"2758",2758,2758,"madoqua","guentheri","gunthers_dik_dik",2,9,"S2","control","S2T8","salt",1,1,"2024-10-06 06:12:12","2024-10-06 06:59:27",6.20333333333333,"0:47:15",47.25,0,1,1,1,1,4,1,NA
"2759",2759,2759,"equus","grevyi","grevys_zebra",1,9,"S2","control","S2T9","millet",0,1,"2024-09-30 10:34:10","2024-09-30 10:34:59",10.5694444444444,"0:00:49",0.816666666666667,1,1,1,0,0,2,0,NA
"2760",2760,2760,"hyaena","hyaena","striped_hyena",1,9,"S2","control","S2T9","millet",0,1,"2024-09-30 19:10:21","2024-09-30 19:11:10",19.1725,"0:00:49",0.816666666666667,0,1,1,0,0,2,0,NA
"2761",2761,2761,"aepyceros","melampus","impala",1,9,"S2","control","S2T9","millet",0,1,"2024-10-01 06:58:13","2024-10-01 06:58:36",6.97027777777778,"0:00:23",0.383333333333333,1,1,1,0,0,2,0,NA
"2762",2762,2762,"aepyceros","melampus","impala",1,9,"S2","control","S2T9","millet",0,1,"2024-10-01 18:30:43","2024-10-02 06:58:36",18.5119444444444,"12:27:53",747.883333333333,1,1,1,0,0,2,0,NA
"2763",2763,2763,"aepyceros","melampus","impala",1,9,"S2","control","S2T9","millet",0,1,"2024-10-02 06:13:00","2024-10-02 06:13:26",6.21666666666667,"0:00:26",0.433333333333333,1,1,1,0,0,2,0,NA
"2764",2764,2764,"equus","grevyi","grevys_zebra",1,9,"S2","control","S2T9","millet",0,1,"2024-10-02 07:01:48","2024-10-02 07:03:02",7.03,"0:01:14",1.23333333333333,1,1,1,0,0,2,0,NA
"2765",2765,2765,"aepyceros","melampus","impala",3,9,"S2","control","S2T9","millet",0,1,"2024-10-02 07:26:20","2024-10-02 07:27:54",7.43888888888889,"0:01:34",1.56666666666667,1,1,1,0,0,2,0,NA
"2766",2766,2766,"equus","grevyi","grevys_zebra",1,9,"S2","control","S2T9","egg",0,1,"2024-10-02 10:52:58","2024-10-02 10:53:49",10.8827777777778,"0:00:51",0.85,1,1,1,0,0,2,0,NA
"2767",2767,2767,"hyaena","hyaena","striped_hyena",1,9,"S2","control","S2T9","egg",1,1,"2024-10-02 21:08:44","2024-10-02 21:10:54",21.1455555555556,"0:02:10",2.16666666666667,0,1,1,1,1,4,1,NA
"2768",2768,2768,"crocuta","crocuta","spotted_hyena",1,9,"S2","control","S2T9","egg",1,1,"2024-10-03 06:05:40","2024-10-03 06:25:19",6.09444444444444,"0:19:39",19.65,1,1,1,1,1,4,1,NA
"2769",2769,2769,"aepyceros","melampus","impala",10,9,"S2","control","S2T9","egg",0,1,"2024-10-03 07:40:40","2024-10-03 08:05:16",7.67777777777778,"0:24:36",24.6,1,1,1,0,0,2,0,NA
"2770",2770,2770,"canis","mesomelas","black_backed_jackal",1,9,"S2","control","S2T9","egg",1,1,"2024-10-03 18:28:20","2024-10-03 18:29:35",18.4722222222222,"0:01:15",1.25,1,1,1,1,0,3,0,NA
"2771",2771,2771,"hyaena","hyaena","striped_hyena",1,9,"S2","control","S2T9","egg",1,1,"2024-10-03 20:25:09","2024-10-03 20:27:20",20.4191666666667,"0:02:11",2.18333333333333,0,1,1,1,0,4,0,NA
"2772",2772,2772,"crocuta","crocuta","spotted_hyena",1,9,"S2","control","S2T9","egg",1,1,"2024-10-03 21:16:10","2024-10-03 21:19:41",21.2694444444444,"0:03:31",3.51666666666667,0,1,1,1,0,4,0,NA
"2773",2773,2773,"crocuta","crocuta","spotted_hyena",1,9,"S2","control","S2T9","egg",1,1,"2024-10-03 23:36:26","2024-10-03 23:38:43",23.6072222222222,"0:02:17",2.28333333333333,0,1,1,1,0,4,0,NA
"2774",2774,2774,"ichneumia","albicauda","white_tailed_mongoose",1,9,"S2","control","S2T9","egg",1,1,"2024-10-04 01:34:36","2024-10-04 01:35:19",1.57666666666667,"0:00:43",0.716666666666667,0,1,1,0,0,2,0,NA
"2775",2775,2775,"crocuta","crocuta","spotted_hyena",1,9,"S2","control","S2T9","salt",0,1,"2024-10-04 11:48:12","2024-10-04 11:48:14",11.8033333333333,"0:00:02",0.0333333333333333,1,1,1,0,0,2,0,NA
"2776",2776,2776,"crocuta","crocuta","spotted_hyena",1,9,"S2","control","S2T9","salt",0,1,"2024-10-04 21:48:57","2024-10-04 21:48:58",21.8158333333333,"0:00:01",0.0166666666666667,0,1,1,0,0,2,0,NA
"2777",2777,2777,"crocuta","crocuta","spotted_hyena",1,9,"S2","control","S2T9","salt",0,1,"2024-10-04 22:54:30","2024-10-04 22:54:31",22.9083333333333,"0:00:01",0.0166666666666667,0,1,1,0,0,2,0,NA
"2778",2778,2778,"crocuta","crocuta","spotted_hyena",1,9,"S2","control","S2T9","salt",0,1,"2024-10-05 01:37:20","2024-10-05 01:39:53",1.62222222222222,"0:02:33",2.55,0,1,1,0,0,2,0,NA
"2779",2779,2779,"madoqua","guentheri","gunthers_dik_dik",2,9,"S2","control","S2T9","salt",1,1,"2024-10-05 15:21:26","2024-10-05 15:21:27",15.3572222222222,"0:00:01",0.0166666666666667,1,1,1,0,0,2,0,NA
"2780",2780,2780,"ichneumia","albicauda","white_tailed_mongoose",1,9,"S2","control","S2T9","salt",0,1,"2024-10-06 01:42:07","2024-10-06 01:42:08",1.70194444444444,"0:00:01",0.0166666666666667,0,1,1,0,0,2,0,NA
"2781",2781,2781,"aepyceros","melampus","impala",1,9,"S2","control","S2T9","salt",1,1,"2024-10-06 06:33:26","2024-10-06 06:52:06",6.55722222222222,"0:18:40",18.6666666666667,1,1,1,1,1,4,1,NA
"2782",2782,2782,"canis","mesomelas","black_backed_jackal",1,9,"S2","control","S2T9","salt",0,1,"2024-10-06 07:14:19","2024-10-06 07:14:21",7.23861111111111,"0:00:02",0.0333333333333333,1,1,1,1,0,3,0,NA
"2783",2783,2783,"xerus","rutilus","ground_squirrels",1,9,"S2","control","S2T10","millet",1,1,"2024-09-30 12:04:22","2024-09-30 12:04:38",12.0727777777778,"0:00:16",0.266666666666667,1,1,1,0,0,2,0,NA
"2784",2784,2784,"madoqua","guentheri","gunthers_dik_dik",1,9,"S2","control","S2T10","millet",0,1,"2024-09-30 13:17:16","2024-09-30 13:17:39",13.2877777777778,"0:00:23",0.383333333333333,1,1,1,0,0,2,0,NA
"2785",2785,2785,"ichneumia","albicauda","white_tailed_mongoose",1,9,"S2","control","S2T10","millet",0,1,"2024-09-30 20:43:15","2024-09-30 20:43:36",20.7208333333333,"0:00:21",0.35,0,1,1,1,0,3,0,NA
"2786",2786,2786,"ichneumia","albicauda","white_tailed_mongoose",1,9,"S2","control","S2T10","millet",0,1,"2024-10-01 21:03:32","2024-10-01 21:03:37",21.0588888888889,"0:00:05",0.0833333333333333,0,1,1,0,0,2,0,NA
"2787",2787,2787,"mus","mspp","nocturnal_rodent",1,9,"S2","control","S2T10","millet",1,1,"2024-10-01 22:52:08","2024-10-01 22:52:14",22.8688888888889,"0:00:06",0.1,0,1,1,0,0,2,0,"hedgehog!"
"2788",2788,2788,"xerus","erythropus","ground_squirrels",1,9,"S2","control","S2T10","egg",0,1,"2024-10-02 10:30:12","2024-10-02 10:48:32",10.5033333333333,"0:18:20",18.3333333333333,1,1,1,0,0,2,0,NA
"2789",2789,2789,"madoqua","guentheri","gunthers_dik_dik",1,9,"S2","control","S2T10","egg",0,1,"2024-10-02 22:25:14","2024-10-02 22:25:28",22.4205555555556,"0:00:14",0.233333333333333,0,1,1,0,0,2,0,NA
"2790",2790,2790,"madoqua","guentheri","gunthers_dik_dik",1,9,"S2","control","S2T10","egg",0,1,"2024-10-03 07:19:38","2024-10-03 07:19:53",7.32722222222222,"0:00:15",0.25,1,1,1,0,0,2,0,NA
"2791",2791,2791,"xerus","erythropus","ground_squirrels",1,9,"S2","control","S2T10","egg",0,1,"2024-10-03 10:22:41","2024-10-03 10:22:47",10.3780555555556,"0:00:06",0.1,1,1,1,0,0,2,0,NA
"2792",2792,2792,"xerus","erythropus","ground_squirrels",1,9,"S2","control","S2T10","egg",0,1,"2024-10-03 11:19:32","2024-10-03 11:19:37",11.3255555555556,"0:00:05",0.0833333333333333,1,1,1,0,0,2,0,NA
"2793",2793,2793,"xerus","erythropus","ground_squirrels",1,9,"S2","control","S2T10","egg",0,1,"2024-10-03 11:37:34","2024-10-03 11:38:21",11.6261111111111,"0:00:47",0.783333333333333,1,1,1,0,0,2,0,NA
"2794",2794,2794,"xerus","erythropus","ground_squirrels",1,9,"S2","control","S2T10","egg",0,1,"2024-10-03 11:56:34","2024-10-03 11:57:09",11.9427777777778,"0:00:35",0.583333333333333,1,1,1,0,0,2,0,NA
"2795",2795,2795,"aepyceros","melampus","impala",3,9,"S2","control","S2T10","egg",0,1,"2024-10-03 17:48:10","2024-10-03 17:48:31",17.8027777777778,"0:00:21",0.35,1,1,1,0,0,2,0,NA
"2796",2796,2796,"ichneumia","albicauda","white_tailed_mongoose",1,9,"S2","control","S2T10","egg",1,1,"2024-10-03 19:59:03","2024-10-03 20:06:49",19.9841666666667,"0:07:46",7.76666666666667,0,1,1,1,1,4,1,NA
"2797",2797,2797,"ichneumia","albicauda","white_tailed_mongoose",1,9,"S2","control","S2T10","egg",1,1,"2024-10-04 03:02:02","2024-10-04 03:03:38",3.03388888888889,"0:01:36",1.6,0,1,1,1,0,4,0,NA
"2798",2798,2798,"lepus","lspp","hare",1,9,"S2","control","S2T10","egg",0,1,"2024-10-04 04:42:29","2024-10-04 04:42:51",4.70805555555556,"0:00:22",0.366666666666667,0,1,1,0,0,2,0,NA
"2799",2799,2799,"xerus","erythropus","ground_squirrels",1,9,"S2","control","S2T10","egg",0,1,"2024-10-04 10:22:56","2024-10-04 10:23:02",10.3822222222222,"0:00:06",0.1,1,1,1,0,0,2,0,NA
"2800",2800,2800,"madoqua","guentheri","gunthers_dik_dik",1,9,"S2","control","S2T10","salt",1,1,"2024-10-04 17:22:14","2024-10-04 17:22:15",17.3705555555556,"0:00:01",0.0166666666666667,1,1,1,0,0,2,0,NA
"2801",2801,2801,"madoqua","guentheri","gunthers_dik_dik",2,9,"S2","control","S2T10","salt",1,1,"2024-10-04 17:52:19","2024-10-04 17:56:05",17.8719444444444,"0:03:46",3.76666666666667,1,1,1,1,1,4,1,NA
"2802",2802,2802,"loxodonta","africana","african_elephant",4,9,"S2","control","S2T10","salt",1,1,"2024-10-04 22:13:52","2024-10-04 22:37:30",22.2311111111111,"0:23:38",23.6333333333333,0,1,1,1,1,4,1,NA
"2803",2803,2803,"ichneumia","albicauda","white_tailed_mongoose",1,9,"S2","control","S2T10","salt",0,0,"2024-10-05 01:48:58","2024-10-05 01:48:59",1.81611111111111,"0:00:01",0.0166666666666667,0,1,1,1,0,4,0,NA
"2804",2804,2804,"phacochoerus","africanus","common_warthog",2,9,"S2","control","S2T10","salt",1,0,"2024-10-05 10:41:38","2024-10-05 10:44:43",10.6938888888889,"0:03:05",3.08333333333333,1,1,1,1,0,4,0,NA
"2805",2805,2805,"ichneumia","albicauda","white_tailed_mongoose",1,9,"S2","control","S2T10","salt",0,0,"2024-10-06 01:52:09","2024-10-06 01:52:10",1.86916666666667,"0:00:01",0.0166666666666667,0,1,1,0,0,2,0,NA
"2806",2806,2806,"madoqua","guentheri","gunthers_dik_dik",1,9,"S2","control","S2T10","salt",1,0,"2024-10-06 10:17:31","2024-10-06 10:18:34",10.2919444444444,"0:01:03",1.05,1,1,1,1,0,4,0,NA
"2807",2807,2807,"genetta","gspp","genets",1,9,"S2","control","S2T11","millet",0,1,"2024-09-30 04:57:07","2024-10-01 04:58:36",4.95194444444444,"0:01:29",1.48333333333333,0,1,1,0,0,2,0,NA
"2808",2808,2808,"phacochoerus","africanus","common_warthog",4,9,"S2","control","S2T11","millet",0,1,"2024-09-30 10:24:07","2024-09-30 10:25:36",10.4019444444444,"0:01:29",1.48333333333333,1,1,1,0,0,2,0,NA
"2809",2809,2809,"aepyceros","melampus","impala",1,9,"S2","control","S2T11","millet",0,1,"2024-09-30 17:12:31","2024-09-30 17:12:56",17.2086111111111,"0:00:25",0.416666666666667,1,1,1,0,0,2,0,NA
"2810",2810,2810,"papio","anubis","olive_baboon",1,9,"S2","control","S2T11","millet",0,1,"2024-10-01 14:36:52","2024-10-01 14:43:20",14.6144444444444,"0:06:28",6.46666666666667,0,1,1,1,0,3,0,NA
"2811",2811,2811,"lepus","lspp","hare",1,9,"S2","control","S2T11","millet",1,1,"2024-10-01 23:29:21","2024-10-01 23:36:49",23.4891666666667,"0:07:28",7.46666666666667,0,1,1,1,0,4,0,NA
"2812",2812,2812,"madoqua","guentheri","gunthers_dik_dik",2,9,"S2","control","S2T11","millet",0,1,"2024-10-02 00:31:24","2024-10-02 00:32:26",0.523333333333333,"0:01:02",1.03333333333333,0,1,1,1,0,3,0,NA
"2813",2813,2813,"aepyceros","melampus","impala",1,9,"S2","control","S2T11","millet",0,1,"2024-10-02 07:06:48","2024-10-02 07:09:03",7.11333333333333,"0:02:15",2.25,1,1,1,0,0,2,0,NA
"2814",2814,2814,"madoqua","guentheri","gunthers_dik_dik",1,9,"S2","control","S2T11","millet",0,1,"2024-10-02 08:09:14","2024-10-02 08:14:04",8.15388888888889,"0:04:50",4.83333333333333,1,1,1,0,0,2,0,NA
"2815",2815,2815,"madoqua","guentheri","gunthers_dik_dik",2,9,"S2","control","S2T11","millet",0,1,"2024-10-02 08:51:12","2024-10-02 09:08:11",8.85333333333333,"0:16:59",16.9833333333333,1,1,1,0,0,2,0,NA
"2816",2816,2816,"herpestes","sanguineus","slender_mongoose",3,9,"S2","control","S2T11","egg",1,1,"2024-10-02 14:55:46","2024-10-02 14:55:52",14.9294444444444,"0:00:06",0.1,1,1,1,1,0,3,0,NA
"2817",2817,2817,"madoqua","guentheri","gunthers_dik_dik",2,9,"S2","control","S2T11","egg",0,1,"2024-10-02 17:21:21","2024-10-02 17:22:09",17.3558333333333,"0:00:48",0.8,1,1,1,0,0,2,0,NA
"2818",2818,2818,"hyaena","hyaena","striped_hyena",1,9,"S2","control","S2T11","egg",1,1,"2024-10-02 23:55:25","2024-10-03 00:09:30",23.9236111111111,"0:14:05",14.0833333333333,0,1,1,1,1,4,1,NA
"2819",2819,2819,"madoqua","guentheri","gunthers_dik_dik",1,9,"S2","control","S2T11","egg",0,1,"2024-10-03 01:55:50","2024-10-03 01:56:12",1.93055555555556,"0:00:22",0.366666666666667,0,1,1,0,0,2,0,NA
"2820",2820,2820,"madoqua","guentheri","gunthers_dik_dik",1,9,"S2","control","S2T11","egg",0,1,"2024-10-03 06:08:11","2024-10-03 06:08:41",6.13638888888889,"0:00:30",0.5,1,1,1,0,0,2,0,NA
"2821",2821,2821,"aepyceros","melampus","impala",1,9,"S2","control","S2T11","egg",0,1,"2024-10-03 18:12:10","2024-10-03 18:16:42",18.2027777777778,"0:04:32",4.53333333333333,1,1,1,0,0,2,0,NA
"2822",2822,2822,"madoqua","guentheri","gunthers_dik_dik",1,9,"S2","control","S2T11","egg",0,1,"2024-10-03 18:25:10","2024-10-03 18:27:24",18.4194444444444,"0:02:14",2.23333333333333,1,1,1,0,0,2,0,NA
"2823",2823,2823,"aepyceros","melampus","impala",10,9,"S2","control","S2T11","egg",0,1,"2024-10-03 18:25:59","2024-10-03 18:46:22",18.4330555555556,"0:20:23",20.3833333333333,0,1,1,1,0,3,0,NA
"2824",2824,2824,"genetta","gspp","genets",1,9,"S2","control","S2T11","egg",1,1,"2024-10-03 20:44:14","2024-10-03 20:44:21",20.7372222222222,"0:00:07",0.116666666666667,0,1,1,0,0,2,0,NA
"2825",2825,2825,"ichneumia","albicauda","white_tailed_mongoose",2,9,"S2","control","S2T11","egg",1,1,"2024-10-03 21:03:36","2024-10-03 21:22:17",21.06,"0:18:41",18.6833333333333,0,1,1,1,0,4,0,NA
"2826",2826,2826,"ichneumia","albicauda","white_tailed_mongoose",1,9,"S2","control","S2T11","egg",1,1,"2024-10-04 00:45:16","2024-10-04 01:05:49",0.754444444444444,"0:20:33",20.55,0,1,1,1,0,4,0,NA
"2827",2827,2827,"ichneumia","albicauda","white_tailed_mongoose",1,9,"S2","control","S2T11","egg",1,1,"2024-10-04 03:57:40","2024-10-04 04:03:30",3.96111111111111,"0:05:50",5.83333333333333,0,1,1,1,0,4,0,NA
"2828",2828,2828,"aepyceros","melampus","impala",1,9,"S2","control","S2T11","egg",0,1,"2024-10-04 05:17:01","2024-10-04 05:37:45",5.28361111111111,"0:20:44",20.7333333333333,0,1,1,0,0,2,0,NA
"2829",2829,2829,"aepyceros","melampus","impala",4,9,"S2","control","S2T11","egg",0,1,"2024-10-04 06:30:36","2024-10-04 06:47:52",6.51,"0:17:16",17.2666666666667,1,1,1,0,0,2,0,NA
"2830",2830,2830,"herpestes","sanguineus","slender_mongoose",1,9,"S2","control","S2T11","salt",0,1,"2024-10-04 16:00:12","2024-10-04 16:05:14",16.0033333333333,"0:05:02",5.03333333333333,1,1,1,0,0,2,0,NA
"2831",2831,2831,"aepyceros","melampus","impala",1,9,"S2","control","S2T11","salt",1,1,"2024-10-04 16:36:55","2024-10-04 16:49:07",16.6152777777778,"0:12:12",12.2,1,1,1,1,1,4,1,NA
"2832",2832,2832,"crocuta","crocuta","spotted_hyena",1,9,"S2","control","S2T11","salt",0,1,"2024-10-04 16:50:30","2024-10-04 16:50:32",16.8416666666667,"0:00:02",0.0333333333333333,1,1,1,0,0,2,0,NA
"2833",2833,2833,"aepyceros","melampus","impala",1,9,"S2","control","S2T11","salt",1,1,"2024-10-04 18:55:11","2024-10-04 19:16:53",18.9197222222222,"0:21:42",21.7,0,1,1,1,1,4,1,NA
"2834",2834,2834,"lepus","lspp","hare",1,9,"S2","control","S2T11","salt",0,1,"2024-10-04 21:08:26","2024-10-04 21:22:16",21.1405555555556,"0:13:50",13.8333333333333,0,1,1,0,0,2,0,NA
"2835",2835,2835,"madoqua","guentheri","gunthers_dik_dik",1,9,"S2","control","S2T11","salt",1,1,"2024-10-05 00:10:33","2024-10-05 00:15:21",0.175833333333333,"0:04:48",4.8,0,1,1,1,0,4,0,NA
"2836",2836,2836,"ichneumia","albicauda","white_tailed_mongoose",1,9,"S2","control","S2T11","salt",0,1,"2024-10-05 01:13:12","2024-10-05 01:13:14",1.22,"0:00:02",0.0333333333333333,0,1,1,0,0,2,0,NA
"2837",2837,2837,"ichneumia","albicauda","white_tailed_mongoose",1,9,"S2","control","S2T11","salt",0,1,"2024-10-05 01:33:28","2024-10-05 01:34:51",1.55777777777778,"0:01:23",1.38333333333333,0,1,1,1,0,4,0,NA
"2838",2838,2838,"aepyceros","melampus","impala",1,9,"S2","control","S2T11","salt",1,1,"2024-10-05 02:22:59","2024-10-05 02:33:52",2.38305555555556,"0:10:53",10.8833333333333,0,1,1,1,1,4,1,NA
"2839",2839,2839,"aepyceros","melampus","impala",1,9,"S2","control","S2T11","salt",1,1,"2024-10-05 05:27:33","2024-10-05 05:38:10",5.45916666666667,"0:10:37",10.6166666666667,0,1,1,1,1,4,1,NA
"2840",2840,2840,"aepyceros","melampus","impala",1,9,"S2","control","S2T11","salt",1,1,"2024-10-05 08:42:10","2024-10-05 09:11:25",8.70277777777778,"0:29:15",29.25,1,1,1,1,1,4,1,NA
"2841",2841,2841,"aepyceros","melampus","impala",1,9,"S2","control","S2T11","salt",1,1,"2024-10-05 15:20:43","2024-10-05 15:20:44",15.3452777777778,"0:00:01",0.0166666666666667,1,1,1,1,1,4,1,NA
"2842",2842,2842,"aepyceros","melampus","impala",1,9,"S2","control","S2T11","salt",1,1,"2024-10-05 15:41:10","2024-10-05 15:41:12",15.6861111111111,"0:00:02",0.0333333333333333,1,1,1,1,1,4,1,NA
"2843",2843,2843,"madoqua","guentheri","gunthers_dik_dik",1,9,"S2","control","S2T11","salt",1,1,"2024-10-05 15:51:19","2024-10-05 15:54:19",15.8552777777778,"0:03:00",3,1,1,1,1,1,4,1,NA
"2844",2844,2844,"aepyceros","melampus","impala",1,9,"S2","control","S2T11","salt",1,1,"2024-10-05 18:35:32","2024-10-05 18:47:07",18.5922222222222,"0:11:35",11.5833333333333,0,1,1,1,1,4,1,NA
"2845",2845,2845,"crocuta","crocuta","spotted_hyena",1,9,"S2","control","S2T11","salt",0,1,"2024-10-05 19:49:36","2024-10-05 19:49:37",19.8266666666667,"0:00:01",0.0166666666666667,0,1,1,1,0,3,0,NA
"2846",2846,2846,"loxodonta","africana","african_elephant",1,9,"S2","control","S2T11","salt",1,1,"2024-10-05 20:39:07","2024-10-05 20:42:19",20.6519444444444,"0:03:12",3.2,0,1,1,0,0,2,0,NA
"2847",2847,2847,"aepyceros","melampus","impala",1,9,"S2","control","S2T11","salt",1,1,"2024-10-06 05:58:42","2024-10-06 05:58:43",5.97833333333333,"0:00:01",0.0166666666666667,0,1,1,0,0,2,0,NA
"2848",2848,2848,"madoqua","guentheri","gunthers_dik_dik",1,9,"S2","control","S2T11","salt",1,1,"2024-10-06 06:54:43","2024-10-06 06:54:45",6.91194444444444,"0:00:02",0.0333333333333333,1,1,1,0,0,2,0,NA
"2849",2849,2849,"madoqua","guentheri","gunthers_dik_dik",2,9,"S2","control","S2T11","salt",1,1,"2024-10-06 10:17:55","2024-10-06 10:25:33",10.2986111111111,"0:07:38",7.63333333333333,1,1,1,1,1,4,1,NA
"2850",2850,2850,"equus","grevyi","grevys_zebra",1,9,"S2","control","S2T12","millet",0,1,"2024-09-30 10:19:50","2024-09-30 10:27:20",10.3305555555556,"0:07:30",7.5,1,1,1,0,0,2,0,NA
"2851",2851,2851,"madoqua","guentheri","gunthers_dik_dik",3,9,"S2","control","S2T12","millet",0,1,"2024-09-30 11:05:01","2024-09-30 11:13:12",11.0836111111111,"0:08:11",8.18333333333333,1,1,1,0,0,2,0,NA
"2852",2852,2852,"madoqua","guentheri","gunthers_dik_dik",1,9,"S2","control","S2T12","millet",0,1,"2024-09-30 12:55:11","2024-09-30 12:55:37",12.9197222222222,"0:00:26",0.433333333333333,1,1,1,0,0,2,0,NA
"2853",2853,2853,"madoqua","guentheri","gunthers_dik_dik",1,9,"S2","control","S2T12","millet",0,1,"2024-09-30 13:22:50","2024-09-30 13:23:02",13.3805555555556,"0:00:12",0.2,1,1,1,0,0,2,0,NA
"2854",2854,2854,"madoqua","guentheri","gunthers_dik_dik",1,9,"S2","control","S2T12","millet",0,1,"2024-09-30 13:52:54","2024-09-30 13:53:22",13.8816666666667,"0:00:28",0.466666666666667,1,1,1,0,0,2,0,NA
"2855",2855,2855,"madoqua","guentheri","gunthers_dik_dik",1,9,"S2","control","S2T12","millet",0,1,"2024-09-30 17:18:47","2024-09-30 17:20:30",17.3130555555556,"0:01:43",1.71666666666667,1,1,1,0,0,2,0,NA
"2856",2856,2856,"madoqua","guentheri","gunthers_dik_dik",2,9,"S2","control","S2T12","millet",0,1,"2024-09-30 17:41:54","2024-09-30 17:42:24",17.6983333333333,"0:00:30",0.5,1,1,1,0,0,2,0,NA
"2857",2857,2857,"madoqua","guentheri","gunthers_dik_dik",3,9,"S2","control","S2T12","millet",0,1,"2024-09-30 18:33:53","2024-09-30 18:34:19",18.5647222222222,"0:00:26",0.433333333333333,0,1,1,0,0,2,0,NA
"2858",2858,2858,"crocuta","crocuta","spotted_hyena",2,9,"S2","control","S2T12","millet",0,1,"2024-09-30 19:03:23","2024-09-30 19:03:53",19.0563888888889,"0:00:30",0.5,0,1,1,0,0,2,0,NA
"2859",2859,2859,"hyaena","hyaena","striped_hyena",1,9,"S2","control","S2T12","millet",0,1,"2024-09-30 19:24:02","2024-09-30 19:24:08",19.4005555555556,"0:00:06",0.1,0,1,1,0,0,2,0,NA
"2860",2860,2860,"genetta","gspp","genets",1,9,"S2","control","S2T12","millet",0,1,"2024-10-01 00:17:04","2024-10-01 00:17:10",0.284444444444444,"0:00:06",0.1,0,1,1,0,0,2,0,NA
"2861",2861,2861,"madoqua","guentheri","gunthers_dik_dik",2,9,"S2","control","S2T12","millet",0,1,"2024-10-01 05:52:55","2024-10-01 05:53:42",5.88194444444444,"0:00:47",0.783333333333333,0,1,1,0,0,2,0,NA
"2862",2862,2862,"equus","grevyi","grevys_zebra",1,9,"S2","control","S2T12","millet",0,1,"2024-10-01 10:01:42","2024-10-01 10:02:01",10.0283333333333,"0:00:19",0.316666666666667,1,1,1,0,0,2,0,NA
"2863",2863,2863,"madoqua","guentheri","gunthers_dik_dik",2,9,"S2","control","S2T12","millet",0,1,"2024-10-01 11:02:44","2024-10-01 11:04:01",11.0455555555556,"0:01:17",1.28333333333333,1,1,1,0,0,2,0,NA
"2864",2864,2864,"madoqua","guentheri","gunthers_dik_dik",1,9,"S2","control","S2T12","millet",0,1,"2024-10-01 15:22:52","2024-10-01 15:23:04",15.3811111111111,"0:00:12",0.2,1,1,1,0,0,2,0,NA
"2865",2865,2865,"aepyceros","melampus","impala",12,9,"S2","control","S2T12","millet",0,1,"2024-10-01 17:13:25","2024-10-01 17:15:27",17.2236111111111,"0:02:02",2.03333333333333,1,1,1,0,0,2,0,NA
"2866",2866,2866,"madoqua","guentheri","gunthers_dik_dik",2,9,"S2","control","S2T12","millet",0,1,"2024-10-01 18:30:56","2024-10-01 18:32:26",18.5155555555556,"0:01:30",1.5,1,1,1,0,0,2,0,NA
"2867",2867,2867,"madoqua","guentheri","gunthers_dik_dik",1,9,"S2","control","S2T12","millet",0,1,"2024-10-01 23:45:42","2024-10-01 23:45:52",23.7616666666667,"0:00:10",0.166666666666667,0,1,1,0,0,2,0,NA
"2868",2868,2868,"madoqua","guentheri","gunthers_dik_dik",1,9,"S2","control","S2T12","millet",0,1,"2024-10-02 05:47:45","2024-10-02 05:48:44",5.79583333333333,"0:00:59",0.983333333333333,0,1,1,0,0,2,0,NA
"2869",2869,2869,"aepyceros","melampus","impala",3,9,"S2","control","S2T12","millet",0,1,"2024-10-02 07:34:07","2024-10-02 07:35:39",7.56861111111111,"0:01:32",1.53333333333333,1,1,1,0,0,2,0,NA
"2870",2870,2870,"aepyceros","melampus","impala",12,9,"S2","control","S2T12","egg",0,1,"2024-10-02 17:17:01","2024-10-02 17:49:50",17.2836111111111,"0:32:49",32.8166666666667,1,1,1,1,0,3,0,NA
"2871",2871,2871,"aepyceros","melampus","impala",8,9,"S2","control","S2T12","egg",0,1,"2024-10-02 18:30:01","2024-10-02 18:39:20",18.5002777777778,"0:09:19",9.31666666666667,1,1,1,1,0,3,0,NA
"2872",2872,2872,"ichneumia","albicauda","white_tailed_mongoose",1,9,"S2","control","S2T12","egg",1,1,"2024-10-02 21:47:56","2024-10-02 21:58:04",21.7988888888889,"0:10:08",10.1333333333333,0,1,1,1,1,4,1,NA
"2873",2873,2873,"crocuta","crocuta","spotted_hyena",1,9,"S2","control","S2T12","egg",1,1,"2024-10-03 01:17:45","2024-10-03 01:39:46",1.29583333333333,"0:22:01",22.0166666666667,0,1,1,1,1,4,1,NA
"2874",2874,2874,"ichneumia","albicauda","white_tailed_mongoose",1,9,"S2","control","S2T12","egg",1,1,"2024-10-03 05:20:26","2024-10-03 05:20:53",5.34055555555556,"0:00:27",0.45,0,1,1,1,0,4,0,NA
"2875",2875,2875,"crocuta","crocuta","spotted_hyena",1,9,"S2","control","S2T12","egg",1,1,"2024-10-03 06:35:28","2024-10-03 06:35:57",6.59111111111111,"0:00:29",0.483333333333333,1,1,1,1,0,4,0,NA
"2876",2876,2876,"madoqua","guentheri","gunthers_dik_dik",2,9,"S2","control","S2T12","egg",0,1,"2024-10-03 08:56:40","2024-10-03 09:21:02",8.94444444444444,"0:24:22",24.3666666666667,1,1,1,0,0,2,0,NA
"2877",2877,2877,"aepyceros","melampus","impala",1,9,"S2","control","S2T12","egg",0,1,"2024-10-03 14:59:33","2024-10-03 15:00:42",14.9925,"0:01:09",1.15,1,1,1,0,0,2,0,NA
"2878",2878,2878,"madoqua","guentheri","gunthers_dik_dik",3,9,"S2","control","S2T12","egg",0,1,"2024-10-03 15:55:33","2024-10-03 15:56:14",15.9258333333333,"0:00:41",0.683333333333333,1,1,1,0,0,2,0,NA
"2879",2879,2879,"aepyceros","melampus","impala",7,9,"S2","control","S2T12","egg",0,1,"2024-10-03 18:00:02","2024-10-03 18:21:37",18.0005555555556,"0:21:35",21.5833333333333,1,1,1,1,0,3,0,NA
"2880",2880,2880,"madoqua","guentheri","gunthers_dik_dik",2,9,"S2","control","S2T12","egg",0,1,"2024-10-03 18:34:56","2024-10-03 18:35:03",18.5822222222222,"0:00:07",0.116666666666667,1,1,1,1,0,3,0,NA
"2881",2881,2881,"loxodonta","africana","african_elephant",2,9,"S2","control","S2T12","egg",0,1,"2024-10-03 20:01:12","2024-10-03 20:09:39",20.02,"0:08:27",8.45,0,1,1,1,0,3,0,NA
"2882",2882,2882,"crocuta","crocuta","spotted_hyena",1,9,"S2","control","S2T12","egg",1,1,"2024-10-03 21:02:46","2024-10-03 21:03:24",21.0461111111111,"0:00:38",0.633333333333333,0,1,1,0,0,2,0,NA
"2883",2883,2883,"aepyceros","melampus","impala",7,9,"S2","control","S2T12","egg",0,1,"2024-10-04 08:54:17","2024-10-04 10:16:11",8.90472222222222,"1:21:54",81.9,1,1,1,0,0,2,0,NA
"2884",2884,2884,"aepyceros","melampus","impala",2,9,"S2","control","S2T12","salt",1,1,"2024-10-04 10:57:18","2024-10-04 11:04:02",10.955,"0:06:44",6.73333333333333,1,1,1,1,1,4,1,NA
"2885",2885,2885,"equus","grevyi","grevys_zebra",1,9,"S2","control","S2T12","salt",1,1,"2024-10-04 11:25:06","2024-10-04 11:51:29",11.4183333333333,"0:26:23",26.3833333333333,1,1,1,1,1,4,1,NA
"2886",2886,2886,"madoqua","guentheri","gunthers_dik_dik",3,9,"S2","control","S2T12","salt",1,1,"2024-10-04 18:44:52","2024-10-04 18:44:54",18.7477777777778,"0:00:02",0.0333333333333333,0,1,1,1,1,4,1,NA
"2887",2887,2887,"crocuta","crocuta","spotted_hyena",1,9,"S2","control","S2T12","salt",0,1,"2024-10-04 21:17:34","2024-10-04 21:17:35",21.2927777777778,"0:00:01",0.0166666666666667,0,1,1,1,1,4,1,NA
"2888",2888,2888,"equus","grevyi","grevys_zebra",1,9,"S2","control","S2T12","salt",1,1,"2024-10-05 01:09:04","2024-10-05 01:09:46",1.15111111111111,"0:00:42",0.7,0,1,1,0,0,2,0,NA
"2889",2889,2889,"loxodonta","africana","african_elephant",2,9,"S2","control","S2T12","salt",1,1,"2024-10-05 18:43:30","2024-10-05 18:53:44",18.725,"0:10:14",10.2333333333333,0,1,1,0,0,2,0,NA
"2890",2890,2890,"madoqua","guentheri","gunthers_dik_dik",1,9,"S2","control","S2T12","salt",1,1,"2024-10-06 00:33:15","2024-10-06 00:33:17",0.554166666666667,"0:00:02",0.0333333333333333,0,1,1,1,0,4,0,NA
"2891",2891,2891,"equus","grevyi","grevys_zebra",1,9,"S2","control","S2T12","salt",1,1,"2024-10-06 06:38:24","2024-10-06 06:48:58",6.64,"0:10:34",10.5666666666667,0,1,1,1,0,4,0,NA
"2892",2892,2892,"equus","grevyi","grevys_zebra",1,9,"S2","control","S2T12","salt",1,1,"2024-10-06 08:13:02","2024-10-06 08:23:26",8.21722222222222,"0:10:24",10.4,0,1,1,1,0,4,0,NA
